Timestamp,SampleIndex,ProcessName,PID,Responding,WorkingSet_MB,PrivateBytes_MB,VirtualMemory_MB,Handles,Threads,HWND_Count,CPU_Time_Sec
2026-09-06T04:00:56Z,1,CloudOS,17500,True,74.45,30.03,57751.42,790,14,0,56.38
2026-09-06T04:00:56Z,1,CloudOS.Supervisor,23280,True,6.86,1.38,4187.85,83,1,0,1.47
2026-09-06T04:00:56Z,1,CloudOS.SystemBroker,20956,True,16.32,3.29,4222.96,246,5,0,45.33
2026-09-06T04:00:56Z,1,cloudos_flutter_shell,10800,True,223.61,1051.54,59783.53,588,53,0,114.16
2026-09-06T04:00:56Z,1,msedgewebview2,2436,True,131.49,41.65,2303475.38,1435,52,0,4.41
2026-09-06T04:00:56Z,1,msedgewebview2,15152,True,12.24,2.99,2203900.73,179,8,0,0.16
2026-09-06T04:00:56Z,1,msedgewebview2,5520,True,99.07,139.8,2254183.6,712,33,0,1.97
2026-09-06T04:00:56Z,1,msedgewebview2,7436,True,44.24,14.2,2253643.63,375,21,0,1.3
2026-09-06T04:00:56Z,1,msedgewebview2,6164,True,20.39,9.36,2253431.09,186,10,0,0.16
2026-09-06T04:00:56Z,1,msedgewebview2,14668,True,102.5,49.22,3698902.14,338,28,0,0.83
2026-09-06T04:01:57Z,2,CloudOS,17500,True,74.43,30,57750.42,788,13,0,56.58
2026-09-06T04:01:57Z,2,CloudOS.Supervisor,23280,True,6.86,1.38,4187.85,83,1,0,1.48
2026-09-06T04:01:57Z,2,CloudOS.SystemBroker,20956,True,16.32,3.29,4222.96,246,5,0,45.55
2026-09-06T04:01:57Z,2,cloudos_flutter_shell,10800,True,223.61,1051.54,59783.53,588,53,0,114.53
2026-09-06T04:01:57Z,2,msedgewebview2,2436,True,131.51,41.7,2303491.38,1435,53,0,4.42
2026-09-06T04:01:57Z,2,msedgewebview2,15152,True,12.23,2.98,2203900.73,179,8,0,0.16
2026-09-06T04:01:57Z,2,msedgewebview2,5520,True,99.07,139.8,2254183.6,712,33,0,1.97
2026-09-06T04:01:57Z,2,msedgewebview2,7436,True,44.24,14.19,2253643.63,375,21,0,1.3
2026-09-06T04:01:57Z,2,msedgewebview2,6164,True,20.34,9.3,2253431.09,186,10,0,0.16
2026-09-06T04:01:57Z,2,msedgewebview2,14668,True,102.48,49.21,3698902.14,338,28,0,0.83
2026-09-06T04:02:57Z,3,CloudOS,17500,True,74.45,30.03,57751.42,790,14,0,56.89
2026-09-06T04:02:57Z,3,CloudOS.Supervisor,23280,True,6.86,1.38,4187.85,83,1,0,1.48
2026-09-06T04:02:57Z,3,CloudOS.SystemBroker,20956,True,16.32,3.29,4222.96,246,5,0,45.64
2026-09-06T04:02:57Z,3,cloudos_flutter_shell,10800,True,223.61,1051.54,59783.53,588,53,0,114.83
2026-09-06T04:02:57Z,3,msedgewebview2,2436,True,131.78,41.99,2303507.38,1437,54,0,4.42
2026-09-06T04:02:57Z,3,msedgewebview2,15152,True,12.23,2.98,2203900.73,179,8,0,0.16
2026-09-06T04:02:57Z,3,msedgewebview2,5520,True,99.07,139.8,2254183.6,712,33,0,1.97
2026-09-06T04:02:57Z,3,msedgewebview2,7436,True,44.28,14.28,2253675.63,377,23,0,1.3
2026-09-06T04:02:57Z,3,msedgewebview2,6164,True,20.34,9.3,2253431.09,186,10,0,0.16
2026-09-06T04:02:57Z,3,msedgewebview2,14668,True,102.65,49.61,3698918.14,338,30,0,0.83
2026-09-06T04:03:57Z,4,CloudOS,17500,True,74.3,30.03,57751.42,790,14,0,57.05
2026-09-06T04:03:57Z,4,CloudOS.Supervisor,23280,True,6.86,1.38,4187.85,83,1,0,1.5
2026-09-06T04:03:57Z,4,CloudOS.SystemBroker,20956,True,16.32,3.29,4222.96,246,5,0,45.89
2026-09-06T04:03:57Z,4,cloudos_flutter_shell,10800,True,221.5,1053.05,59785.03,589,54,0,115.14
2026-09-06T04:03:57Z,4,msedgewebview2,2436,True,131.29,41.63,2303507.38,1437,54,0,4.42
2026-09-06T04:03:57Z,4,msedgewebview2,15152,True,12.23,2.98,2203900.73,179,8,0,0.16
2026-09-06T04:03:57Z,4,msedgewebview2,5520,True,98.27,139.8,2254183.6,712,33,0,1.97
2026-09-06T04:03:57Z,4,msedgewebview2,7436,True,44.25,14.28,2253675.63,377,23,0,1.3
2026-09-06T04:03:57Z,4,msedgewebview2,6164,True,20.34,9.3,2253431.09,186,10,0,0.16
2026-09-06T04:03:57Z,4,msedgewebview2,14668,True,99.32,49.49,3698902.14,338,28,0,0.83
2026-09-06T04:04:57Z,5,CloudOS,17500,True,74.3,30.03,57751.42,790,14,0,57.31
2026-09-06T04:04:57Z,5,CloudOS.Supervisor,23280,True,6.86,1.38,4187.85,83,1,0,1.5
2026-09-06T04:04:57Z,5,CloudOS.SystemBroker,20956,True,16.32,3.29,4222.96,246,5,0,46.06
2026-09-06T04:04:57Z,5,cloudos_flutter_shell,10800,True,221.8,1052.04,59784.03,588,53,0,115.31
2026-09-06T04:04:57Z,5,msedgewebview2,2436,True,131.29,41.63,2303507.38,1437,54,0,4.42
2026-09-06T04:04:57Z,5,msedgewebview2,15152,True,12.23,2.98,2203900.73,179,8,0,0.16
2026-09-06T04:04:57Z,5,msedgewebview2,5520,True,98.27,139.8,2254183.6,712,33,0,1.98
2026-09-06T04:04:57Z,5,msedgewebview2,7436,True,44.26,14.28,2253675.63,377,23,0,1.3
2026-09-06T04:04:57Z,5,msedgewebview2,6164,True,20.34,9.3,2253431.09,186,10,0,0.16
2026-09-06T04:04:57Z,5,msedgewebview2,14668,True,99.31,49.48,3698902.14,338,28,0,0.83
2026-09-06T04:05:57Z,6,CloudOS,17500,True,74.31,30.03,57751.42,790,14,0,57.48
2026-09-06T04:05:57Z,6,CloudOS.Supervisor,23280,True,6.86,1.38,4187.85,83,1,0,1.5
2026-09-06T04:05:57Z,6,CloudOS.SystemBroker,20956,True,16.32,3.29,4222.96,246,5,0,46.23
2026-09-06T04:05:57Z,6,cloudos_flutter_shell,10800,True,221.8,1052.04,59784.03,588,53,0,115.59
2026-09-06T04:05:57Z,6,msedgewebview2,2436,True,131.29,41.63,2303507.38,1437,54,0,4.42
2026-09-06T04:05:57Z,6,msedgewebview2,15152,True,12.23,2.98,2203900.73,179,8,0,0.16
2026-09-06T04:05:57Z,6,msedgewebview2,5520,True,98.27,139.8,2254183.6,712,33,0,1.98
2026-09-06T04:05:57Z,6,msedgewebview2,7436,True,44.26,14.28,2253675.63,377,23,0,1.3
2026-09-06T04:05:57Z,6,msedgewebview2,6164,True,20.34,9.3,2253431.09,186,10,0,0.16
2026-09-06T04:05:57Z,6,msedgewebview2,14668,True,99.31,49.48,3698902.14,338,28,0,0.83
2026-09-06T04:06:57Z,7,CloudOS,17500,True,74.31,30.03,57751.42,788,14,0,57.75
2026-09-06T04:06:57Z,7,CloudOS.Supervisor,23280,True,6.86,1.38,4187.85,83,1,0,1.5
2026-09-06T04:06:57Z,7,CloudOS.SystemBroker,20956,True,16.32,3.29,4222.96,246,5,0,46.48
2026-09-06T04:06:57Z,7,cloudos_flutter_shell,10800,True,221.73,1052.03,59783.92,584,53,0,115.92
2026-09-06T04:06:57Z,7,msedgewebview2,2436,True,131.27,41.58,2303491.38,1435,53,0,4.42
2026-09-06T04:06:57Z,7,msedgewebview2,15152,True,12.23,2.98,2203900.73,179,8,0,0.16
2026-09-06T04:06:57Z,7,msedgewebview2,5520,True,98.27,139.8,2254183.6,712,33,0,1.98
2026-09-06T04:06:57Z,7,msedgewebview2,7436,True,44.23,14.2,2253643.63,375,21,0,1.3
2026-09-06T04:06:57Z,7,msedgewebview2,6164,True,20.34,9.3,2253431.09,186,10,0,0.16
2026-09-06T04:06:57Z,7,msedgewebview2,14668,True,99.31,49.48,3698902.14,338,28,0,0.83
2026-09-06T04:07:57Z,8,CloudOS,17500,True,74.31,30.03,57751.42,790,14,0,57.91
2026-09-06T04:07:57Z,8,CloudOS.Supervisor,23280,True,6.86,1.38,4187.85,83,1,0,1.52
2026-09-06T04:07:57Z,8,CloudOS.SystemBroker,20956,True,16.32,3.29,4222.96,246,5,0,46.66
2026-09-06T04:07:57Z,8,cloudos_flutter_shell,10800,True,221.98,1052.3,59783.92,584,53,0,116.22
2026-09-06T04:07:57Z,8,msedgewebview2,2436,True,131.5,41.82,2303491.38,1435,53,0,4.42
2026-09-06T04:07:57Z,8,msedgewebview2,15152,True,12.23,2.98,2203900.73,179,8,0,0.16
2026-09-06T04:07:57Z,8,msedgewebview2,5520,True,98.29,139.8,2254183.6,712,33,0,1.98
2026-09-06T04:07:57Z,8,msedgewebview2,7436,True,44.23,14.2,2253643.63,375,21,0,1.3
2026-09-06T04:07:57Z,8,msedgewebview2,6164,True,20.34,9.3,2253431.09,186,10,0,0.16
2026-09-06T04:07:57Z,8,msedgewebview2,14668,True,99.32,49.48,3698902.14,338,28,0,0.83
2026-09-06T04:08:58Z,9,CloudOS,17500,True,74.31,30.03,57751.42,788,14,0,58.12
2026-09-06T04:08:58Z,9,CloudOS.Supervisor,23280,True,6.86,1.38,4187.85,83,1,0,1.53
2026-09-06T04:08:58Z,9,CloudOS.SystemBroker,20956,True,16.34,3.29,4222.96,247,5,0,46.73
2026-09-06T04:08:58Z,9,cloudos_flutter_shell,10800,True,222,1052.3,59783.92,584,53,0,116.38
2026-09-06T04:08:58Z,9,msedgewebview2,2436,True,131.25,41.54,2303475.38,1435,52,0,4.42
2026-09-06T04:08:58Z,9,msedgewebview2,15152,True,12.23,2.98,2203900.73,179,8,0,0.16
2026-09-06T04:08:58Z,9,msedgewebview2,5520,True,98.29,139.8,2254183.6,712,33,0,1.98
2026-09-06T04:08:58Z,9,msedgewebview2,7436,True,44.22,14.19,2253643.63,375,21,0,1.3
2026-09-06T04:08:58Z,9,msedgewebview2,6164,True,20.34,9.3,2253431.09,186,10,0,0.17
2026-09-06T04:08:58Z,9,msedgewebview2,14668,True,99.32,49.48,3698902.14,338,28,0,0.83
2026-09-06T04:09:58Z,10,CloudOS,17500,True,74.31,30.03,57751.42,790,14,0,58.36
2026-09-06T04:09:58Z,10,CloudOS.Supervisor,23280,True,6.86,1.38,4187.85,83,1,0,1.55
2026-09-06T04:09:58Z,10,CloudOS.SystemBroker,20956,True,16.34,3.29,4222.96,247,5,0,47.03
2026-09-06T04:09:58Z,10,cloudos_flutter_shell,10800,True,222,1052.3,59783.92,584,53,0,116.61
2026-09-06T04:09:58Z,10,msedgewebview2,2436,True,131.25,41.54,2303475.38,1435,52,0,4.42
2026-09-06T04:09:58Z,10,msedgewebview2,15152,True,12.23,2.98,2203900.73,179,8,0,0.16
2026-09-06T04:09:58Z,10,msedgewebview2,5520,True,98.29,139.8,2254183.6,712,33,0,1.98
2026-09-06T04:09:58Z,10,msedgewebview2,7436,True,44.23,14.2,2253643.63,375,21,0,1.3
2026-09-06T04:09:58Z,10,msedgewebview2,6164,True,20.34,9.3,2253431.09,186,10,0,0.17
2026-09-06T04:09:58Z,10,msedgewebview2,14668,True,99.32,49.49,3698902.14,338,28,0,0.83
2026-09-06T04:10:58Z,11,CloudOS,17500,True,74.31,30,57750.42,788,13,0,58.48
2026-09-06T04:10:58Z,11,CloudOS.Supervisor,23280,True,6.86,1.38,4187.85,83,1,0,1.55
2026-09-06T04:10:58Z,11,CloudOS.SystemBroker,20956,True,16.34,3.29,4222.96,247,5,0,47.16
2026-09-06T04:10:58Z,11,cloudos_flutter_shell,10800,True,222,1052.3,59783.92,584,53,0,117
2026-09-06T04:10:58Z,11,msedgewebview2,2436,True,131.25,41.54,2303475.38,1435,52,0,4.42
2026-09-06T04:10:58Z,11,msedgewebview2,15152,True,12.23,2.98,2203900.73,179,8,0,0.16
2026-09-06T04:10:58Z,11,msedgewebview2,5520,True,98.27,139.78,2254183.6,712,33,0,1.98
2026-09-06T04:10:58Z,11,msedgewebview2,7436,True,44.22,14.19,2253643.63,375,21,0,1.3
2026-09-06T04:10:58Z,11,msedgewebview2,6164,True,20.34,9.3,2253431.09,186,10,0,0.17
2026-09-06T04:10:58Z,11,msedgewebview2,14668,True,99.32,49.48,3698902.14,338,28,0,0.83
2026-09-06T04:11:58Z,12,CloudOS,17500,True,74.32,30.03,57751.42,790,14,0,58.88
2026-09-06T04:11:58Z,12,CloudOS.Supervisor,23280,True,6.86,1.38,4187.85,83,1,0,1.55
2026-09-06T04:11:58Z,12,CloudOS.SystemBroker,20956,True,16.34,3.29,4222.96,247,5,0,47.45
2026-09-06T04:11:58Z,12,cloudos_flutter_shell,10800,True,222,1052.3,59783.92,584,53,0,117.36
2026-09-06T04:11:58Z,12,msedgewebview2,2436,True,131.32,41.66,2303507.38,1438,54,0,4.44
2026-09-06T04:11:58Z,12,msedgewebview2,15152,True,12.24,2.99,2203900.73,179,8,0,0.16
2026-09-06T04:11:58Z,12,msedgewebview2,5520,True,98.27,139.78,2254183.6,712,33,0,1.98
2026-09-06T04:11:58Z,12,msedgewebview2,7436,True,44.22,14.19,2253643.63,375,21,0,1.3
2026-09-06T04:11:58Z,12,msedgewebview2,6164,True,20.34,9.3,2253431.09,186,10,0,0.17
2026-09-06T04:11:58Z,12,msedgewebview2,14668,True,99.32,49.48,3698902.14,338,28,0,0.83
2026-09-06T04:12:58Z,13,CloudOS,17500,True,74.32,30.03,57750.42,788,13,0,59.19
2026-09-06T04:12:58Z,13,CloudOS.Supervisor,23280,True,6.86,1.38,4187.85,83,1,0,1.55
2026-09-06T04:12:58Z,13,CloudOS.SystemBroker,20956,True,16.36,3.33,4222.96,247,5,0,47.61
2026-09-06T04:12:58Z,13,cloudos_flutter_shell,10800,True,222,1052.3,59783.92,584,53,0,117.58
2026-09-06T04:12:58Z,13,msedgewebview2,2436,True,131.3,41.63,2303507.38,1437,54,0,4.44
2026-09-06T04:12:58Z,13,msedgewebview2,15152,True,12.23,2.98,2203900.73,179,8,0,0.16
2026-09-06T04:12:58Z,13,msedgewebview2,5520,True,98.27,139.78,2254183.6,712,33,0,1.98
2026-09-06T04:12:58Z,13,msedgewebview2,7436,True,44.22,14.19,2253643.63,375,21,0,1.3
2026-09-06T04:12:58Z,13,msedgewebview2,6164,True,20.34,9.3,2253431.09,186,10,0,0.17
2026-09-06T04:12:58Z,13,msedgewebview2,14668,True,99.32,49.48,3698902.14,338,28,0,0.83
2026-09-06T04:13:58Z,14,CloudOS,17500,True,74.33,30.05,57751.42,790,14,0,59.48
2026-09-06T04:13:58Z,14,CloudOS.Supervisor,23280,True,6.86,1.38,4187.85,83,1,0,1.55
2026-09-06T04:13:58Z,14,CloudOS.SystemBroker,20956,True,16.36,3.33,4222.96,247,5,0,47.86
2026-09-06T04:13:58Z,14,cloudos_flutter_shell,10800,True,222,1052.3,59783.92,584,53,0,117.89
2026-09-06T04:13:58Z,14,msedgewebview2,2436,True,131.32,41.64,2303491.38,1439,53,0,4.45
2026-09-06T04:13:58Z,14,msedgewebview2,15152,True,12.24,2.99,2203900.73,179,8,0,0.16
2026-09-06T04:13:58Z,14,msedgewebview2,5520,True,98.27,139.78,2254183.6,712,33,0,1.98
2026-09-06T04:13:58Z,14,msedgewebview2,7436,True,44.31,14.28,2253643.63,377,21,0,1.3
2026-09-06T04:13:58Z,14,msedgewebview2,6164,True,20.34,9.3,2253431.09,186,10,0,0.17
2026-09-06T04:13:58Z,14,msedgewebview2,14668,True,99.32,49.48,3698902.14,338,28,0,0.83
2026-09-06T04:14:59Z,15,CloudOS,17500,True,74.34,30.05,57751.42,790,14,0,59.66
2026-09-06T04:14:59Z,15,CloudOS.Supervisor,23280,True,6.86,1.38,4187.85,83,1,0,1.55
2026-09-06T04:14:59Z,15,CloudOS.SystemBroker,20956,True,16.39,3.37,4223.96,249,6,0,48.47
2026-09-06T04:14:59Z,15,cloudos_flutter_shell,10800,True,222,1052.3,59783.92,584,53,0,118.23
2026-09-06T04:14:59Z,15,msedgewebview2,2436,True,131.3,41.63,2303507.38,1439,54,0,4.45
2026-09-06T04:14:59Z,15,msedgewebview2,15152,True,12.24,2.99,2203900.73,179,8,0,0.16
2026-09-06T04:14:59Z,15,msedgewebview2,5520,True,98.27,139.78,2254183.6,712,33,0,1.98
2026-09-06T04:14:59Z,15,msedgewebview2,7436,True,44.26,14.28,2253675.63,379,23,0,1.3
2026-09-06T04:14:59Z,15,msedgewebview2,6164,True,20.34,9.3,2253431.09,186,10,0,0.17
2026-09-06T04:14:59Z,15,msedgewebview2,14668,True,99.32,49.48,3698902.14,338,28,0,0.83
2026-09-06T04:15:59Z,16,CloudOS,17500,True,74.33,30.05,57751.42,788,14,0,59.88
2026-09-06T04:15:59Z,16,CloudOS.Supervisor,23280,True,6.86,1.38,4187.85,83,1,0,1.56
2026-09-06T04:15:59Z,16,CloudOS.SystemBroker,20956,True,16.44,3.4,4223.96,249,6,0,48.75
2026-09-06T04:15:59Z,16,cloudos_flutter_shell,10800,True,222,1052.29,59783.92,584,53,0,118.55
2026-09-06T04:15:59Z,16,msedgewebview2,2436,True,131.28,41.59,2303491.38,1437,53,0,4.45
2026-09-06T04:15:59Z,16,msedgewebview2,15152,True,12.23,2.98,2203900.73,179,8,0,0.16
2026-09-06T04:15:59Z,16,msedgewebview2,5520,True,98.27,139.78,2254183.6,712,33,0,1.98
2026-09-06T04:15:59Z,16,msedgewebview2,7436,True,44.24,14.23,2253659.63,377,22,0,1.3
2026-09-06T04:15:59Z,16,msedgewebview2,6164,True,20.34,9.3,2253431.09,186,10,0,0.17
2026-09-06T04:15:59Z,16,msedgewebview2,14668,True,99.32,49.48,3698902.14,338,28,0,0.83
2026-09-06T04:16:59Z,17,CloudOS,17500,True,74.33,30.05,57751.42,790,14,0,60.11
2026-09-06T04:16:59Z,17,CloudOS.Supervisor,23280,True,6.86,1.38,4187.85,83,1,0,1.58
2026-09-06T04:16:59Z,17,CloudOS.SystemBroker,20956,True,16.89,4,4224.96,247,5,0,49.05
2026-09-06T04:16:59Z,17,cloudos_flutter_shell,10800,True,222,1052.29,59783.92,584,53,0,118.78
2026-09-06T04:16:59Z,17,msedgewebview2,2436,True,131.28,41.59,2303491.38,1435,53,0,4.45
2026-09-06T04:16:59Z,17,msedgewebview2,15152,True,12.23,2.98,2203900.73,179,8,0,0.16
2026-09-06T04:16:59Z,17,msedgewebview2,5520,True,98.3,139.81,2254183.6,712,33,0,1.98
2026-09-06T04:16:59Z,17,msedgewebview2,7436,True,44.23,14.2,2253643.63,375,21,0,1.3
2026-09-06T04:16:59Z,17,msedgewebview2,6164,True,20.34,9.3,2253431.09,186,10,0,0.17
2026-09-06T04:16:59Z,17,msedgewebview2,14668,True,99.32,49.48,3698902.14,338,28,0,0.83
2026-09-06T04:17:59Z,18,CloudOS,17500,True,74.35,30.05,57751.42,788,14,0,60.33
2026-09-06T04:17:59Z,18,CloudOS.Supervisor,23280,True,6.86,1.38,4187.85,83,1,0,1.58
2026-09-06T04:17:59Z,18,CloudOS.SystemBroker,20956,True,16.89,4,4224.96,247,5,0,49.27
2026-09-06T04:17:59Z,18,cloudos_flutter_shell,10800,True,222,1052.29,59783.92,584,53,0,119
2026-09-06T04:17:59Z,18,msedgewebview2,2436,True,131.28,41.59,2303491.38,1435,53,0,4.5
2026-09-06T04:17:59Z,18,msedgewebview2,15152,True,12.23,2.98,2203900.73,179,8,0,0.16
2026-09-06T04:17:59Z,18,msedgewebview2,5520,True,98.3,139.81,2254183.6,712,33,0,1.98
2026-09-06T04:17:59Z,18,msedgewebview2,7436,True,44.22,14.19,2253643.63,375,21,0,1.3
2026-09-06T04:17:59Z,18,msedgewebview2,6164,True,20.34,9.3,2253431.09,186,10,0,0.17
2026-09-06T04:17:59Z,18,msedgewebview2,14668,True,99.32,49.48,3698902.14,338,28,0,0.83
2026-09-06T04:18:59Z,19,CloudOS,17500,True,74.34,30.05,57751.42,790,14,0,60.52
2026-09-06T04:18:59Z,19,CloudOS.Supervisor,23280,True,6.86,1.38,4187.85,83,1,0,1.59
2026-09-06T04:18:59Z,19,CloudOS.SystemBroker,14740,True,15.92,7.33,4264.31,183,8,0,0.62
2026-09-06T04:18:59Z,19,cloudos_flutter_shell,10800,True,221.98,1052.29,59783.92,584,53,0,119.34
2026-09-06T04:18:59Z,19,msedgewebview2,2436,True,131.25,41.54,2303475.38,1435,52,0,4.5
2026-09-06T04:18:59Z,19,msedgewebview2,15152,True,12.24,2.99,2203900.73,179,8,0,0.16
2026-09-06T04:18:59Z,19,msedgewebview2,5520,True,98.27,139.81,2254183.6,712,33,0,2
2026-09-06T04:18:59Z,19,msedgewebview2,7436,True,44.21,14.19,2253643.63,375,21,0,1.3
2026-09-06T04:18:59Z,19,msedgewebview2,6164,True,20.34,9.3,2253431.09,186,10,0,0.17
2026-09-06T04:18:59Z,19,msedgewebview2,14668,True,99.32,49.48,3698902.14,338,28,0,0.83
2026-09-06T04:19:59Z,20,CloudOS,17500,True,74.33,30.03,57750.42,788,13,0,60.53
2026-09-06T04:19:59Z,20,CloudOS.Supervisor,23280,True,6.86,1.38,4187.85,83,1,0,1.59
2026-09-06T04:19:59Z,20,CloudOS.SystemBroker,14740,True,15.91,7.3,4263.31,184,7,0,0.81
2026-09-06T04:19:59Z,20,cloudos_flutter_shell,10800,True,221.99,1052.29,59783.92,584,53,0,119.58
2026-09-06T04:19:59Z,20,msedgewebview2,2436,True,131.24,41.54,2303475.38,1435,52,0,4.5
2026-09-06T04:19:59Z,20,msedgewebview2,15152,True,12.24,2.99,2203900.73,179,8,0,0.16
2026-09-06T04:19:59Z,20,msedgewebview2,5520,True,98.27,139.81,2254183.6,712,33,0,2
2026-09-06T04:19:59Z,20,msedgewebview2,7436,True,44.21,14.19,2253643.63,375,21,0,1.3
2026-09-06T04:19:59Z,20,msedgewebview2,6164,True,20.34,9.3,2253431.09,186,10,0,0.17
2026-09-06T04:19:59Z,20,msedgewebview2,14668,True,99.32,49.48,3698902.14,338,28,0,0.83
2026-09-06T04:21:00Z,21,CloudOS,17500,True,74.35,30.05,57751.42,790,14,0,60.62
2026-09-06T04:21:00Z,21,CloudOS.Supervisor,23280,True,6.86,1.38,4187.85,83,1,0,1.59
2026-09-06T04:21:00Z,21,CloudOS.SystemBroker,14740,True,15.89,7.25,4261.31,182,5,0,1.16
2026-09-06T04:21:00Z,21,cloudos_flutter_shell,10800,True,221.99,1052.29,59783.92,584,53,0,119.94
2026-09-06T04:21:00Z,21,msedgewebview2,2436,True,131.24,41.54,2303475.38,1435,52,0,4.5
2026-09-06T04:21:00Z,21,msedgewebview2,15152,True,12.23,2.98,2203900.73,179,8,0,0.16
2026-09-06T04:21:00Z,21,msedgewebview2,5520,True,98.25,139.77,2254167.6,712,32,0,2
2026-09-06T04:21:00Z,21,msedgewebview2,7436,True,44.21,14.19,2253643.63,375,21,0,1.3
2026-09-06T04:21:00Z,21,msedgewebview2,6164,True,20.34,9.3,2253431.09,186,10,0,0.17
2026-09-06T04:21:00Z,21,msedgewebview2,14668,True,99.32,49.48,3698902.14,338,28,0,0.83
2026-09-06T04:22:00Z,22,CloudOS,17500,True,74.33,30.03,57750.42,788,13,0,60.77
2026-09-06T04:22:00Z,22,CloudOS.Supervisor,23280,True,6.86,1.38,4187.85,83,1,0,1.59
2026-09-06T04:22:00Z,22,CloudOS.SystemBroker,23276,True,9.44,1.91,4204.56,153,8,0,0.09
2026-09-06T04:22:00Z,22,cloudos_flutter_shell,10800,True,221.99,1052.29,59783.92,584,53,0,120.3
2026-09-06T04:22:00Z,22,msedgewebview2,2436,True,131.26,41.58,2303491.38,1435,53,0,4.52
2026-09-06T04:22:00Z,22,msedgewebview2,15152,True,12.24,2.99,2203900.73,179,8,0,0.16
2026-09-06T04:22:00Z,22,msedgewebview2,5520,True,98.27,139.78,2254183.6,712,33,0,2
2026-09-06T04:22:00Z,22,msedgewebview2,7436,True,44.21,14.19,2253643.63,375,21,0,1.3
2026-09-06T04:22:00Z,22,msedgewebview2,6164,True,20.34,9.3,2253431.09,186,10,0,0.17
2026-09-06T04:22:00Z,22,msedgewebview2,14668,True,99.32,49.48,3698902.14,338,28,0,0.83
2026-09-06T04:23:00Z,23,CloudOS,17500,True,74.51,30.11,57754.43,800,17,0,61.36
2026-09-06T04:23:00Z,23,CloudOS.Supervisor,23280,True,6.86,1.38,4187.85,83,1,0,1.59
2026-09-06T04:23:00Z,23,CloudOS.SystemBroker,23276,True,27.34,18.67,4248.54,183,7,0,8.09
2026-09-06T04:23:00Z,23,cloudos_flutter_shell,10800,True,221.97,1052.29,59783.92,584,53,0,120.66
2026-09-06T04:23:00Z,23,msedgewebview2,2436,True,131.24,41.58,2303491.38,1435,53,0,4.55
2026-09-06T04:23:00Z,23,msedgewebview2,15152,True,12.23,2.98,2203900.73,179,8,0,0.16
2026-09-06T04:23:00Z,23,msedgewebview2,5520,True,98.27,139.78,2254183.6,712,33,0,2
2026-09-06T04:23:00Z,23,msedgewebview2,7436,True,44.21,14.19,2253643.63,375,21,0,1.3
2026-09-06T04:23:00Z,23,msedgewebview2,6164,True,20.34,9.3,2253431.09,186,10,0,0.17
2026-09-06T04:23:00Z,23,msedgewebview2,14668,True,99.33,49.49,3698902.14,338,28,0,0.83
2026-09-06T04:24:00Z,24,CloudOS,17500,True,74.49,30.1,57752.42,795,15,0,61.48
2026-09-06T04:24:00Z,24,CloudOS.Supervisor,23280,True,6.86,1.38,4187.85,83,1,0,1.59
2026-09-06T04:24:00Z,24,CloudOS.SystemBroker,23276,True,27.32,18.62,4246.54,181,5,0,8.39
2026-09-06T04:24:00Z,24,cloudos_flutter_shell,10800,True,221.97,1052.29,59783.92,584,53,0,121.17
2026-09-06T04:24:00Z,24,msedgewebview2,2436,True,131.25,41.57,2303475.38,1437,52,0,4.55
2026-09-06T04:24:00Z,24,msedgewebview2,15152,True,12.23,2.98,2203900.73,179,8,0,0.16
2026-09-06T04:24:00Z,24,msedgewebview2,5520,True,98.27,139.78,2254183.6,712,33,0,2
2026-09-06T04:24:00Z,24,msedgewebview2,7436,True,44.28,14.26,2253643.63,377,21,0,1.33
2026-09-06T04:24:00Z,24,msedgewebview2,6164,True,20.34,9.3,2253431.09,186,10,0,0.17
2026-09-06T04:24:00Z,24,msedgewebview2,14668,True,99.33,49.49,3698902.14,338,28,0,0.83
2026-09-06T04:25:00Z,25,CloudOS,17500,True,74.14,29.7,57752.42,792,15,0,61.64
2026-09-06T04:25:00Z,25,CloudOS.Supervisor,23280,True,6.86,1.38,4187.85,83,1,0,1.61
2026-09-06T04:25:00Z,25,CloudOS.SystemBroker,23276,True,27.32,18.62,4246.54,181,5,0,8.7
2026-09-06T04:25:00Z,25,cloudos_flutter_shell,10800,True,221.97,1052.3,59783.92,584,53,0,121.55
2026-09-06T04:25:00Z,25,msedgewebview2,2436,True,131.27,41.64,2303507.38,1437,54,0,4.55
2026-09-06T04:25:00Z,25,msedgewebview2,15152,True,12.23,2.98,2203900.73,179,8,0,0.16
2026-09-06T04:25:00Z,25,msedgewebview2,5520,True,98.27,139.78,2254183.6,712,33,0,2
2026-09-06T04:25:00Z,25,msedgewebview2,7436,True,44.26,14.28,2253675.63,377,23,0,1.33
2026-09-06T04:25:00Z,25,msedgewebview2,6164,True,20.34,9.3,2253431.09,186,10,0,0.17
2026-09-06T04:25:00Z,25,msedgewebview2,14668,True,99.33,49.49,3698902.14,338,28,0,0.83
2026-09-06T04:26:00Z,26,CloudOS,17500,True,74.23,29.8,57752.42,794,15,0,61.75
2026-09-06T04:26:00Z,26,CloudOS.Supervisor,23280,True,6.86,1.38,4187.85,83,1,0,1.62
2026-09-06T04:26:00Z,26,CloudOS.SystemBroker,23276,True,27.32,18.62,4246.54,181,5,0,8.91
2026-09-06T04:26:00Z,26,cloudos_flutter_shell,10800,True,221.97,1052.3,59783.92,584,53,0,121.8
2026-09-06T04:26:00Z,26,msedgewebview2,2436,True,131.28,41.64,2303507.38,1437,54,0,4.55
2026-09-06T04:26:00Z,26,msedgewebview2,15152,True,12.23,2.98,2203900.73,179,8,0,0.16
2026-09-06T04:26:00Z,26,msedgewebview2,5520,True,98.3,139.81,2254183.6,712,33,0,2
2026-09-06T04:26:00Z,26,msedgewebview2,7436,True,44.25,14.28,2253675.63,377,23,0,1.33
2026-09-06T04:26:00Z,26,msedgewebview2,6164,True,20.34,9.3,2253431.09,186,10,0,0.17
2026-09-06T04:26:00Z,26,msedgewebview2,14668,True,99.33,49.5,3698902.14,338,28,0,0.83
2026-09-06T04:27:01Z,27,CloudOS,17500,True,74.23,29.8,57752.42,792,15,0,61.91
2026-09-06T04:27:01Z,27,CloudOS.Supervisor,23280,True,6.86,1.38,4187.85,83,1,0,1.62
2026-09-06T04:27:01Z,27,CloudOS.SystemBroker,23276,True,27.46,18.68,4248.54,181,7,0,9.08
2026-09-06T04:27:01Z,27,cloudos_flutter_shell,10800,True,221.97,1052.3,59783.92,584,53,0,122.12
2026-09-06T04:27:01Z,27,msedgewebview2,2436,True,131.3,41.67,2303507.38,1440,54,0,4.55
2026-09-06T04:27:01Z,27,msedgewebview2,15152,True,12.24,2.99,2203900.73,179,8,0,0.16
2026-09-06T04:27:01Z,27,msedgewebview2,5520,True,98.3,139.81,2254183.6,712,33,0,2
2026-09-06T04:27:01Z,27,msedgewebview2,7436,True,44.21,14.19,2253643.63,375,21,0,1.33
2026-09-06T04:27:01Z,27,msedgewebview2,6164,True,20.34,9.3,2253431.09,186,10,0,0.17
2026-09-06T04:27:01Z,27,msedgewebview2,14668,True,99.33,49.49,3698902.14,338,28,0,0.83
2026-09-06T04:28:01Z,28,CloudOS,17500,True,74.22,29.78,57751.42,790,14,0,62.03
2026-09-06T04:28:01Z,28,CloudOS.Supervisor,23280,True,6.86,1.38,4187.85,83,1,0,1.62
2026-09-06T04:28:01Z,28,CloudOS.SystemBroker,23276,True,27.46,18.68,4248.54,181,7,0,9.27
2026-09-06T04:28:01Z,28,cloudos_flutter_shell,10800,True,221.97,1052.3,59783.92,584,53,0,122.56
2026-09-06T04:28:01Z,28,msedgewebview2,2436,True,131.27,41.63,2303507.38,1439,54,0,4.55
2026-09-06T04:28:01Z,28,msedgewebview2,15152,True,12.23,2.98,2203900.73,179,8,0,0.16
2026-09-06T04:28:01Z,28,msedgewebview2,5520,True,98.3,139.81,2254183.6,712,33,0,2
2026-09-06T04:28:01Z,28,msedgewebview2,7436,True,44.22,14.2,2253643.63,375,21,0,1.33
2026-09-06T04:28:01Z,28,msedgewebview2,6164,True,20.34,9.3,2253431.09,186,10,0,0.17
2026-09-06T04:28:01Z,28,msedgewebview2,14668,True,99.33,49.49,3698902.14,338,28,0,0.83
2026-09-06T04:29:01Z,29,CloudOS,17500,True,74.21,29.75,57750.42,788,13,0,62.05
2026-09-06T04:29:01Z,29,CloudOS.Supervisor,23280,True,6.86,1.38,4187.85,83,1,0,1.62
2026-09-06T04:29:01Z,29,CloudOS.SystemBroker,23276,True,27.43,18.62,4246.54,181,5,0,9.45
2026-09-06T04:29:01Z,29,cloudos_flutter_shell,10800,True,221.98,1052.29,59783.92,584,53,0,122.89
2026-09-06T04:29:01Z,29,msedgewebview2,2436,True,131.24,41.55,2303475.38,1437,52,0,4.56
2026-09-06T04:29:01Z,29,msedgewebview2,15152,True,12.23,2.98,2203900.73,179,8,0,0.16
2026-09-06T04:29:01Z,29,msedgewebview2,5520,True,98.27,139.78,2254183.6,712,33,0,2
2026-09-06T04:29:01Z,29,msedgewebview2,7436,True,44.29,14.27,2253643.63,377,21,0,1.33
2026-09-06T04:29:01Z,29,msedgewebview2,6164,True,20.34,9.3,2253431.09,186,10,0,0.17
2026-09-06T04:29:01Z,29,msedgewebview2,14668,True,99.33,49.49,3698902.14,338,28,0,0.83
2026-09-06T04:30:01Z,30,CloudOS,17500,True,74.22,29.78,57751.42,790,14,0,62.22
2026-09-06T04:30:01Z,30,CloudOS.Supervisor,23280,True,6.86,1.38,4187.85,83,1,0,1.62
2026-09-06T04:30:01Z,30,CloudOS.SystemBroker,23276,True,27.43,18.62,4246.54,181,5,0,9.66
2026-09-06T04:30:01Z,30,cloudos_flutter_shell,10800,True,221.98,1052.29,59783.92,584,53,0,123.23
2026-09-06T04:30:01Z,30,msedgewebview2,2436,True,131.27,41.63,2303507.38,1439,54,0,4.56
2026-09-06T04:30:01Z,30,msedgewebview2,15152,True,12.23,2.98,2203900.73,179,8,0,0.16
2026-09-06T04:30:01Z,30,msedgewebview2,5520,True,98.27,139.78,2254183.6,712,33,0,2
2026-09-06T04:30:01Z,30,msedgewebview2,7436,True,44.26,14.28,2253675.63,379,23,0,1.33
2026-09-06T04:30:01Z,30,msedgewebview2,6164,True,20.34,9.3,2253431.09,186,10,0,0.17
2026-09-06T04:30:01Z,30,msedgewebview2,14668,True,99.33,49.49,3698902.14,338,28,0,0.83
2026-09-06T04:31:01Z,31,CloudOS,17500,True,74.21,29.75,57750.42,788,13,0,62.31
2026-09-06T04:31:01Z,31,CloudOS.Supervisor,23280,True,6.86,1.38,4187.85,83,1,0,1.64
2026-09-06T04:31:01Z,31,CloudOS.SystemBroker,23276,True,27.43,18.62,4246.54,181,5,0,9.83
2026-09-06T04:31:01Z,31,cloudos_flutter_shell,10800,True,221.98,1052.29,59783.92,584,53,0,123.58
2026-09-06T04:31:01Z,31,msedgewebview2,2436,True,131.27,41.63,2303507.38,1439,54,0,4.56
2026-09-06T04:31:01Z,31,msedgewebview2,15152,True,12.24,2.99,2203900.73,179,8,0,0.16
2026-09-06T04:31:01Z,31,msedgewebview2,5520,True,98.27,139.78,2254183.6,712,33,0,2
2026-09-06T04:31:01Z,31,msedgewebview2,7436,True,44.25,14.28,2253675.63,379,23,0,1.33
2026-09-06T04:31:01Z,31,msedgewebview2,6164,True,20.34,9.3,2253431.09,186,10,0,0.17
2026-09-06T04:31:01Z,31,msedgewebview2,14668,True,99.33,49.49,3698902.14,338,28,0,0.83
2026-09-06T04:32:01Z,32,CloudOS,17500,True,74.23,29.78,57751.42,790,14,0,62.39
2026-09-06T04:32:01Z,32,CloudOS.Supervisor,23280,True,6.86,1.38,4187.85,83,1,0,1.64
2026-09-06T04:32:01Z,32,CloudOS.SystemBroker,23276,True,27.46,18.66,4248.54,181,7,0,9.98
2026-09-06T04:32:01Z,32,cloudos_flutter_shell,10800,True,221.98,1052.29,59783.92,584,53,0,123.89
2026-09-06T04:32:01Z,32,msedgewebview2,2436,True,131.25,41.59,2303491.38,1435,53,0,4.58
2026-09-06T04:32:01Z,32,msedgewebview2,15152,True,12.24,2.99,2203900.73,179,8,0,0.17
2026-09-06T04:32:01Z,32,msedgewebview2,5520,True,98.27,139.78,2254183.6,712,33,0,2
2026-09-06T04:32:01Z,32,msedgewebview2,7436,True,44.22,14.2,2253643.63,375,21,0,1.33
2026-09-06T04:32:01Z,32,msedgewebview2,6164,True,20.34,9.3,2253431.09,186,10,0,0.17
2026-09-06T04:32:01Z,32,msedgewebview2,14668,True,99.33,49.49,3698902.14,338,28,0,0.83
2026-09-06T04:33:01Z,33,CloudOS,17500,True,74.23,29.78,57751.42,790,14,0,62.5
2026-09-06T04:33:01Z,33,CloudOS.Supervisor,23280,True,6.86,1.38,4187.85,83,1,0,1.64
2026-09-06T04:33:01Z,33,CloudOS.SystemBroker,23276,True,27.43,18.62,4246.54,181,5,0,10.23
2026-09-06T04:33:01Z,33,cloudos_flutter_shell,10800,True,221.98,1052.29,59783.92,584,53,0,124.27
2026-09-06T04:33:01Z,33,msedgewebview2,2436,True,131.25,41.59,2303491.38,1435,53,0,4.58
2026-09-06T04:33:01Z,33,msedgewebview2,15152,True,12.23,2.98,2203900.73,179,8,0,0.17
2026-09-06T04:33:01Z,33,msedgewebview2,5520,True,98.27,139.78,2254183.6,712,33,0,2
2026-09-06T04:33:01Z,33,msedgewebview2,7436,True,44.21,14.19,2253643.63,375,21,0,1.33
2026-09-06T04:33:01Z,33,msedgewebview2,6164,True,20.34,9.3,2253431.09,186,10,0,0.17
2026-09-06T04:33:01Z,33,msedgewebview2,14668,True,99.34,49.49,3698902.14,338,28,0,0.83
2026-09-06T04:34:02Z,34,CloudOS,17500,True,74.22,29.78,57751.42,788,14,0,62.64
2026-09-06T04:34:02Z,34,CloudOS.Supervisor,23280,True,6.86,1.38,4187.85,83,1,0,1.64
2026-09-06T04:34:02Z,34,CloudOS.SystemBroker,23276,True,27.41,18.62,4246.54,181,5,0,10.39
2026-09-06T04:34:02Z,34,cloudos_flutter_shell,10800,True,221.96,1052.29,59783.92,584,53,0,124.52
2026-09-06T04:34:02Z,34,msedgewebview2,2436,True,131.26,41.6,2303491.38,1437,53,0,4.58
2026-09-06T04:34:02Z,34,msedgewebview2,15152,True,12.23,2.98,2203900.73,179,8,0,0.17
2026-09-06T04:34:02Z,34,msedgewebview2,5520,True,98.26,139.81,2254183.6,712,33,0,2
2026-09-06T04:34:02Z,34,msedgewebview2,7436,True,44.28,14.26,2253643.63,377,21,0,1.33
2026-09-06T04:34:02Z,34,msedgewebview2,6164,True,20.34,9.3,2253431.09,186,10,0,0.17
2026-09-06T04:34:02Z,34,msedgewebview2,14668,True,99.34,49.5,3698902.14,338,28,0,0.83
2026-09-06T04:35:02Z,35,CloudOS,17500,True,74.23,29.78,57751.42,790,14,0,62.77
2026-09-06T04:35:02Z,35,CloudOS.Supervisor,23280,True,6.86,1.38,4187.85,83,1,0,1.67
2026-09-06T04:35:02Z,35,CloudOS.SystemBroker,23276,True,27.41,18.62,4246.54,181,5,0,10.55
2026-09-06T04:35:02Z,35,cloudos_flutter_shell,10800,True,221.96,1052.29,59783.92,584,53,0,124.73
2026-09-06T04:35:02Z,35,msedgewebview2,2436,True,131.26,41.62,2303507.38,1437,54,0,4.58
2026-09-06T04:35:02Z,35,msedgewebview2,15152,True,12.23,2.98,2203900.73,179,8,0,0.17
2026-09-06T04:35:02Z,35,msedgewebview2,5520,True,98.26,139.81,2254183.6,712,33,0,2
2026-09-06T04:35:02Z,35,msedgewebview2,7436,True,44.25,14.28,2253675.63,377,23,0,1.33
2026-09-06T04:35:02Z,35,msedgewebview2,6164,True,20.34,9.3,2253431.09,186,10,0,0.17
2026-09-06T04:35:02Z,35,msedgewebview2,14668,True,99.34,49.49,3698902.14,338,28,0,0.83
2026-09-06T04:36:02Z,36,CloudOS,17500,True,74.23,29.78,57751.42,788,14,0,62.88
2026-09-06T04:36:02Z,36,CloudOS.Supervisor,23280,True,6.86,1.38,4187.85,83,1,0,1.69
2026-09-06T04:36:02Z,36,CloudOS.SystemBroker,23276,True,27.41,18.62,4246.54,181,5,0,10.72
2026-09-06T04:36:02Z,36,cloudos_flutter_shell,10800,True,221.96,1052.29,59783.92,584,53,0,125.06
2026-09-06T04:36:02Z,36,msedgewebview2,2436,True,131.26,41.62,2303507.38,1437,54,0,4.58
2026-09-06T04:36:02Z,36,msedgewebview2,15152,True,12.23,2.98,2203900.73,179,8,0,0.17
2026-09-06T04:36:02Z,36,msedgewebview2,5520,True,98.26,139.81,2254183.6,712,33,0,2
2026-09-06T04:36:02Z,36,msedgewebview2,7436,True,44.25,14.28,2253675.63,377,23,0,1.33
2026-09-06T04:36:02Z,36,msedgewebview2,6164,True,20.34,9.3,2253431.09,186,10,0,0.17
2026-09-06T04:36:02Z,36,msedgewebview2,14668,True,99.34,49.49,3698902.14,338,28,0,0.83
2026-09-06T04:37:02Z,37,CloudOS,17500,True,74.23,29.78,57751.42,790,14,0,62.98
2026-09-06T04:37:02Z,37,CloudOS.Supervisor,23280,True,6.86,1.38,4187.85,83,1,0,1.69
2026-09-06T04:37:02Z,37,CloudOS.SystemBroker,23276,True,27.41,18.62,4246.54,181,5,0,10.89
2026-09-06T04:37:02Z,37,cloudos_flutter_shell,10800,True,221.96,1052.29,59783.92,584,53,0,125.38
2026-09-06T04:37:02Z,37,msedgewebview2,2436,True,131.24,41.58,2303491.38,1435,53,0,4.58
2026-09-06T04:37:02Z,37,msedgewebview2,15152,True,12.23,2.98,2203900.73,179,8,0,0.17
2026-09-06T04:37:02Z,37,msedgewebview2,5520,True,98.26,139.81,2254183.6,712,33,0,2
2026-09-06T04:37:02Z,37,msedgewebview2,7436,True,44.21,14.19,2253643.63,375,21,0,1.33
2026-09-06T04:37:02Z,37,msedgewebview2,6164,True,20.34,9.3,2253431.09,186,10,0,0.17
2026-09-06T04:37:02Z,37,msedgewebview2,14668,True,99.34,49.49,3698902.14,338,28,0,0.83
2026-09-06T04:38:02Z,38,CloudOS,17500,True,74.25,29.81,57751.42,788,14,0,63.05
2026-09-06T04:38:02Z,38,CloudOS.Supervisor,23280,True,6.86,1.38,4187.85,83,1,0,1.7
2026-09-06T04:38:02Z,38,CloudOS.SystemBroker,23276,True,27.41,18.62,4246.54,181,5,0,11.02
2026-09-06T04:38:02Z,38,cloudos_flutter_shell,10800,True,221.96,1052.29,59783.92,584,53,0,125.67
2026-09-06T04:38:02Z,38,msedgewebview2,2436,True,131.22,41.54,2303475.38,1435,52,0,4.58
2026-09-06T04:38:02Z,38,msedgewebview2,15152,True,12.23,2.98,2203900.73,179,8,0,0.17
2026-09-06T04:38:02Z,38,msedgewebview2,5520,True,98.27,139.78,2254183.6,712,33,0,2
2026-09-06T04:38:02Z,38,msedgewebview2,7436,True,44.21,14.19,2253643.63,375,21,0,1.33
2026-09-06T04:38:02Z,38,msedgewebview2,6164,True,20.34,9.3,2253431.09,186,10,0,0.17
2026-09-06T04:38:02Z,38,msedgewebview2,14668,True,99.34,49.49,3698902.14,338,28,0,0.83
2026-09-06T04:39:02Z,39,CloudOS,17500,True,74.25,29.81,57751.42,790,14,0,63.19
2026-09-06T04:39:02Z,39,CloudOS.Supervisor,23280,True,6.86,1.38,4187.85,83,1,0,1.7
2026-09-06T04:39:02Z,39,CloudOS.SystemBroker,23276,True,27.41,18.62,4246.54,181,5,0,11.16
2026-09-06T04:39:02Z,39,cloudos_flutter_shell,10800,True,221.96,1052.29,59783.92,584,53,0,125.92
2026-09-06T04:39:02Z,39,msedgewebview2,2436,True,131.22,41.54,2303475.38,1435,52,0,4.58
2026-09-06T04:39:02Z,39,msedgewebview2,15152,True,12.23,2.98,2203900.73,179,8,0,0.17
2026-09-06T04:39:02Z,39,msedgewebview2,5520,True,98.26,139.78,2254183.6,712,33,0,2
2026-09-06T04:39:02Z,39,msedgewebview2,7436,True,44.21,14.19,2253643.63,375,21,0,1.33
2026-09-06T04:39:02Z,39,msedgewebview2,6164,True,20.34,9.3,2253431.09,186,10,0,0.17
2026-09-06T04:39:02Z,39,msedgewebview2,14668,True,99.34,49.49,3698902.14,338,28,0,0.83
2026-09-06T04:40:03Z,40,CloudOS,17500,True,74.25,29.8,57751.42,788,14,0,63.36
2026-09-06T04:40:03Z,40,CloudOS.Supervisor,23280,True,6.86,1.38,4187.85,83,1,0,1.7
2026-09-06T04:40:03Z,40,CloudOS.SystemBroker,23276,True,27.41,18.62,4246.54,181,5,0,11.41
2026-09-06T04:40:03Z,40,cloudos_flutter_shell,10800,True,221.96,1052.29,59783.92,584,53,0,126.28
2026-09-06T04:40:03Z,40,msedgewebview2,2436,True,131.22,41.54,2303475.38,1435,52,0,4.58
2026-09-06T04:40:03Z,40,msedgewebview2,15152,True,12.23,2.98,2203900.73,179,8,0,0.17
2026-09-06T04:40:03Z,40,msedgewebview2,5520,True,98.26,139.78,2254183.6,712,33,0,2
2026-09-06T04:40:03Z,40,msedgewebview2,7436,True,44.21,14.19,2253643.63,375,21,0,1.33
2026-09-06T04:40:03Z,40,msedgewebview2,6164,True,20.34,9.3,2253431.09,186,10,0,0.17
2026-09-06T04:40:03Z,40,msedgewebview2,14668,True,99.34,49.49,3698902.14,338,28,0,0.83
2026-09-06T04:41:03Z,41,CloudOS,17500,True,74.25,29.8,57751.42,790,14,0,63.45
2026-09-06T04:41:03Z,41,CloudOS.Supervisor,23280,True,6.86,1.38,4187.85,83,1,0,1.7
2026-09-06T04:41:03Z,41,CloudOS.SystemBroker,23276,True,27.41,18.62,4246.54,181,5,0,11.56
2026-09-06T04:41:03Z,41,cloudos_flutter_shell,10800,True,221.96,1052.29,59783.92,584,53,0,126.56
2026-09-06T04:41:03Z,41,msedgewebview2,2436,True,131.22,41.54,2303475.38,1435,52,0,4.59
2026-09-06T04:41:03Z,41,msedgewebview2,15152,True,12.23,2.98,2203900.73,179,8,0,0.17
2026-09-06T04:41:03Z,41,msedgewebview2,5520,True,98.27,139.78,2254183.6,712,33,0,2
2026-09-06T04:41:03Z,41,msedgewebview2,7436,True,44.22,14.2,2253643.63,375,21,0,1.33
2026-09-06T04:41:03Z,41,msedgewebview2,6164,True,20.34,9.3,2253431.09,186,10,0,0.17
2026-09-06T04:41:03Z,41,msedgewebview2,14668,True,99.34,49.49,3698902.14,338,28,0,0.83
2026-09-06T04:42:03Z,42,CloudOS,17500,True,74.26,29.8,57751.42,788,14,0,63.5
2026-09-06T04:42:03Z,42,CloudOS.Supervisor,23280,True,6.86,1.38,4187.85,83,1,0,1.7
2026-09-06T04:42:03Z,42,CloudOS.SystemBroker,23276,True,27.41,18.62,4246.54,181,5,0,11.73
2026-09-06T04:42:03Z,42,cloudos_flutter_shell,10800,True,221.96,1052.29,59783.92,584,53,0,126.88
2026-09-06T04:42:03Z,42,msedgewebview2,2436,True,131.34,41.67,2303507.38,1438,54,0,4.61
2026-09-06T04:42:03Z,42,msedgewebview2,15152,True,12.24,2.99,2203900.73,179,8,0,0.17
2026-09-06T04:42:03Z,42,msedgewebview2,5520,True,98.26,139.78,2254183.6,712,33,0,2.02
2026-09-06T04:42:03Z,42,msedgewebview2,7436,True,44.21,14.19,2253643.63,375,21,0,1.33
2026-09-06T04:42:03Z,42,msedgewebview2,6164,True,20.34,9.3,2253431.09,186,10,0,0.17
2026-09-06T04:42:03Z,42,msedgewebview2,14668,True,99.34,49.49,3698902.14,338,28,0,0.83
2026-09-06T04:43:03Z,43,CloudOS,17500,True,74.26,29.8,57751.42,790,14,0,63.56
2026-09-06T04:43:03Z,43,CloudOS.Supervisor,23280,True,6.86,1.38,4187.85,83,1,0,1.72
2026-09-06T04:43:03Z,43,CloudOS.SystemBroker,23276,True,27.41,18.62,4246.54,181,5,0,11.88
2026-09-06T04:43:03Z,43,cloudos_flutter_shell,10800,True,221.96,1052.29,59783.92,584,53,0,127.12
2026-09-06T04:43:03Z,43,msedgewebview2,2436,True,131.3,41.64,2303507.38,1437,54,0,4.61
2026-09-06T04:43:03Z,43,msedgewebview2,15152,True,12.23,2.98,2203900.73,179,8,0,0.17
2026-09-06T04:43:03Z,43,msedgewebview2,5520,True,98.27,139.77,2254183.6,712,33,0,2.02
2026-09-06T04:43:03Z,43,msedgewebview2,7436,True,44.21,14.19,2253643.63,375,21,0,1.33
2026-09-06T04:43:03Z,43,msedgewebview2,6164,True,20.34,9.3,2253431.09,186,10,0,0.17
2026-09-06T04:43:03Z,43,msedgewebview2,14668,True,99.34,49.5,3698902.14,338,28,0,0.83
2026-09-06T04:44:03Z,44,CloudOS,17500,True,74.26,29.8,57751.42,790,14,0,63.61
2026-09-06T04:44:03Z,44,CloudOS.Supervisor,23280,True,6.86,1.38,4187.85,83,1,0,1.72
2026-09-06T04:44:03Z,44,CloudOS.SystemBroker,23276,True,27.41,18.62,4246.54,181,5,0,12.11
2026-09-06T04:44:03Z,44,cloudos_flutter_shell,10800,True,221.96,1052.29,59783.92,584,53,0,127.44
2026-09-06T04:44:03Z,44,msedgewebview2,2436,True,131.29,41.58,2303475.38,1437,52,0,4.61
2026-09-06T04:44:03Z,44,msedgewebview2,15152,True,12.23,2.98,2203900.73,179,8,0,0.17
2026-09-06T04:44:03Z,44,msedgewebview2,5520,True,98.27,139.77,2254183.6,712,33,0,2.02
2026-09-06T04:44:03Z,44,msedgewebview2,7436,True,44.29,14.27,2253643.63,377,21,0,1.33
2026-09-06T04:44:03Z,44,msedgewebview2,6164,True,20.34,9.3,2253431.09,186,10,0,0.17
2026-09-06T04:44:03Z,44,msedgewebview2,14668,True,99.34,49.49,3698902.14,338,28,0,0.83
2026-09-06T04:45:03Z,45,CloudOS,17500,True,74.26,29.81,57751.42,790,14,0,63.72
2026-09-06T04:45:03Z,45,CloudOS.Supervisor,23280,True,6.86,1.38,4187.85,83,1,0,1.72
2026-09-06T04:45:03Z,45,CloudOS.SystemBroker,23276,True,27.41,18.62,4246.54,181,5,0,12.3
2026-09-06T04:45:03Z,45,cloudos_flutter_shell,10800,True,221.96,1052.29,59783.92,584,53,0,127.66
2026-09-06T04:45:03Z,45,msedgewebview2,2436,True,131.31,41.64,2303507.38,1439,54,0,4.62
2026-09-06T04:45:03Z,45,msedgewebview2,15152,True,12.24,2.99,2203900.73,179,8,0,0.17
2026-09-06T04:45:03Z,45,msedgewebview2,5520,True,98.27,139.78,2254183.6,712,33,0,2.02
2026-09-06T04:45:03Z,45,msedgewebview2,7436,True,44.26,14.28,2253675.63,379,23,0,1.33
2026-09-06T04:45:03Z,45,msedgewebview2,6164,True,20.34,9.3,2253431.09,186,10,0,0.17
2026-09-06T04:45:03Z,45,msedgewebview2,14668,True,99.34,49.49,3698902.14,338,28,0,0.83
2026-09-06T04:46:03Z,46,CloudOS,17500,True,74.26,29.81,57751.42,790,14,0,63.86
2026-09-06T04:46:03Z,46,CloudOS.Supervisor,23280,True,6.86,1.38,4187.85,83,1,0,1.73
2026-09-06T04:46:03Z,46,CloudOS.SystemBroker,23276,True,27.41,18.62,4246.54,181,5,0,12.53
2026-09-06T04:46:03Z,46,cloudos_flutter_shell,10800,True,221.96,1052.29,59783.92,584,53,0,127.84
2026-09-06T04:46:03Z,46,msedgewebview2,2436,True,131.29,41.59,2303491.38,1437,53,0,4.62
2026-09-06T04:46:03Z,46,msedgewebview2,15152,True,12.23,2.98,2203900.73,179,8,0,0.17
2026-09-06T04:46:03Z,46,msedgewebview2,5520,True,98.27,139.78,2254183.6,712,33,0,2.02
2026-09-06T04:46:03Z,46,msedgewebview2,7436,True,44.24,14.24,2253659.63,377,22,0,1.33
2026-09-06T04:46:03Z,46,msedgewebview2,6164,True,20.34,9.3,2253431.09,186,10,0,0.17
2026-09-06T04:46:03Z,46,msedgewebview2,14668,True,99.34,49.49,3698902.14,338,28,0,0.83
2026-09-06T04:47:04Z,47,CloudOS,17500,True,74.26,29.81,57751.42,790,14,0,63.97
2026-09-06T04:47:04Z,47,CloudOS.Supervisor,23280,True,6.86,1.38,4187.85,83,1,0,1.75
2026-09-06T04:47:04Z,47,CloudOS.SystemBroker,23276,True,27.41,18.62,4246.54,181,5,0,12.83
2026-09-06T04:47:04Z,47,cloudos_flutter_shell,10800,True,221.97,1052.3,59783.92,584,53,0,128.09
2026-09-06T04:47:04Z,47,msedgewebview2,2436,True,131.29,41.59,2303491.38,1437,53,0,4.62
2026-09-06T04:47:04Z,47,msedgewebview2,15152,True,12.23,2.98,2203900.73,179,8,0,0.17
2026-09-06T04:47:04Z,47,msedgewebview2,5520,True,98.27,139.78,2254183.6,712,33,0,2.02
2026-09-06T04:47:04Z,47,msedgewebview2,7436,True,44.21,14.19,2253643.63,375,21,0,1.33
2026-09-06T04:47:04Z,47,msedgewebview2,6164,True,20.34,9.3,2253431.09,186,10,0,0.17
2026-09-06T04:47:04Z,47,msedgewebview2,14668,True,99.34,49.49,3698902.14,338,28,0,0.83
2026-09-06T04:48:04Z,48,CloudOS,17500,True,74.27,29.82,57751.42,790,14,0,64
2026-09-06T04:48:04Z,48,CloudOS.Supervisor,23280,True,6.86,1.38,4187.85,83,1,0,1.75
2026-09-06T04:48:04Z,48,CloudOS.SystemBroker,23276,True,27.41,18.62,4246.54,181,5,0,13.03
2026-09-06T04:48:04Z,48,cloudos_flutter_shell,10800,True,221.97,1052.3,59783.92,584,53,0,128.31
2026-09-06T04:48:04Z,48,msedgewebview2,2436,True,131.26,41.55,2303475.38,1435,52,0,4.62
2026-09-06T04:48:04Z,48,msedgewebview2,15152,True,12.23,2.98,2203900.73,179,8,0,0.17
2026-09-06T04:48:04Z,48,msedgewebview2,5520,True,98.27,139.78,2254183.6,712,33,0,2.02
2026-09-06T04:48:04Z,48,msedgewebview2,7436,True,44.21,14.19,2253643.63,375,21,0,1.33
2026-09-06T04:48:04Z,48,msedgewebview2,6164,True,20.34,9.3,2253431.09,186,10,0,0.17
2026-09-06T04:48:04Z,48,msedgewebview2,14668,True,99.34,49.49,3698902.14,338,28,0,0.83
2026-09-06T04:49:04Z,49,CloudOS,17500,True,74.27,29.82,57751.42,788,14,0,64.08
2026-09-06T04:49:04Z,49,CloudOS.Supervisor,23280,True,6.86,1.38,4187.85,83,1,0,1.77
2026-09-06T04:49:04Z,49,CloudOS.SystemBroker,23276,True,27.41,18.62,4246.54,181,5,0,13.23
2026-09-06T04:49:04Z,49,cloudos_flutter_shell,10800,True,221.96,1052.3,59783.92,584,53,0,128.62
2026-09-06T04:49:04Z,49,msedgewebview2,2436,True,131.23,41.54,2303475.38,1435,52,0,4.62
2026-09-06T04:49:04Z,49,msedgewebview2,15152,True,12.24,2.99,2203900.73,179,8,0,0.17
2026-09-06T04:49:04Z,49,msedgewebview2,5520,True,98.25,139.78,2254183.6,712,33,0,2.02
2026-09-06T04:49:04Z,49,msedgewebview2,7436,True,44.21,14.19,2253643.63,375,21,0,1.33
2026-09-06T04:49:04Z,49,msedgewebview2,6164,True,20.34,9.3,2253431.09,186,10,0,0.17
2026-09-06T04:49:04Z,49,msedgewebview2,14668,True,99.34,49.5,3698902.14,338,28,0,0.83
2026-09-06T04:50:04Z,50,CloudOS,17500,True,74.27,29.82,57751.42,790,14,0,64.16
2026-09-06T04:50:04Z,50,CloudOS.Supervisor,23280,True,6.86,1.38,4187.85,83,1,0,1.77
2026-09-06T04:50:04Z,50,CloudOS.SystemBroker,23276,True,27.41,18.62,4246.54,181,5,0,13.39
2026-09-06T04:50:04Z,50,cloudos_flutter_shell,10800,True,221.96,1052.3,59783.92,584,53,0,128.94
2026-09-06T04:50:04Z,50,msedgewebview2,2436,True,131.23,41.54,2303475.38,1435,52,0,4.62
2026-09-06T04:50:04Z,50,msedgewebview2,15152,True,12.24,2.99,2203900.73,179,8,0,0.17
2026-09-06T04:50:04Z,50,msedgewebview2,5520,True,98.25,139.78,2254183.6,712,33,0,2.02
2026-09-06T04:50:04Z,50,msedgewebview2,7436,True,44.21,14.19,2253643.63,375,21,0,1.33
2026-09-06T04:50:04Z,50,msedgewebview2,6164,True,20.34,9.3,2253431.09,186,10,0,0.17
2026-09-06T04:50:04Z,50,msedgewebview2,14668,True,99.34,49.49,3698902.14,338,28,0,0.83
2026-09-06T04:51:04Z,51,CloudOS,17500,True,74.26,29.81,57751.42,788,14,0,64.23
2026-09-06T04:51:04Z,51,CloudOS.Supervisor,23280,True,6.86,1.38,4187.85,83,1,0,1.77
2026-09-06T04:51:04Z,51,CloudOS.SystemBroker,23276,True,27.41,18.62,4246.54,181,5,0,13.55
2026-09-06T04:51:04Z,51,cloudos_flutter_shell,10800,True,221.95,1052.27,59782.92,584,52,0,129.28
2026-09-06T04:51:04Z,51,msedgewebview2,2436,True,131.23,41.54,2303475.38,1435,52,0,4.62
2026-09-06T04:51:04Z,51,msedgewebview2,15152,True,12.23,2.98,2203900.73,179,8,0,0.17
2026-09-06T04:51:04Z,51,msedgewebview2,5520,True,98.25,139.78,2254183.6,712,33,0,2.02
2026-09-06T04:51:04Z,51,msedgewebview2,7436,True,44.21,14.19,2253643.63,375,21,0,1.33
2026-09-06T04:51:04Z,51,msedgewebview2,6164,True,20.34,9.3,2253431.09,186,10,0,0.17
2026-09-06T04:51:04Z,51,msedgewebview2,14668,True,99.34,49.49,3698902.14,338,28,0,0.83
2026-09-06T04:52:04Z,52,CloudOS,17500,True,74.26,29.81,57751.42,790,14,0,64.34
2026-09-06T04:52:04Z,52,CloudOS.Supervisor,23280,True,6.86,1.38,4187.85,83,1,0,1.77
2026-09-06T04:52:04Z,52,CloudOS.SystemBroker,23276,True,27.41,18.62,4246.54,181,5,0,13.77
2026-09-06T04:52:04Z,52,cloudos_flutter_shell,10800,True,221.97,1052.29,59783.92,584,53,0,129.56
2026-09-06T04:52:04Z,52,msedgewebview2,2436,True,131.26,41.59,2303491.38,1435,53,0,4.64
2026-09-06T04:52:04Z,52,msedgewebview2,15152,True,12.24,2.99,2203900.73,179,8,0,0.17
2026-09-06T04:52:04Z,52,msedgewebview2,5520,True,98.27,139.78,2254183.6,712,33,0,2.02
2026-09-06T04:52:04Z,52,msedgewebview2,7436,True,44.21,14.2,2253643.63,375,21,0,1.34
2026-09-06T04:52:04Z,52,msedgewebview2,6164,True,20.34,9.3,2253431.09,186,10,0,0.17
2026-09-06T04:52:04Z,52,msedgewebview2,14668,True,99.34,49.5,3698902.14,338,28,0,0.83
2026-09-06T04:53:05Z,53,CloudOS,17500,True,74.26,29.81,57751.42,790,14,0,64.44
2026-09-06T04:53:05Z,53,CloudOS.Supervisor,23280,True,6.86,1.38,4187.85,83,1,0,1.78
2026-09-06T04:53:05Z,53,CloudOS.SystemBroker,23276,True,27.41,18.62,4246.54,181,5,0,13.97
2026-09-06T04:53:05Z,53,cloudos_flutter_shell,10800,True,221.97,1052.29,59783.92,584,53,0,129.75
2026-09-06T04:53:05Z,53,msedgewebview2,2436,True,131.26,41.59,2303491.38,1435,53,0,4.64
2026-09-06T04:53:05Z,53,msedgewebview2,15152,True,12.23,2.98,2203900.73,179,8,0,0.17
2026-09-06T04:53:05Z,53,msedgewebview2,5520,True,98.27,139.78,2254183.6,712,33,0,2.02
2026-09-06T04:53:05Z,53,msedgewebview2,7436,True,44.21,14.2,2253643.63,375,21,0,1.34
2026-09-06T04:53:05Z,53,msedgewebview2,6164,True,20.34,9.3,2253431.09,186,10,0,0.17
2026-09-06T04:53:05Z,53,msedgewebview2,14668,True,99.34,49.49,3698902.14,339,28,0,0.83
2026-09-06T04:54:05Z,54,CloudOS,17500,True,74.26,29.81,57751.42,790,14,0,64.56
2026-09-06T04:54:05Z,54,CloudOS.Supervisor,23280,True,6.86,1.38,4187.85,83,1,0,1.8
2026-09-06T04:54:05Z,54,CloudOS.SystemBroker,23276,True,27.41,18.62,4246.54,181,5,0,14.19
2026-09-06T04:54:05Z,54,cloudos_flutter_shell,10800,True,221.97,1052.29,59783.92,584,53,0,130.12
2026-09-06T04:54:05Z,54,msedgewebview2,2436,True,131.26,41.56,2303475.38,1437,52,0,4.64
2026-09-06T04:54:05Z,54,msedgewebview2,15152,True,12.24,2.99,2203900.73,179,8,0,0.17
2026-09-06T04:54:05Z,54,msedgewebview2,5520,True,98.27,139.78,2254183.6,712,33,0,2.02
2026-09-06T04:54:05Z,54,msedgewebview2,7436,True,44.27,14.25,2253643.63,377,21,0,1.34
2026-09-06T04:54:05Z,54,msedgewebview2,6164,True,20.34,9.3,2253431.09,186,10,0,0.17
2026-09-06T04:54:05Z,54,msedgewebview2,14668,True,99.34,49.49,3698902.14,339,28,0,0.83
2026-09-06T04:55:05Z,55,CloudOS,17500,True,74.26,29.81,57751.42,790,14,0,64.66
2026-09-06T04:55:05Z,55,CloudOS.Supervisor,23280,True,6.86,1.38,4187.85,83,1,0,1.8
2026-09-06T04:55:05Z,55,CloudOS.SystemBroker,23276,True,27.41,18.62,4246.54,181,5,0,14.38
2026-09-06T04:55:05Z,55,cloudos_flutter_shell,10800,True,221.98,1052.29,59783.92,584,53,0,130.41
2026-09-06T04:55:05Z,55,msedgewebview2,2436,True,131.29,41.63,2303507.38,1437,54,0,4.64
2026-09-06T04:55:05Z,55,msedgewebview2,15152,True,12.23,2.98,2203900.73,179,8,0,0.17
2026-09-06T04:55:05Z,55,msedgewebview2,5520,True,98.27,139.78,2254183.6,712,33,0,2.02
2026-09-06T04:55:05Z,55,msedgewebview2,7436,True,44.26,14.28,2253675.63,377,23,0,1.34
2026-09-06T04:55:05Z,55,msedgewebview2,6164,True,20.34,9.3,2253431.09,186,10,0,0.17
2026-09-06T04:55:05Z,55,msedgewebview2,14668,True,99.35,49.5,3698902.14,339,28,0,0.83
2026-09-06T04:56:05Z,56,CloudOS,17500,True,74.27,29.88,57751.42,790,14,0,64.67
2026-09-06T04:56:05Z,56,CloudOS.Supervisor,23280,True,6.86,1.38,4187.85,83,1,0,1.8
2026-09-06T04:56:05Z,56,CloudOS.SystemBroker,23276,True,27.41,18.62,4246.54,181,5,0,14.61
2026-09-06T04:56:05Z,56,cloudos_flutter_shell,10800,True,221.98,1052.29,59783.92,584,53,0,130.67
2026-09-06T04:56:05Z,56,msedgewebview2,2436,True,131.24,41.54,2303475.38,1435,52,0,4.66
2026-09-06T04:56:05Z,56,msedgewebview2,15152,True,12.24,2.99,2203900.73,179,8,0,0.17
2026-09-06T04:56:05Z,56,msedgewebview2,5520,True,98.3,139.81,2254183.6,712,33,0,2.03
2026-09-06T04:56:05Z,56,msedgewebview2,7436,True,44.22,14.2,2253643.63,375,21,0,1.34
2026-09-06T04:56:05Z,56,msedgewebview2,6164,True,20.34,9.3,2253431.09,186,10,0,0.17
2026-09-06T04:56:05Z,56,msedgewebview2,14668,True,99.34,49.49,3698902.14,339,28,0,0.83
2026-09-06T04:57:05Z,57,CloudOS,17500,True,74.27,29.88,57751.42,790,14,0,64.78
2026-09-06T04:57:05Z,57,CloudOS.Supervisor,23280,True,6.86,1.38,4187.85,83,1,0,1.8
2026-09-06T04:57:05Z,57,CloudOS.SystemBroker,23276,True,27.41,18.62,4246.54,181,5,0,14.77
2026-09-06T04:57:05Z,57,cloudos_flutter_shell,10800,True,221.98,1052.29,59783.92,584,53,0,130.95
2026-09-06T04:57:05Z,57,msedgewebview2,2436,True,131.32,41.66,2303507.38,1440,54,0,4.67
2026-09-06T04:57:05Z,57,msedgewebview2,15152,True,12.23,2.98,2203900.73,179,8,0,0.17
2026-09-06T04:57:05Z,57,msedgewebview2,5520,True,98.3,139.81,2254183.6,712,33,0,2.03
2026-09-06T04:57:05Z,57,msedgewebview2,7436,True,44.21,14.19,2253643.63,375,21,0,1.34
2026-09-06T04:57:05Z,57,msedgewebview2,6164,True,20.34,9.3,2253431.09,186,10,0,0.17
2026-09-06T04:57:05Z,57,msedgewebview2,14668,True,99.35,49.5,3698902.14,339,28,0,0.83
2026-09-06T04:58:05Z,58,CloudOS,17500,True,74.27,29.89,57751.42,788,14,0,64.84
2026-09-06T04:58:05Z,58,CloudOS.Supervisor,23280,True,6.86,1.38,4187.85,83,1,0,1.8
2026-09-06T04:58:05Z,58,CloudOS.SystemBroker,23276,True,27.41,18.62,4246.54,181,5,0,14.97
2026-09-06T04:58:05Z,58,cloudos_flutter_shell,10800,True,221.98,1052.29,59783.92,584,53,0,131.25
2026-09-06T04:58:05Z,58,msedgewebview2,2436,True,131.26,41.59,2303491.38,1437,53,0,4.69
2026-09-06T04:58:05Z,58,msedgewebview2,15152,True,12.23,2.98,2203900.73,179,8,0,0.17
2026-09-06T04:58:05Z,58,msedgewebview2,5520,True,98.3,139.81,2254183.6,712,33,0,2.03
2026-09-06T04:58:05Z,58,msedgewebview2,7436,True,44.21,14.19,2253643.63,375,21,0,1.34
2026-09-06T04:58:05Z,58,msedgewebview2,6164,True,20.34,9.3,2253431.09,186,10,0,0.17
2026-09-06T04:58:05Z,58,msedgewebview2,14668,True,99.35,49.5,3698902.14,339,28,0,0.83
2026-09-06T04:59:05Z,59,CloudOS,17500,True,74.27,29.89,57751.42,790,14,0,64.92
2026-09-06T04:59:05Z,59,CloudOS.Supervisor,23280,True,6.86,1.38,4187.85,83,1,0,1.81
2026-09-06T04:59:05Z,59,CloudOS.SystemBroker,23276,True,27.41,18.62,4246.54,181,5,0,15.12
2026-09-06T04:59:05Z,59,cloudos_flutter_shell,10800,True,221.98,1052.3,59783.92,584,53,0,131.47
2026-09-06T04:59:05Z,59,msedgewebview2,2436,True,131.27,41.57,2303475.38,1437,52,0,4.7
2026-09-06T04:59:05Z,59,msedgewebview2,15152,True,12.23,2.98,2203900.73,179,8,0,0.17
2026-09-06T04:59:05Z,59,msedgewebview2,5520,True,98.3,139.81,2254183.6,712,33,0,2.03
2026-09-06T04:59:05Z,59,msedgewebview2,7436,True,44.27,14.25,2253643.63,377,21,0,1.36
2026-09-06T04:59:05Z,59,msedgewebview2,6164,True,20.34,9.3,2253431.09,186,10,0,0.17
2026-09-06T04:59:05Z,59,msedgewebview2,14668,True,99.34,49.49,3698902.14,339,28,0,0.83
2026-09-06T05:00:06Z,60,CloudOS,17500,True,74.27,29.89,57751.42,788,14,0,64.97
2026-09-06T05:00:06Z,60,CloudOS.Supervisor,23280,True,6.86,1.38,4187.85,83,1,0,1.83
2026-09-06T05:00:06Z,60,CloudOS.SystemBroker,23276,True,27.41,18.62,4246.54,181,5,0,15.34
2026-09-06T05:00:06Z,60,cloudos_flutter_shell,10800,True,221.98,1052.3,59783.92,584,53,0,131.75
2026-09-06T05:00:06Z,60,msedgewebview2,2436,True,131.29,41.64,2303507.38,1439,54,0,4.7
2026-09-06T05:00:06Z,60,msedgewebview2,15152,True,12.23,2.98,2203900.73,179,8,0,0.17
2026-09-06T05:00:06Z,60,msedgewebview2,5520,True,98.28,139.77,2254167.6,712,32,0,2.03
2026-09-06T05:00:06Z,60,msedgewebview2,7436,True,44.26,14.28,2253675.63,379,23,0,1.36
2026-09-06T05:00:06Z,60,msedgewebview2,6164,True,20.34,9.3,2253431.09,186,10,0,0.17
2026-09-06T05:00:06Z,60,msedgewebview2,14668,True,99.35,49.5,3698902.14,339,28,0,0.83
2026-09-06T05:01:06Z,61,CloudOS,17500,True,74.28,29.9,57751.42,790,14,0,65.05
2026-09-06T05:01:06Z,61,CloudOS.Supervisor,23280,True,6.86,1.38,4187.85,83,1,0,1.83
2026-09-06T05:01:06Z,61,CloudOS.SystemBroker,23276,True,27.41,18.62,4246.54,181,5,0,15.52
2026-09-06T05:01:06Z,61,cloudos_flutter_shell,10800,True,221.98,1052.3,59783.92,584,53,0,132.03
2026-09-06T05:01:06Z,61,msedgewebview2,2436,True,131.29,41.64,2303507.38,1439,54,0,4.72
2026-09-06T05:01:06Z,61,msedgewebview2,15152,True,12.23,2.98,2203900.73,179,8,0,0.17
2026-09-06T05:01:06Z,61,msedgewebview2,5520,True,98.28,139.78,2254183.6,712,33,0,2.03
2026-09-06T05:01:06Z,61,msedgewebview2,7436,True,44.25,14.28,2253675.63,379,23,0,1.36
2026-09-06T05:01:06Z,61,msedgewebview2,6164,True,20.34,9.3,2253431.09,186,10,0,0.17
2026-09-06T05:01:06Z,61,msedgewebview2,14668,True,99.34,49.49,3698902.14,339,28,0,0.83
2026-09-06T05:02:06Z,62,CloudOS,17500,True,74.27,29.88,57750.42,788,13,0,65.11
2026-09-06T05:02:06Z,62,CloudOS.Supervisor,23280,True,6.86,1.38,4187.85,83,1,0,1.83
2026-09-06T05:02:06Z,62,CloudOS.SystemBroker,23276,True,27.41,18.62,4246.54,181,5,0,15.67
2026-09-06T05:02:06Z,62,cloudos_flutter_shell,10800,True,221.98,1052.3,59783.92,584,53,0,132.39
2026-09-06T05:02:06Z,62,msedgewebview2,2436,True,131.43,41.75,2303491.38,1435,53,0,4.72
2026-09-06T05:02:06Z,62,msedgewebview2,15152,True,12.23,2.98,2203900.73,179,8,0,0.17
2026-09-06T05:02:06Z,62,msedgewebview2,5520,True,98.28,139.78,2254183.6,712,33,0,2.03
2026-09-06T05:02:06Z,62,msedgewebview2,7436,True,44.32,14.27,2253643.63,375,21,0,1.36
2026-09-06T05:02:06Z,62,msedgewebview2,6164,True,20.35,9.31,2253431.09,186,10,0,0.17
2026-09-06T05:02:06Z,62,msedgewebview2,14668,True,99.35,49.5,3698902.14,339,28,0,0.83
2026-09-06T05:03:06Z,63,CloudOS,17500,True,74.28,29.9,57751.42,790,14,0,65.2
2026-09-06T05:03:06Z,63,CloudOS.Supervisor,23280,True,6.86,1.38,4187.85,83,1,0,1.83
2026-09-06T05:03:06Z,63,CloudOS.SystemBroker,23276,True,27.41,18.62,4246.54,181,5,0,15.83
2026-09-06T05:03:06Z,63,cloudos_flutter_shell,10800,True,221.98,1052.3,59783.92,584,53,0,132.64
2026-09-06T05:03:06Z,63,msedgewebview2,2436,True,131.45,41.79,2303507.38,1437,54,0,4.73
2026-09-06T05:03:06Z,63,msedgewebview2,15152,True,12.23,2.98,2203900.73,179,8,0,0.17
2026-09-06T05:03:06Z,63,msedgewebview2,5520,True,98.28,139.78,2254183.6,712,33,0,2.05
2026-09-06T05:03:06Z,63,msedgewebview2,7436,True,44.28,14.28,2253675.63,377,23,0,1.38
2026-09-06T05:03:06Z,63,msedgewebview2,6164,True,20.35,9.31,2253431.09,186,10,0,0.17
2026-09-06T05:03:06Z,63,msedgewebview2,14668,True,99.35,49.49,3698902.14,339,28,0,0.83
2026-09-06T05:04:06Z,64,CloudOS,17500,True,74.28,29.9,57751.42,790,14,0,65.28
2026-09-06T05:04:06Z,64,CloudOS.Supervisor,23280,True,6.86,1.38,4187.85,83,1,0,1.83
2026-09-06T05:04:06Z,64,CloudOS.SystemBroker,23276,True,27.41,18.62,4246.54,181,5,0,15.98
2026-09-06T05:04:06Z,64,cloudos_flutter_shell,10800,True,221.96,1052.3,59783.92,584,53,0,132.86
2026-09-06T05:04:06Z,64,msedgewebview2,2436,True,131.5,41.84,2303507.38,1439,54,0,4.75
2026-09-06T05:04:06Z,64,msedgewebview2,15152,True,12.23,2.98,2203900.73,179,8,0,0.17
2026-09-06T05:04:06Z,64,msedgewebview2,5520,True,98.26,139.78,2254183.6,712,33,0,2.05
2026-09-06T05:04:06Z,64,msedgewebview2,7436,True,44.32,14.33,2253675.63,379,23,0,1.38
2026-09-06T05:04:06Z,64,msedgewebview2,6164,True,20.35,9.31,2253431.09,186,10,0,0.17
2026-09-06T05:04:06Z,64,msedgewebview2,14668,True,99.35,49.49,3698902.14,339,28,0,0.83
2026-09-06T05:05:06Z,65,CloudOS,17500,True,74.28,29.9,57751.42,790,14,0,65.42
2026-09-06T05:05:06Z,65,CloudOS.Supervisor,23280,True,6.86,1.38,4187.85,83,1,0,1.86
2026-09-06T05:05:06Z,65,CloudOS.SystemBroker,23276,True,27.41,18.62,4246.54,181,5,0,16.11
2026-09-06T05:05:06Z,65,cloudos_flutter_shell,10800,True,221.96,1052.3,59783.92,584,53,0,133.11
2026-09-06T05:05:06Z,65,msedgewebview2,2436,True,132.27,42.61,2303491.38,1437,53,0,4.75
2026-09-06T05:05:06Z,65,msedgewebview2,15152,True,12.23,2.98,2203900.73,179,8,0,0.17
2026-09-06T05:05:06Z,65,msedgewebview2,5520,True,98.3,139.81,2254183.6,712,33,0,2.06
2026-09-06T05:05:06Z,65,msedgewebview2,7436,True,44.34,14.3,2253659.63,377,22,0,1.38
2026-09-06T05:05:06Z,65,msedgewebview2,6164,True,20.61,9.42,2253431.09,186,10,0,0.17
2026-09-06T05:05:06Z,65,msedgewebview2,14668,True,99.35,49.49,3698902.14,339,28,0,0.83
2026-09-06T05:06:07Z,66,CloudOS,17500,True,74.28,29.9,57751.42,790,14,0,65.48
2026-09-06T05:06:07Z,66,CloudOS.Supervisor,23280,True,6.86,1.38,4187.85,83,1,0,1.86
2026-09-06T05:06:07Z,66,CloudOS.SystemBroker,23276,True,27.41,18.62,4246.54,181,5,0,16.28
2026-09-06T05:06:07Z,66,cloudos_flutter_shell,10800,True,221.96,1052.3,59783.92,584,53,0,133.38
2026-09-06T05:06:07Z,66,msedgewebview2,2436,True,131.24,41.54,2303475.38,1435,52,0,4.75
2026-09-06T05:06:07Z,66,msedgewebview2,15152,True,12.23,2.98,2203900.73,179,8,0,0.17
2026-09-06T05:06:07Z,66,msedgewebview2,5520,True,98.3,139.81,2254183.6,712,33,0,2.06
2026-09-06T05:06:07Z,66,msedgewebview2,7436,True,44.23,14.19,2253643.63,375,21,0,1.38
2026-09-06T05:06:07Z,66,msedgewebview2,6164,True,20.5,9.3,2253431.09,186,10,0,0.17
2026-09-06T05:06:07Z,66,msedgewebview2,14668,True,99.35,49.49,3698902.14,339,28,0,0.83
2026-09-06T05:07:07Z,67,CloudOS,17500,True,74.29,29.9,57751.42,788,14,0,65.56
2026-09-06T05:07:07Z,67,CloudOS.Supervisor,23280,True,6.86,1.38,4187.85,83,1,0,1.86
2026-09-06T05:07:07Z,67,CloudOS.SystemBroker,23276,True,27.41,18.62,4246.54,181,5,0,16.42
2026-09-06T05:07:07Z,67,cloudos_flutter_shell,10800,True,221.96,1052.3,59783.92,584,53,0,133.53
2026-09-06T05:07:07Z,67,msedgewebview2,2436,True,131.26,41.58,2303491.38,1435,53,0,4.75
2026-09-06T05:07:07Z,67,msedgewebview2,15152,True,12.23,2.98,2203900.73,179,8,0,0.17
2026-09-06T05:07:07Z,67,msedgewebview2,5520,True,98.3,139.81,2254183.6,712,33,0,2.06
2026-09-06T05:07:07Z,67,msedgewebview2,7436,True,44.23,14.19,2253643.63,375,21,0,1.38
2026-09-06T05:07:07Z,67,msedgewebview2,6164,True,20.5,9.3,2253431.09,186,10,0,0.17
2026-09-06T05:07:07Z,67,msedgewebview2,14668,True,99.35,49.49,3698902.14,339,28,0,0.83
2026-09-06T05:08:07Z,68,CloudOS,17500,True,74.29,29.9,57751.42,790,14,0,65.62
2026-09-06T05:08:07Z,68,CloudOS.Supervisor,23280,True,6.86,1.38,4187.85,83,1,0,1.86
2026-09-06T05:08:07Z,68,CloudOS.SystemBroker,23276,True,27.41,18.62,4246.54,181,5,0,16.55
2026-09-06T05:08:07Z,68,cloudos_flutter_shell,10800,True,221.96,1052.3,59783.92,584,53,0,133.81
2026-09-06T05:08:07Z,68,msedgewebview2,2436,True,131.24,41.54,2303475.38,1435,52,0,4.75
2026-09-06T05:08:07Z,68,msedgewebview2,15152,True,12.23,2.98,2203900.73,179,8,0,0.17
2026-09-06T05:08:07Z,68,msedgewebview2,5520,True,98.3,139.81,2254183.6,712,33,0,2.06
2026-09-06T05:08:07Z,68,msedgewebview2,7436,True,44.23,14.19,2253643.63,375,21,0,1.38
2026-09-06T05:08:07Z,68,msedgewebview2,6164,True,20.5,9.3,2253431.09,186,10,0,0.17
2026-09-06T05:08:07Z,68,msedgewebview2,14668,True,99.35,49.49,3698902.14,339,28,0,0.83
2026-09-06T05:09:07Z,69,CloudOS,17500,True,74.29,29.9,57751.42,788,14,0,65.75
2026-09-06T05:09:07Z,69,CloudOS.Supervisor,23280,True,6.86,1.38,4187.85,83,1,0,1.86
2026-09-06T05:09:07Z,69,CloudOS.SystemBroker,23276,True,27.41,18.62,4246.54,181,5,0,16.73
2026-09-06T05:09:07Z,69,cloudos_flutter_shell,10800,True,221.96,1052.3,59783.92,584,53,0,134.02
2026-09-06T05:09:07Z,69,msedgewebview2,2436,True,131.24,41.54,2303475.38,1435,52,0,4.75
2026-09-06T05:09:07Z,69,msedgewebview2,15152,True,12.23,2.98,2203900.73,179,8,0,0.17
2026-09-06T05:09:07Z,69,msedgewebview2,5520,True,98.25,139.73,2254167.6,712,32,0,2.06
2026-09-06T05:09:07Z,69,msedgewebview2,7436,True,44.23,14.19,2253643.63,375,21,0,1.38
2026-09-06T05:09:07Z,69,msedgewebview2,6164,True,20.5,9.3,2253431.09,186,10,0,0.17
2026-09-06T05:09:07Z,69,msedgewebview2,14668,True,99.36,49.5,3698902.14,339,28,0,0.83
2026-09-06T05:10:07Z,70,CloudOS,17500,True,74.29,29.9,57751.42,790,14,0,65.84
2026-09-06T05:10:07Z,70,CloudOS.Supervisor,23280,True,6.86,1.38,4187.85,83,1,0,1.86
2026-09-06T05:10:07Z,70,CloudOS.SystemBroker,23276,True,27.41,18.62,4246.54,181,5,0,16.94
2026-09-06T05:10:07Z,70,cloudos_flutter_shell,10800,True,221.96,1052.3,59783.92,584,53,0,134.47
2026-09-06T05:10:07Z,70,msedgewebview2,2436,True,131.25,41.54,2303475.38,1435,52,0,4.77
2026-09-06T05:10:07Z,70,msedgewebview2,15152,True,12.23,2.98,2203900.73,179,8,0,0.17
2026-09-06T05:10:07Z,70,msedgewebview2,5520,True,98.3,139.81,2254183.6,712,33,0,2.06
2026-09-06T05:10:07Z,70,msedgewebview2,7436,True,44.24,14.2,2253643.63,375,21,0,1.38
2026-09-06T05:10:07Z,70,msedgewebview2,6164,True,20.5,9.3,2253431.09,186,10,0,0.17
2026-09-06T05:10:07Z,70,msedgewebview2,14668,True,99.35,49.49,3698902.14,339,28,0,0.83
2026-09-06T05:11:07Z,71,CloudOS,17500,True,74.29,29.9,57751.42,788,14,0,65.94
2026-09-06T05:11:07Z,71,CloudOS.Supervisor,23280,True,6.86,1.38,4187.85,83,1,0,1.86
2026-09-06T05:11:07Z,71,CloudOS.SystemBroker,23276,True,27.41,18.62,4246.54,181,5,0,17.14
2026-09-06T05:11:07Z,71,cloudos_flutter_shell,10800,True,221.96,1052.3,59783.92,584,53,0,134.83
2026-09-06T05:11:07Z,71,msedgewebview2,2436,True,131.24,41.54,2303475.38,1435,52,0,4.77
2026-09-06T05:11:07Z,71,msedgewebview2,15152,True,12.24,2.99,2203900.73,179,8,0,0.17
2026-09-06T05:11:07Z,71,msedgewebview2,5520,True,98.3,139.81,2254183.6,712,33,0,2.06
2026-09-06T05:11:07Z,71,msedgewebview2,7436,True,44.23,14.19,2253643.63,375,21,0,1.38
2026-09-06T05:11:07Z,71,msedgewebview2,6164,True,20.5,9.3,2253431.09,186,10,0,0.17
2026-09-06T05:11:07Z,71,msedgewebview2,14668,True,99.36,49.5,3698902.14,339,28,0,0.84
2026-09-06T05:12:07Z,72,CloudOS,17500,True,74.29,29.9,57751.42,790,14,0,66.03
2026-09-06T05:12:07Z,72,CloudOS.Supervisor,23280,True,6.86,1.38,4187.85,83,1,0,1.88
2026-09-06T05:12:07Z,72,CloudOS.SystemBroker,23276,True,27.41,18.62,4246.54,181,5,0,17.39
2026-09-06T05:12:07Z,72,cloudos_flutter_shell,10800,True,221.96,1052.3,59783.92,584,53,0,135.3
2026-09-06T05:12:07Z,72,msedgewebview2,2436,True,131.29,41.63,2303507.38,1437,54,0,4.78
2026-09-06T05:12:07Z,72,msedgewebview2,15152,True,12.24,2.99,2203900.73,179,8,0,0.17
2026-09-06T05:12:07Z,72,msedgewebview2,5520,True,98.3,139.81,2254183.6,712,33,0,2.06
2026-09-06T05:12:07Z,72,msedgewebview2,7436,True,44.23,14.19,2253643.63,375,21,0,1.38
2026-09-06T05:12:07Z,72,msedgewebview2,6164,True,20.5,9.3,2253431.09,186,10,0,0.17
2026-09-06T05:12:07Z,72,msedgewebview2,14668,True,99.35,49.49,3698902.14,339,28,0,0.84
2026-09-06T05:13:08Z,73,CloudOS,17500,True,74.29,29.9,57751.42,790,14,0,66.09
2026-09-06T05:13:08Z,73,CloudOS.Supervisor,23280,True,6.86,1.38,4187.85,83,1,0,1.91
2026-09-06T05:13:08Z,73,CloudOS.SystemBroker,23276,True,27.41,18.62,4246.54,181,5,0,17.66
2026-09-06T05:13:08Z,73,cloudos_flutter_shell,10800,True,221.96,1052.3,59783.92,584,53,0,135.61
2026-09-06T05:13:08Z,73,msedgewebview2,2436,True,131.29,41.63,2303507.38,1437,54,0,4.78
2026-09-06T05:13:08Z,73,msedgewebview2,15152,True,12.23,2.98,2203900.73,179,8,0,0.17
2026-09-06T05:13:08Z,73,msedgewebview2,5520,True,98.3,139.81,2254183.6,712,33,0,2.06
2026-09-06T05:13:08Z,73,msedgewebview2,7436,True,44.23,14.19,2253643.63,375,21,0,1.38
2026-09-06T05:13:08Z,73,msedgewebview2,6164,True,20.5,9.3,2253431.09,186,10,0,0.17
2026-09-06T05:13:08Z,73,msedgewebview2,14668,True,99.37,49.49,3698902.14,339,28,0,0.86
2026-09-06T05:14:08Z,74,CloudOS,17500,True,74.29,29.91,57751.42,790,14,0,66.14
2026-09-06T05:14:08Z,74,CloudOS.Supervisor,23280,True,6.86,1.38,4187.85,83,1,0,1.91
2026-09-06T05:14:08Z,74,CloudOS.SystemBroker,23276,True,27.41,18.62,4246.54,181,5,0,17.83
2026-09-06T05:14:08Z,74,cloudos_flutter_shell,10800,True,221.98,1052.3,59783.92,584,53,0,135.91
2026-09-06T05:14:08Z,74,msedgewebview2,2436,True,131.26,41.55,2303475.38,1437,52,0,4.78
2026-09-06T05:14:08Z,74,msedgewebview2,15152,True,12.24,2.99,2203900.73,179,8,0,0.17
2026-09-06T05:14:08Z,74,msedgewebview2,5520,True,98.28,139.78,2254183.6,712,33,0,2.06
2026-09-06T05:14:08Z,74,msedgewebview2,7436,True,44.32,14.28,2253643.63,377,21,0,1.39
2026-09-06T05:14:08Z,74,msedgewebview2,6164,True,20.5,9.3,2253431.09,186,10,0,0.17
2026-09-06T05:14:08Z,74,msedgewebview2,14668,True,99.37,49.49,3698902.14,339,28,0,0.86
2026-09-06T05:15:08Z,75,CloudOS,17500,True,74.29,29.91,57751.42,790,14,0,66.28
2026-09-06T05:15:08Z,75,CloudOS.Supervisor,23280,True,6.86,1.38,4187.85,83,1,0,1.92
2026-09-06T05:15:08Z,75,CloudOS.SystemBroker,23276,True,27.41,18.62,4246.54,181,5,0,18.02
2026-09-06T05:15:08Z,75,cloudos_flutter_shell,10800,True,221.98,1052.3,59783.92,584,53,0,136.16
2026-09-06T05:15:08Z,75,msedgewebview2,2436,True,131.29,41.63,2303507.38,1439,54,0,4.78
2026-09-06T05:15:08Z,75,msedgewebview2,15152,True,12.22,2.95,2203884.73,179,7,0,0.17
2026-09-06T05:15:08Z,75,msedgewebview2,5520,True,98.28,139.78,2254183.6,712,33,0,2.06
2026-09-06T05:15:08Z,75,msedgewebview2,7436,True,44.28,14.28,2253675.63,379,23,0,1.39
2026-09-06T05:15:08Z,75,msedgewebview2,6164,True,20.5,9.3,2253431.09,186,10,0,0.17
2026-09-06T05:15:08Z,75,msedgewebview2,14668,True,99.37,49.49,3698902.14,339,28,0,0.86
2026-09-06T05:16:08Z,76,CloudOS,17500,True,74.29,29.91,57751.42,790,14,0,66.38
2026-09-06T05:16:08Z,76,CloudOS.Supervisor,23280,True,6.86,1.38,4187.85,83,1,0,1.94
2026-09-06T05:16:08Z,76,CloudOS.SystemBroker,23276,True,27.41,18.62,4246.54,181,5,0,18.27
2026-09-06T05:16:08Z,76,cloudos_flutter_shell,10800,True,221.98,1052.3,59783.92,584,53,0,136.61
2026-09-06T05:16:08Z,76,msedgewebview2,2436,True,131.27,41.59,2303491.38,1437,53,0,4.78
2026-09-06T05:16:08Z,76,msedgewebview2,15152,True,12.22,2.95,2203884.73,179,7,0,0.17
2026-09-06T05:16:08Z,76,msedgewebview2,5520,True,98.26,139.74,2254167.6,712,32,0,2.06
2026-09-06T05:16:08Z,76,msedgewebview2,7436,True,44.25,14.23,2253659.63,377,22,0,1.39
2026-09-06T05:16:08Z,76,msedgewebview2,6164,True,20.5,9.3,2253431.09,186,10,0,0.19
2026-09-06T05:16:08Z,76,msedgewebview2,14668,True,99.37,49.49,3698902.14,339,28,0,0.86
2026-09-06T05:17:08Z,77,CloudOS,17500,True,74.29,29.91,57751.42,790,14,0,66.48
2026-09-06T05:17:08Z,77,CloudOS.Supervisor,23280,True,6.86,1.38,4187.85,83,1,0,1.95
2026-09-06T05:17:08Z,77,CloudOS.SystemBroker,23276,True,27.41,18.62,4246.54,181,5,0,18.47
2026-09-06T05:17:08Z,77,cloudos_flutter_shell,10800,True,221.98,1052.3,59783.92,584,53,0,136.95
2026-09-06T05:17:08Z,77,msedgewebview2,2436,True,131.28,41.59,2303491.38,1437,53,0,4.78
2026-09-06T05:17:08Z,77,msedgewebview2,15152,True,12.22,2.95,2203884.73,179,7,0,0.17
2026-09-06T05:17:08Z,77,msedgewebview2,5520,True,98.28,139.78,2254183.6,712,33,0,2.06
2026-09-06T05:17:08Z,77,msedgewebview2,7436,True,44.24,14.2,2253643.63,375,21,0,1.39
2026-09-06T05:17:08Z,77,msedgewebview2,6164,True,20.5,9.3,2253431.09,186,10,0,0.19
2026-09-06T05:17:08Z,77,msedgewebview2,14668,True,99.37,49.5,3698902.14,339,28,0,0.86
2026-09-06T05:18:08Z,78,CloudOS,17500,True,74.29,29.91,57751.42,788,14,0,66.59
2026-09-06T05:18:08Z,78,CloudOS.Supervisor,23280,True,6.86,1.38,4187.85,83,1,0,1.95
2026-09-06T05:18:08Z,78,CloudOS.SystemBroker,23276,True,27.41,18.62,4246.54,181,5,0,18.64
2026-09-06T05:18:08Z,78,cloudos_flutter_shell,10800,True,221.98,1052.3,59783.92,584,53,0,137.19
2026-09-06T05:18:08Z,78,msedgewebview2,2436,True,131.25,41.54,2303475.38,1435,52,0,4.8
2026-09-06T05:18:08Z,78,msedgewebview2,15152,True,12.22,2.95,2203884.73,179,7,0,0.17
2026-09-06T05:18:08Z,78,msedgewebview2,5520,True,98.26,139.74,2254167.6,712,32,0,2.06
2026-09-06T05:18:08Z,78,msedgewebview2,7436,True,44.23,14.19,2253643.63,375,21,0,1.41
2026-09-06T05:18:08Z,78,msedgewebview2,6164,True,20.5,9.3,2253431.09,186,10,0,0.19
2026-09-06T05:18:08Z,78,msedgewebview2,14668,True,99.37,49.49,3698902.14,339,28,0,0.86
2026-09-06T05:19:09Z,79,CloudOS,17500,True,74.29,29.91,57751.42,790,14,0,66.66
2026-09-06T05:19:09Z,79,CloudOS.Supervisor,23280,True,6.86,1.38,4187.85,83,1,0,1.95
2026-09-06T05:19:09Z,79,CloudOS.SystemBroker,23276,True,27.41,18.62,4246.54,181,5,0,18.83
2026-09-06T05:19:09Z,79,cloudos_flutter_shell,10800,True,221.97,1052.3,59783.92,584,53,0,137.39
2026-09-06T05:19:09Z,79,msedgewebview2,2436,True,131.24,41.54,2303475.38,1435,52,0,4.8
2026-09-06T05:19:09Z,79,msedgewebview2,15152,True,12.22,2.95,2203884.73,179,7,0,0.17
2026-09-06T05:19:09Z,79,msedgewebview2,5520,True,98.25,139.74,2254167.6,712,32,0,2.06
2026-09-06T05:19:09Z,79,msedgewebview2,7436,True,44.23,14.19,2253643.63,375,21,0,1.41
2026-09-06T05:19:09Z,79,msedgewebview2,6164,True,20.5,9.3,2253431.09,186,10,0,0.19
2026-09-06T05:19:09Z,79,msedgewebview2,14668,True,99.37,49.49,3698902.14,339,28,0,0.86
2026-09-06T05:20:09Z,80,CloudOS,17500,True,74.29,29.9,57751.42,788,14,0,66.75
2026-09-06T05:20:09Z,80,CloudOS.Supervisor,23280,True,6.86,1.38,4187.85,83,1,0,1.97
2026-09-06T05:20:09Z,80,CloudOS.SystemBroker,23276,True,27.41,18.62,4246.54,181,5,0,19.05
2026-09-06T05:20:09Z,80,cloudos_flutter_shell,10800,True,221.97,1052.3,59783.92,584,53,0,137.81
2026-09-06T05:20:09Z,80,msedgewebview2,2436,True,131.22,41.5,2303459.38,1435,51,0,4.8
2026-09-06T05:20:09Z,80,msedgewebview2,15152,True,12.22,2.95,2203884.73,179,7,0,0.17
2026-09-06T05:20:09Z,80,msedgewebview2,5520,True,98.26,139.78,2254183.6,712,33,0,2.06
2026-09-06T05:20:09Z,80,msedgewebview2,7436,True,44.23,14.19,2253643.63,375,21,0,1.41
2026-09-06T05:20:09Z,80,msedgewebview2,6164,True,20.5,9.3,2253431.09,186,10,0,0.19
2026-09-06T05:20:09Z,80,msedgewebview2,14668,True,99.37,49.49,3698902.14,339,28,0,0.88
2026-09-06T05:21:09Z,81,CloudOS,17500,True,74.29,29.9,57751.42,790,14,0,66.81
2026-09-06T05:21:09Z,81,CloudOS.Supervisor,23280,True,6.86,1.38,4187.85,83,1,0,1.98
2026-09-06T05:21:09Z,81,CloudOS.SystemBroker,23276,True,27.41,18.62,4246.54,181,5,0,19.2
2026-09-06T05:21:09Z,81,cloudos_flutter_shell,10800,True,221.95,1052.27,59782.92,584,52,0,138.06
2026-09-06T05:21:09Z,81,msedgewebview2,2436,True,131.22,41.5,2303459.38,1435,51,0,4.8
2026-09-06T05:21:09Z,81,msedgewebview2,15152,True,12.22,2.95,2203884.73,179,7,0,0.17
2026-09-06T05:21:09Z,81,msedgewebview2,5520,True,98.26,139.78,2254183.6,712,33,0,2.06
2026-09-06T05:21:09Z,81,msedgewebview2,7436,True,44.23,14.19,2253643.63,375,21,0,1.41
2026-09-06T05:21:09Z,81,msedgewebview2,6164,True,20.5,9.3,2253431.09,186,10,0,0.19
2026-09-06T05:21:09Z,81,msedgewebview2,14668,True,99.37,49.49,3698902.14,339,28,0,0.88
2026-09-06T05:22:09Z,82,CloudOS,17500,True,74.29,29.9,57751.42,790,14,0,66.94
2026-09-06T05:22:09Z,82,CloudOS.Supervisor,23280,True,6.86,1.38,4187.85,83,1,0,1.98
2026-09-06T05:22:09Z,82,CloudOS.SystemBroker,23276,True,27.41,18.62,4246.54,181,5,0,19.34
2026-09-06T05:22:09Z,82,cloudos_flutter_shell,10800,True,221.98,1052.29,59783.92,584,53,0,138.36
2026-09-06T05:22:09Z,82,msedgewebview2,2436,True,131.26,41.58,2303491.38,1435,53,0,4.8
2026-09-06T05:22:09Z,82,msedgewebview2,15152,True,12.22,2.95,2203884.73,179,7,0,0.17
2026-09-06T05:22:09Z,82,msedgewebview2,5520,True,98.25,139.74,2254167.6,712,32,0,2.06
2026-09-06T05:22:09Z,82,msedgewebview2,7436,True,44.23,14.19,2253643.63,375,21,0,1.41
2026-09-06T05:22:09Z,82,msedgewebview2,6164,True,20.5,9.3,2253431.09,186,10,0,0.19
2026-09-06T05:22:09Z,82,msedgewebview2,14668,True,99.37,49.49,3698902.14,339,28,0,0.88
2026-09-06T05:23:09Z,83,CloudOS,17500,True,74.29,29.9,57751.42,790,14,0,66.97
2026-09-06T05:23:09Z,83,CloudOS.Supervisor,23280,True,6.86,1.38,4187.85,83,1,0,2
2026-09-06T05:23:09Z,83,CloudOS.SystemBroker,23276,True,27.41,18.62,4246.54,181,5,0,19.58
2026-09-06T05:23:09Z,83,cloudos_flutter_shell,10800,True,221.98,1052.29,59783.92,584,53,0,138.61
2026-09-06T05:23:09Z,83,msedgewebview2,2436,True,131.26,41.58,2303491.38,1435,53,0,4.8
2026-09-06T05:23:09Z,83,msedgewebview2,15152,True,12.23,2.98,2203900.73,179,8,0,0.17
2026-09-06T05:23:09Z,83,msedgewebview2,5520,True,98.27,139.78,2254183.6,712,33,0,2.08
2026-09-06T05:23:09Z,83,msedgewebview2,7436,True,44.23,14.19,2253643.63,375,21,0,1.41
2026-09-06T05:23:09Z,83,msedgewebview2,6164,True,20.5,9.3,2253431.09,186,10,0,0.19
2026-09-06T05:23:09Z,83,msedgewebview2,14668,True,99.37,49.5,3698902.14,339,28,0,0.88
2026-09-06T05:24:09Z,84,CloudOS,17500,True,74.29,29.9,57751.42,790,14,0,67.09
2026-09-06T05:24:09Z,84,CloudOS.Supervisor,23280,True,6.86,1.38,4187.85,83,1,0,2
2026-09-06T05:24:09Z,84,CloudOS.SystemBroker,23276,True,27.41,18.62,4246.54,181,5,0,19.77
2026-09-06T05:24:09Z,84,cloudos_flutter_shell,10800,True,221.98,1052.29,59783.92,584,53,0,138.94
2026-09-06T05:24:09Z,84,msedgewebview2,2436,True,131.25,41.55,2303475.38,1437,52,0,4.81
2026-09-06T05:24:09Z,84,msedgewebview2,15152,True,12.23,2.98,2203900.73,179,8,0,0.17
2026-09-06T05:24:09Z,84,msedgewebview2,5520,True,98.27,139.78,2254183.6,712,33,0,2.08
2026-09-06T05:24:09Z,84,msedgewebview2,7436,True,44.28,14.24,2253643.63,377,21,0,1.42
2026-09-06T05:24:09Z,84,msedgewebview2,6164,True,20.5,9.3,2253431.09,186,10,0,0.2
2026-09-06T05:24:09Z,84,msedgewebview2,14668,True,99.37,49.49,3698902.14,339,28,0,0.88
2026-09-06T05:25:09Z,85,CloudOS,17500,True,74.29,29.9,57751.42,790,14,0,67.2
2026-09-06T05:25:09Z,85,CloudOS.Supervisor,23280,True,6.86,1.38,4187.85,83,1,0,2
2026-09-06T05:25:09Z,85,CloudOS.SystemBroker,23276,True,27.41,18.62,4246.54,181,5,0,20.06
2026-09-06T05:25:09Z,85,cloudos_flutter_shell,10800,True,221.98,1052.29,59783.92,584,53,0,139.27
2026-09-06T05:25:09Z,85,msedgewebview2,2436,True,131.29,41.63,2303507.38,1437,54,0,4.81
2026-09-06T05:25:09Z,85,msedgewebview2,15152,True,12.23,2.98,2203900.73,179,8,0,0.17
2026-09-06T05:25:09Z,85,msedgewebview2,5520,True,98.27,139.78,2254183.6,712,33,0,2.08
2026-09-06T05:25:09Z,85,msedgewebview2,7436,True,44.27,14.28,2253675.63,377,23,0,1.44
2026-09-06T05:25:09Z,85,msedgewebview2,6164,True,20.5,9.3,2253431.09,186,10,0,0.2
2026-09-06T05:25:09Z,85,msedgewebview2,14668,True,99.37,49.49,3698902.14,339,28,0,0.88
2026-09-06T05:26:10Z,86,CloudOS,17500,True,74.29,29.9,57751.42,790,14,0,67.23
2026-09-06T05:26:10Z,86,CloudOS.Supervisor,23280,True,6.86,1.38,4187.85,83,1,0,2
2026-09-06T05:26:10Z,86,CloudOS.SystemBroker,23276,True,27.41,18.62,4246.54,181,5,0,20.19
2026-09-06T05:26:10Z,86,cloudos_flutter_shell,10800,True,221.98,1052.3,59783.92,584,53,0,139.41
2026-09-06T05:26:10Z,86,msedgewebview2,2436,True,131.23,41.53,2303475.38,1435,52,0,4.81
2026-09-06T05:26:10Z,86,msedgewebview2,15152,True,12.23,2.98,2203900.73,179,8,0,0.17
2026-09-06T05:26:10Z,86,msedgewebview2,5520,True,98.28,139.78,2254183.6,712,33,0,2.08
2026-09-06T05:26:10Z,86,msedgewebview2,7436,True,44.24,14.2,2253643.63,375,21,0,1.44
2026-09-06T05:26:10Z,86,msedgewebview2,6164,True,20.5,9.3,2253431.09,186,10,0,0.2
2026-09-06T05:26:10Z,86,msedgewebview2,14668,True,99.37,49.49,3698902.14,339,28,0,0.88
2026-09-06T05:27:10Z,87,CloudOS,17500,True,74.29,29.91,57751.42,788,14,0,67.28
2026-09-06T05:27:10Z,87,CloudOS.Supervisor,23280,True,6.86,1.38,4187.85,83,1,0,2.02
2026-09-06T05:27:10Z,87,CloudOS.SystemBroker,23276,True,27.41,18.62,4246.54,181,5,0,20.34
2026-09-06T05:27:10Z,87,cloudos_flutter_shell,10800,True,221.98,1052.3,59783.92,584,53,0,139.59
2026-09-06T05:27:10Z,87,msedgewebview2,2436,True,131.29,41.63,2303507.38,1439,54,0,4.81
2026-09-06T05:27:10Z,87,msedgewebview2,15152,True,12.24,2.99,2203900.73,179,8,0,0.17
2026-09-06T05:27:10Z,87,msedgewebview2,5520,True,98.29,139.78,2254183.6,712,33,0,2.09
2026-09-06T05:27:10Z,87,msedgewebview2,7436,True,44.23,14.19,2253643.63,375,21,0,1.45
2026-09-06T05:27:10Z,87,msedgewebview2,6164,True,20.5,9.3,2253431.09,186,10,0,0.2
2026-09-06T05:27:10Z,87,msedgewebview2,14668,True,99.37,49.49,3698902.14,339,28,0,0.88
2026-09-06T05:28:10Z,88,CloudOS,17500,True,74.29,29.91,57751.42,790,14,0,67.42
2026-09-06T05:28:10Z,88,CloudOS.Supervisor,23280,True,6.86,1.38,4187.85,83,1,0,2.02
2026-09-06T05:28:10Z,88,CloudOS.SystemBroker,23276,True,27.41,18.62,4246.54,181,5,0,20.45
2026-09-06T05:28:10Z,88,cloudos_flutter_shell,10800,True,221.98,1052.3,59783.92,584,53,0,139.8
2026-09-06T05:28:10Z,88,msedgewebview2,2436,True,131.27,41.59,2303491.38,1437,53,0,4.81
2026-09-06T05:28:10Z,88,msedgewebview2,15152,True,12.23,2.98,2203900.73,179,8,0,0.17
2026-09-06T05:28:10Z,88,msedgewebview2,5520,True,98.28,139.78,2254183.6,712,33,0,2.09
2026-09-06T05:28:10Z,88,msedgewebview2,7436,True,44.24,14.19,2253643.63,375,21,0,1.45
2026-09-06T05:28:10Z,88,msedgewebview2,6164,True,20.5,9.3,2253431.09,186,10,0,0.2
2026-09-06T05:28:10Z,88,msedgewebview2,14668,True,99.37,49.49,3698902.14,339,28,0,0.88
2026-09-06T05:29:10Z,89,CloudOS,17500,True,74.29,29.91,57751.42,788,14,0,67.5
2026-09-06T05:29:10Z,89,CloudOS.Supervisor,23280,True,6.86,1.38,4187.85,83,1,0,2.02
2026-09-06T05:29:10Z,89,CloudOS.SystemBroker,23276,True,27.41,18.62,4246.54,181,5,0,20.61
2026-09-06T05:29:10Z,89,cloudos_flutter_shell,10800,True,221.98,1052.3,59783.92,584,53,0,140.02
2026-09-06T05:29:10Z,89,msedgewebview2,2436,True,131.29,41.63,2303507.38,1439,54,0,4.81
2026-09-06T05:29:10Z,89,msedgewebview2,15152,True,12.23,2.98,2203900.73,179,8,0,0.17
2026-09-06T05:29:10Z,89,msedgewebview2,5520,True,98.28,139.78,2254183.6,712,33,0,2.09
2026-09-06T05:29:10Z,89,msedgewebview2,7436,True,44.3,14.3,2253675.63,379,23,0,1.45
2026-09-06T05:29:10Z,89,msedgewebview2,6164,True,20.5,9.3,2253431.09,186,10,0,0.2
2026-09-06T05:29:10Z,89,msedgewebview2,14668,True,99.37,49.49,3698902.14,339,28,0,0.88
2026-09-06T05:30:10Z,90,CloudOS,17500,True,74.29,29.91,57751.42,790,14,0,67.58
2026-09-06T05:30:10Z,90,CloudOS.Supervisor,23280,True,6.86,1.38,4187.85,83,1,0,2.02
2026-09-06T05:30:10Z,90,CloudOS.SystemBroker,23276,True,27.41,18.62,4246.54,181,5,0,20.7
2026-09-06T05:30:10Z,90,cloudos_flutter_shell,10800,True,221.97,1052.27,59782.92,584,52,0,140.22
2026-09-06T05:30:10Z,90,msedgewebview2,2436,True,131.28,41.62,2303507.38,1439,54,0,4.81
2026-09-06T05:30:10Z,90,msedgewebview2,15152,True,12.23,2.98,2203900.73,179,8,0,0.17
2026-09-06T05:30:10Z,90,msedgewebview2,5520,True,98.28,139.78,2254183.6,712,33,0,2.09
2026-09-06T05:30:10Z,90,msedgewebview2,7436,True,44.28,14.28,2253675.63,379,23,0,1.45
2026-09-06T05:30:10Z,90,msedgewebview2,6164,True,20.5,9.3,2253431.09,186,10,0,0.2
2026-09-06T05:30:10Z,90,msedgewebview2,14668,True,99.37,49.49,3698902.14,339,28,0,0.88
2026-09-06T05:31:10Z,91,CloudOS,17500,True,74.28,29.89,57750.42,788,13,0,67.75
2026-09-06T05:31:10Z,91,CloudOS.Supervisor,23280,True,6.86,1.38,4187.85,83,1,0,2.03
2026-09-06T05:31:10Z,91,CloudOS.SystemBroker,23276,True,27.41,18.62,4246.54,181,5,0,20.89
2026-09-06T05:31:10Z,91,cloudos_flutter_shell,10800,True,221.99,1052.3,59783.92,584,53,0,140.56
2026-09-06T05:31:10Z,91,msedgewebview2,2436,True,131.28,41.62,2303507.38,1439,54,0,4.81
2026-09-06T05:31:10Z,91,msedgewebview2,15152,True,12.23,2.98,2203900.73,179,8,0,0.17
2026-09-06T05:31:10Z,91,msedgewebview2,5520,True,98.32,139.81,2254183.6,712,33,0,2.09
2026-09-06T05:31:10Z,91,msedgewebview2,7436,True,44.28,14.28,2253675.63,379,23,0,1.45
2026-09-06T05:31:10Z,91,msedgewebview2,6164,True,20.5,9.3,2253431.09,186,10,0,0.2
2026-09-06T05:31:10Z,91,msedgewebview2,14668,True,99.37,49.49,3698902.14,339,28,0,0.88
2026-09-06T05:32:11Z,92,CloudOS,17500,True,74.3,29.91,57751.42,790,14,0,67.81
2026-09-06T05:32:11Z,92,CloudOS.Supervisor,23280,True,6.86,1.38,4187.85,83,1,0,2.05
2026-09-06T05:32:11Z,92,CloudOS.SystemBroker,23276,True,27.41,18.62,4246.54,181,5,0,21.03
2026-09-06T05:32:11Z,92,cloudos_flutter_shell,10800,True,221.99,1052.3,59783.92,584,53,0,140.83
2026-09-06T05:32:11Z,92,msedgewebview2,2436,True,131.26,41.58,2303491.38,1435,53,0,4.81
2026-09-06T05:32:11Z,92,msedgewebview2,15152,True,12.23,2.98,2203900.73,179,8,0,0.17
2026-09-06T05:32:11Z,92,msedgewebview2,5520,True,98.32,139.81,2254183.6,712,33,0,2.09
2026-09-06T05:32:11Z,92,msedgewebview2,7436,True,44.24,14.19,2253643.63,375,21,0,1.45
2026-09-06T05:32:11Z,92,msedgewebview2,6164,True,20.5,9.3,2253431.09,186,10,0,0.2
2026-09-06T05:32:11Z,92,msedgewebview2,14668,True,99.37,49.49,3698902.14,339,28,0,0.88
2026-09-06T05:33:11Z,93,CloudOS,17500,True,74.3,29.91,57751.42,790,14,0,67.94
2026-09-06T05:33:11Z,93,CloudOS.Supervisor,23280,True,6.86,1.38,4187.85,83,1,0,2.05
2026-09-06T05:33:11Z,93,CloudOS.SystemBroker,23276,True,27.41,18.62,4246.54,181,5,0,21.12
2026-09-06T05:33:11Z,93,cloudos_flutter_shell,10800,True,221.99,1052.3,59783.92,584,53,0,141.08
2026-09-06T05:33:11Z,93,msedgewebview2,2436,True,131.26,41.58,2303491.38,1435,53,0,4.81
2026-09-06T05:33:11Z,93,msedgewebview2,15152,True,12.23,2.98,2203900.73,179,8,0,0.17
2026-09-06T05:33:11Z,93,msedgewebview2,5520,True,98.31,139.81,2254183.6,712,33,0,2.11
2026-09-06T05:33:11Z,93,msedgewebview2,7436,True,44.24,14.2,2253643.63,375,21,0,1.45
2026-09-06T05:33:11Z,93,msedgewebview2,6164,True,20.5,9.3,2253431.09,186,10,0,0.2
2026-09-06T05:33:11Z,93,msedgewebview2,14668,True,99.37,49.49,3698902.14,339,28,0,0.88
2026-09-06T05:34:11Z,94,CloudOS,17500,True,74.32,29.95,57751.42,790,14,0,68.03
2026-09-06T05:34:11Z,94,CloudOS.Supervisor,23280,True,6.86,1.38,4187.85,83,1,0,2.05
2026-09-06T05:34:11Z,94,CloudOS.SystemBroker,23276,True,27.41,18.62,4246.54,181,5,0,21.31
2026-09-06T05:34:11Z,94,cloudos_flutter_shell,10800,True,221.97,1052.3,59783.92,584,53,0,141.3
2026-09-06T05:34:11Z,94,msedgewebview2,2436,True,131.25,41.55,2303475.38,1437,52,0,4.83
2026-09-06T05:34:11Z,94,msedgewebview2,15152,True,12.23,2.98,2203900.73,179,8,0,0.17
2026-09-06T05:34:11Z,94,msedgewebview2,5520,True,98.27,139.81,2254183.6,712,33,0,2.11
2026-09-06T05:34:11Z,94,msedgewebview2,7436,True,44.3,14.27,2253643.63,377,21,0,1.45
2026-09-06T05:34:11Z,94,msedgewebview2,6164,True,20.5,9.3,2253431.09,186,10,0,0.2
2026-09-06T05:34:11Z,94,msedgewebview2,14668,True,99.37,49.49,3698902.14,339,28,0,0.88
2026-09-06T05:35:11Z,95,CloudOS,17500,True,74.32,29.95,57751.42,790,14,0,68.22
2026-09-06T05:35:11Z,95,CloudOS.Supervisor,23280,True,6.86,1.38,4187.85,83,1,0,2.05
2026-09-06T05:35:11Z,95,CloudOS.SystemBroker,23276,True,27.41,18.62,4246.54,181,5,0,21.58
2026-09-06T05:35:11Z,95,cloudos_flutter_shell,10800,True,221.98,1052.29,59783.92,584,53,0,141.61
2026-09-06T05:35:11Z,95,msedgewebview2,2436,True,131.29,41.63,2303507.38,1437,54,0,4.83
2026-09-06T05:35:11Z,95,msedgewebview2,15152,True,12.23,2.98,2203900.73,179,8,0,0.17
2026-09-06T05:35:11Z,95,msedgewebview2,5520,True,98.3,139.81,2254183.6,712,33,0,2.11
2026-09-06T05:35:11Z,95,msedgewebview2,7436,True,44.27,14.27,2253675.63,377,23,0,1.45
2026-09-06T05:35:11Z,95,msedgewebview2,6164,True,20.5,9.3,2253431.09,186,10,0,0.2
2026-09-06T05:35:11Z,95,msedgewebview2,14668,True,99.37,49.49,3698902.14,339,28,0,0.88
2026-09-06T05:36:11Z,96,CloudOS,17500,True,74.31,29.94,57751.42,788,14,0,68.27
2026-09-06T05:36:11Z,96,CloudOS.Supervisor,23280,True,6.86,1.38,4187.85,83,1,0,2.05
2026-09-06T05:36:11Z,96,CloudOS.SystemBroker,23276,True,27.41,18.62,4246.54,181,5,0,21.8
2026-09-06T05:36:11Z,96,cloudos_flutter_shell,10800,True,221.98,1052.29,59783.92,584,53,0,141.84
2026-09-06T05:36:11Z,96,msedgewebview2,2436,True,131.24,41.54,2303475.38,1435,52,0,4.84
2026-09-06T05:36:11Z,96,msedgewebview2,15152,True,12.23,2.98,2203900.73,179,8,0,0.17
2026-09-06T05:36:11Z,96,msedgewebview2,5520,True,98.3,139.81,2254183.6,712,33,0,2.11
2026-09-06T05:36:11Z,96,msedgewebview2,7436,True,44.24,14.2,2253643.63,375,21,0,1.45
2026-09-06T05:36:11Z,96,msedgewebview2,6164,True,20.5,9.3,2253431.09,186,10,0,0.2
2026-09-06T05:36:11Z,96,msedgewebview2,14668,True,99.37,49.49,3698902.14,339,28,0,0.88
2026-09-06T05:37:11Z,97,CloudOS,17500,True,74.31,29.94,57751.42,790,14,0,68.41
2026-09-06T05:37:11Z,97,CloudOS.Supervisor,23280,True,6.86,1.38,4187.85,83,1,0,2.05
2026-09-06T05:37:11Z,97,CloudOS.SystemBroker,23276,True,27.41,18.62,4246.54,181,5,0,21.98
2026-09-06T05:37:11Z,97,cloudos_flutter_shell,10800,True,221.98,1052.29,59783.92,584,53,0,142.12
2026-09-06T05:37:11Z,97,msedgewebview2,2436,True,131.26,41.58,2303491.38,1435,53,0,4.84
2026-09-06T05:37:11Z,97,msedgewebview2,15152,True,12.23,2.98,2203900.73,179,8,0,0.17
2026-09-06T05:37:11Z,97,msedgewebview2,5520,True,98.3,139.81,2254183.6,712,33,0,2.11
2026-09-06T05:37:11Z,97,msedgewebview2,7436,True,44.24,14.19,2253643.63,375,21,0,1.45
2026-09-06T05:37:11Z,97,msedgewebview2,6164,True,20.5,9.3,2253431.09,186,10,0,0.2
2026-09-06T05:37:11Z,97,msedgewebview2,14668,True,99.37,49.49,3698902.14,339,28,0,0.88
2026-09-06T05:38:11Z,98,CloudOS,17500,True,74.31,29.94,57751.42,788,14,0,68.58
2026-09-06T05:38:11Z,98,CloudOS.Supervisor,23280,True,6.86,1.38,4187.85,83,1,0,2.05
2026-09-06T05:38:11Z,98,CloudOS.SystemBroker,23276,True,27.41,18.62,4246.54,181,5,0,22.16
2026-09-06T05:38:11Z,98,cloudos_flutter_shell,10800,True,221.98,1052.29,59783.92,584,53,0,142.38
2026-09-06T05:38:11Z,98,msedgewebview2,2436,True,131.23,41.53,2303475.38,1435,52,0,4.84
2026-09-06T05:38:11Z,98,msedgewebview2,15152,True,12.23,2.98,2203900.73,179,8,0,0.17
2026-09-06T05:38:11Z,98,msedgewebview2,5520,True,98.3,139.81,2254183.6,712,33,0,2.11
2026-09-06T05:38:11Z,98,msedgewebview2,7436,True,44.24,14.19,2253643.63,375,21,0,1.45
2026-09-06T05:38:11Z,98,msedgewebview2,6164,True,20.5,9.3,2253431.09,186,10,0,0.2
2026-09-06T05:38:11Z,98,msedgewebview2,14668,True,99.37,49.49,3698902.14,339,28,0,0.88
2026-09-06T05:39:12Z,99,CloudOS,17500,True,74.31,29.94,57751.42,790,14,0,68.61
2026-09-06T05:39:12Z,99,CloudOS.Supervisor,23280,True,6.86,1.38,4187.85,83,1,0,2.05
2026-09-06T05:39:12Z,99,CloudOS.SystemBroker,23276,True,27.41,18.62,4246.54,181,5,0,22.27
2026-09-06T05:39:12Z,99,cloudos_flutter_shell,10800,True,221.96,1052.27,59782.92,584,52,0,142.73
2026-09-06T05:39:12Z,99,msedgewebview2,2436,True,131.23,41.53,2303475.38,1435,52,0,4.84
2026-09-06T05:39:12Z,99,msedgewebview2,15152,True,12.24,2.99,2203900.73,179,8,0,0.17
2026-09-06T05:39:12Z,99,msedgewebview2,5520,True,98.25,139.73,2254167.6,712,32,0,2.11
2026-09-06T05:39:12Z,99,msedgewebview2,7436,True,44.24,14.2,2253643.63,375,21,0,1.45
2026-09-06T05:39:12Z,99,msedgewebview2,6164,True,20.5,9.3,2253431.09,186,10,0,0.2
2026-09-06T05:39:12Z,99,msedgewebview2,14668,True,99.37,49.49,3698902.14,339,28,0,0.88
2026-09-06T05:40:12Z,100,CloudOS,17500,True,74.31,29.92,57750.42,788,13,0,68.64
2026-09-06T05:40:12Z,100,CloudOS.Supervisor,23280,True,6.86,1.38,4187.85,83,1,0,2.05
2026-09-06T05:40:12Z,100,CloudOS.SystemBroker,23276,True,27.41,18.62,4246.54,181,5,0,22.45
2026-09-06T05:40:12Z,100,cloudos_flutter_shell,10800,True,221.99,1052.3,59783.92,584,53,0,142.98
2026-09-06T05:40:12Z,100,msedgewebview2,2436,True,131.23,41.53,2303475.38,1435,52,0,4.86
2026-09-06T05:40:12Z,100,msedgewebview2,15152,True,12.23,2.98,2203900.73,179,8,0,0.17
2026-09-06T05:40:12Z,100,msedgewebview2,5520,True,98.3,139.81,2254183.6,712,33,0,2.11
2026-09-06T05:40:12Z,100,msedgewebview2,7436,True,44.24,14.19,2253643.63,375,21,0,1.45
2026-09-06T05:40:12Z,100,msedgewebview2,6164,True,20.5,9.3,2253431.09,186,10,0,0.2
2026-09-06T05:40:12Z,100,msedgewebview2,14668,True,99.37,49.5,3698902.14,339,28,0,0.88
2026-09-06T05:41:12Z,101,CloudOS,17500,True,74.32,29.94,57751.42,790,14,0,68.73
2026-09-06T05:41:12Z,101,CloudOS.Supervisor,23280,True,6.86,1.38,4187.85,83,1,0,2.05
2026-09-06T05:41:12Z,101,CloudOS.SystemBroker,23276,True,27.41,18.62,4246.54,181,5,0,22.62
2026-09-06T05:41:12Z,101,cloudos_flutter_shell,10800,True,221.99,1052.3,59783.92,584,53,0,143.23
2026-09-06T05:41:12Z,101,msedgewebview2,2436,True,131.23,41.53,2303475.38,1435,52,0,4.86
2026-09-06T05:41:12Z,101,msedgewebview2,15152,True,12.23,2.98,2203900.73,179,8,0,0.17
2026-09-06T05:41:12Z,101,msedgewebview2,5520,True,98.3,139.81,2254183.6,712,33,0,2.11
2026-09-06T05:41:12Z,101,msedgewebview2,7436,True,44.24,14.19,2253643.63,375,21,0,1.45
2026-09-06T05:41:12Z,101,msedgewebview2,6164,True,20.5,9.3,2253431.09,186,10,0,0.2
2026-09-06T05:41:12Z,101,msedgewebview2,14668,True,99.37,49.49,3698902.14,339,28,0,0.88
2026-09-06T05:42:12Z,102,CloudOS,17500,True,74.32,29.94,57751.42,790,14,0,68.83
2026-09-06T05:42:12Z,102,CloudOS.Supervisor,23280,True,6.86,1.38,4187.85,83,1,0,2.05
2026-09-06T05:42:12Z,102,CloudOS.SystemBroker,23276,True,27.41,18.62,4246.54,181,5,0,22.88
2026-09-06T05:42:12Z,102,cloudos_flutter_shell,10800,True,221.99,1052.3,59783.92,584,53,0,143.64
2026-09-06T05:42:12Z,102,msedgewebview2,2436,True,131.29,41.62,2303507.38,1437,54,0,4.86
2026-09-06T05:42:12Z,102,msedgewebview2,15152,True,12.23,2.98,2203900.73,179,8,0,0.17
2026-09-06T05:42:12Z,102,msedgewebview2,5520,True,98.3,139.81,2254183.6,712,33,0,2.11
2026-09-06T05:42:12Z,102,msedgewebview2,7436,True,44.24,14.19,2253643.63,375,21,0,1.45
2026-09-06T05:42:12Z,102,msedgewebview2,6164,True,20.5,9.3,2253431.09,186,10,0,0.2
2026-09-06T05:42:12Z,102,msedgewebview2,14668,True,99.36,49.46,3698894.14,339,27,0,0.88
2026-09-06T05:43:12Z,103,CloudOS,17500,True,74.32,29.94,57751.42,790,14,0,68.95
2026-09-06T05:43:12Z,103,CloudOS.Supervisor,23280,True,6.86,1.38,4187.85,83,1,0,2.05
2026-09-06T05:43:12Z,103,CloudOS.SystemBroker,23276,True,27.41,18.62,4246.54,181,5,0,23.06
2026-09-06T05:43:12Z,103,cloudos_flutter_shell,10800,True,221.99,1052.3,59783.92,584,53,0,143.94
2026-09-06T05:43:12Z,103,msedgewebview2,2436,True,131.29,41.62,2303507.38,1437,54,0,4.86
2026-09-06T05:43:12Z,103,msedgewebview2,15152,True,12.23,2.98,2203900.73,179,8,0,0.17
2026-09-06T05:43:12Z,103,msedgewebview2,5520,True,98.3,139.81,2254183.6,712,33,0,2.11
2026-09-06T05:43:12Z,103,msedgewebview2,7436,True,44.24,14.19,2253643.63,375,21,0,1.45
2026-09-06T05:43:12Z,103,msedgewebview2,6164,True,20.5,9.3,2253431.09,186,10,0,0.2
2026-09-06T05:43:12Z,103,msedgewebview2,14668,True,99.36,49.46,3698894.14,339,27,0,0.88
2026-09-06T05:44:12Z,104,CloudOS,17500,True,74.32,29.94,57751.42,790,14,0,69.02
2026-09-06T05:44:12Z,104,CloudOS.Supervisor,23280,True,6.86,1.38,4187.85,83,1,0,2.05
2026-09-06T05:44:12Z,104,CloudOS.SystemBroker,23276,True,27.41,18.62,4246.54,181,5,0,23.17
2026-09-06T05:44:12Z,104,cloudos_flutter_shell,10800,True,221.99,1052.3,59783.92,584,53,0,144.22
2026-09-06T05:44:12Z,104,msedgewebview2,2436,True,131.3,41.64,2303507.38,1439,54,0,4.88
2026-09-06T05:44:12Z,104,msedgewebview2,15152,True,12.24,2.99,2203900.73,179,8,0,0.17
2026-09-06T05:44:12Z,104,msedgewebview2,5520,True,98.3,139.81,2254183.6,712,33,0,2.11
2026-09-06T05:44:12Z,104,msedgewebview2,7436,True,44.36,14.29,2253675.63,379,23,0,1.45
2026-09-06T05:44:12Z,104,msedgewebview2,6164,True,20.5,9.3,2253431.09,186,10,0,0.2
2026-09-06T05:44:12Z,104,msedgewebview2,14668,True,99.36,49.46,3698894.14,339,27,0,0.88
2026-09-06T05:45:13Z,105,CloudOS,17500,True,74.32,29.94,57751.42,790,14,0,69.05
2026-09-06T05:45:13Z,105,CloudOS.Supervisor,23280,True,6.86,1.38,4187.85,83,1,0,2.05
2026-09-06T05:45:13Z,105,CloudOS.SystemBroker,23276,True,27.41,18.62,4246.54,181,5,0,23.34
2026-09-06T05:45:13Z,105,cloudos_flutter_shell,10800,True,221.99,1052.3,59783.92,584,53,0,144.39
2026-09-06T05:45:13Z,105,msedgewebview2,2436,True,131.29,41.63,2303507.38,1439,54,0,4.89
2026-09-06T05:45:13Z,105,msedgewebview2,15152,True,12.24,2.99,2203900.73,179,8,0,0.17
2026-09-06T05:45:13Z,105,msedgewebview2,5520,True,98.3,139.81,2254183.6,712,33,0,2.11
2026-09-06T05:45:13Z,105,msedgewebview2,7436,True,44.35,14.28,2253675.63,379,23,0,1.45
2026-09-06T05:45:13Z,105,msedgewebview2,6164,True,20.5,9.3,2253431.09,186,10,0,0.2
2026-09-06T05:45:13Z,105,msedgewebview2,14668,True,99.36,49.46,3698894.14,339,27,0,0.88
2026-09-06T05:46:13Z,106,CloudOS,17500,True,74.32,29.94,57751.42,790,14,0,69.17
2026-09-06T05:46:13Z,106,CloudOS.Supervisor,23280,True,6.86,1.38,4187.85,83,1,0,2.05
2026-09-06T05:46:13Z,106,CloudOS.SystemBroker,23276,True,27.41,18.62,4246.54,181,5,0,23.58
2026-09-06T05:46:13Z,106,cloudos_flutter_shell,10800,True,221.99,1052.3,59783.92,584,53,0,144.75
2026-09-06T05:46:13Z,106,msedgewebview2,2436,True,131.24,41.54,2303475.38,1435,52,0,4.89
2026-09-06T05:46:13Z,106,msedgewebview2,15152,True,12.23,2.98,2203900.73,179,8,0,0.17
2026-09-06T05:46:13Z,106,msedgewebview2,5520,True,98.3,139.81,2254183.6,712,33,0,2.11
2026-09-06T05:46:13Z,106,msedgewebview2,7436,True,44.31,14.2,2253643.63,375,21,0,1.45
2026-09-06T05:46:13Z,106,msedgewebview2,6164,True,20.5,9.3,2253431.09,186,10,0,0.2
2026-09-06T05:46:13Z,106,msedgewebview2,14668,True,99.36,49.46,3698894.14,339,27,0,0.88
2026-09-06T05:47:13Z,107,CloudOS,17500,True,74.32,29.94,57751.42,788,14,0,69.27
2026-09-06T05:47:13Z,107,CloudOS.Supervisor,23280,True,6.86,1.38,4187.85,83,1,0,2.05
2026-09-06T05:47:13Z,107,CloudOS.SystemBroker,23276,True,27.41,18.62,4246.54,181,5,0,23.67
2026-09-06T05:47:13Z,107,cloudos_flutter_shell,10800,True,221.99,1052.3,59783.92,584,53,0,145.02
2026-09-06T05:47:13Z,107,msedgewebview2,2436,True,131.27,41.58,2303491.38,1435,53,0,4.89
2026-09-06T05:47:13Z,107,msedgewebview2,15152,True,12.23,2.98,2203900.73,179,8,0,0.17
2026-09-06T05:47:13Z,107,msedgewebview2,5520,True,98.3,139.81,2254183.6,712,33,0,2.11
2026-09-06T05:47:13Z,107,msedgewebview2,7436,True,44.31,14.19,2253643.63,375,21,0,1.45
2026-09-06T05:47:13Z,107,msedgewebview2,6164,True,20.5,9.3,2253431.09,186,10,0,0.2
2026-09-06T05:47:13Z,107,msedgewebview2,14668,True,99.36,49.46,3698894.14,339,27,0,0.88
2026-09-06T05:48:13Z,108,CloudOS,17500,True,74.33,29.94,57751.42,790,14,0,69.34
2026-09-06T05:48:13Z,108,CloudOS.Supervisor,23280,True,6.86,1.38,4187.85,83,1,0,2.05
2026-09-06T05:48:13Z,108,CloudOS.SystemBroker,23276,True,27.41,18.62,4246.54,181,5,0,23.88
2026-09-06T05:48:13Z,108,cloudos_flutter_shell,10800,True,221.99,1052.3,59783.92,584,53,0,145.25
2026-09-06T05:48:13Z,108,msedgewebview2,2436,True,131.24,41.54,2303475.38,1435,52,0,4.91
2026-09-06T05:48:13Z,108,msedgewebview2,15152,True,12.24,2.99,2203900.73,179,8,0,0.17
2026-09-06T05:48:13Z,108,msedgewebview2,5520,True,98.25,139.73,2254167.6,712,32,0,2.11
2026-09-06T05:48:13Z,108,msedgewebview2,7436,True,44.31,14.19,2253643.63,375,21,0,1.45
2026-09-06T05:48:13Z,108,msedgewebview2,6164,True,20.5,9.3,2253431.09,186,10,0,0.2
2026-09-06T05:48:13Z,108,msedgewebview2,14668,True,99.36,49.46,3698894.14,339,27,0,0.88
2026-09-06T05:49:13Z,109,CloudOS,17500,True,74.32,29.94,57751.42,788,14,0,69.41
2026-09-06T05:49:13Z,109,CloudOS.Supervisor,23280,True,6.86,1.38,4187.85,83,1,0,2.05
2026-09-06T05:49:13Z,109,CloudOS.SystemBroker,23276,True,27.41,18.62,4246.54,181,5,0,23.98
2026-09-06T05:49:13Z,109,cloudos_flutter_shell,10800,True,221.96,1052.3,59783.92,584,53,0,145.55
2026-09-06T05:49:13Z,109,msedgewebview2,2436,True,131.23,41.53,2303475.38,1435,52,0,4.91
2026-09-06T05:49:13Z,109,msedgewebview2,15152,True,12.23,2.98,2203900.73,179,8,0,0.17
2026-09-06T05:49:13Z,109,msedgewebview2,5520,True,98.27,139.81,2254183.6,712,33,0,2.11
2026-09-06T05:49:13Z,109,msedgewebview2,7436,True,44.3,14.19,2253643.63,375,21,0,1.45
2026-09-06T05:49:13Z,109,msedgewebview2,6164,True,20.5,9.3,2253431.09,186,10,0,0.2
2026-09-06T05:49:13Z,109,msedgewebview2,14668,True,99.38,49.5,3698902.14,339,28,0,0.88
2026-09-06T05:50:13Z,110,CloudOS,17500,True,74.32,29.94,57751.42,790,14,0,69.47
2026-09-06T05:50:13Z,110,CloudOS.Supervisor,23280,True,6.86,1.38,4187.85,83,1,0,2.06
2026-09-06T05:50:13Z,110,CloudOS.SystemBroker,23276,True,27.41,18.62,4246.54,181,5,0,24.2
2026-09-06T05:50:13Z,110,cloudos_flutter_shell,10800,True,221.96,1052.3,59783.92,584,53,0,145.8
2026-09-06T05:50:13Z,110,msedgewebview2,2436,True,131.23,41.53,2303475.38,1435,52,0,4.91
2026-09-06T05:50:13Z,110,msedgewebview2,15152,True,12.23,2.98,2203900.73,179,8,0,0.17
2026-09-06T05:50:13Z,110,msedgewebview2,5520,True,98.27,139.81,2254183.6,712,33,0,2.11
2026-09-06T05:50:13Z,110,msedgewebview2,7436,True,44.3,14.19,2253643.63,375,21,0,1.45
2026-09-06T05:50:13Z,110,msedgewebview2,6164,True,20.5,9.3,2253431.09,186,10,0,0.2
2026-09-06T05:50:13Z,110,msedgewebview2,14668,True,99.37,49.49,3698902.14,339,28,0,0.88
2026-09-06T05:51:13Z,111,CloudOS,17500,True,74.32,29.94,57751.42,790,14,0,69.52
2026-09-06T05:51:13Z,111,CloudOS.Supervisor,23280,True,6.86,1.38,4187.85,83,1,0,2.06
2026-09-06T05:51:13Z,111,CloudOS.SystemBroker,23276,True,27.41,18.62,4246.54,181,5,0,24.34
2026-09-06T05:51:13Z,111,cloudos_flutter_shell,10800,True,221.96,1052.3,59783.92,584,53,0,145.94
2026-09-06T05:51:13Z,111,msedgewebview2,2436,True,131.23,41.53,2303475.38,1435,52,0,4.91
2026-09-06T05:51:13Z,111,msedgewebview2,15152,True,12.23,2.98,2203900.73,179,8,0,0.17
2026-09-06T05:51:13Z,111,msedgewebview2,5520,True,98.27,139.81,2254183.6,712,33,0,2.11
2026-09-06T05:51:13Z,111,msedgewebview2,7436,True,44.3,14.19,2253643.63,375,21,0,1.45
2026-09-06T05:51:13Z,111,msedgewebview2,6164,True,20.5,9.3,2253431.09,186,10,0,0.2
2026-09-06T05:51:13Z,111,msedgewebview2,14668,True,99.37,49.49,3698902.14,339,28,0,0.88
2026-09-06T05:52:14Z,112,CloudOS,17500,True,74.32,29.94,57751.42,790,14,0,69.58
2026-09-06T05:52:14Z,112,CloudOS.Supervisor,23280,True,6.86,1.38,4187.85,83,1,0,2.06
2026-09-06T05:52:14Z,112,CloudOS.SystemBroker,23276,True,27.41,18.62,4246.54,181,5,0,24.58
2026-09-06T05:52:14Z,112,cloudos_flutter_shell,10800,True,221.97,1052.29,59783.92,584,53,0,146.23
2026-09-06T05:52:14Z,112,msedgewebview2,2436,True,131.25,41.58,2303491.38,1435,53,0,4.91
2026-09-06T05:52:14Z,112,msedgewebview2,15152,True,12.23,2.98,2203900.73,179,8,0,0.17
2026-09-06T05:52:14Z,112,msedgewebview2,5520,True,98.27,139.81,2254183.6,712,33,0,2.11
2026-09-06T05:52:14Z,112,msedgewebview2,7436,True,44.3,14.19,2253643.63,375,21,0,1.45
2026-09-06T05:52:14Z,112,msedgewebview2,6164,True,20.5,9.3,2253431.09,186,10,0,0.2
2026-09-06T05:52:14Z,112,msedgewebview2,14668,True,99.38,49.49,3698902.14,339,28,0,0.88
2026-09-06T05:53:14Z,113,CloudOS,17500,True,74.32,29.94,57751.42,790,14,0,69.59
2026-09-06T05:53:14Z,113,CloudOS.Supervisor,23280,True,6.86,1.38,4187.85,83,1,0,2.06
2026-09-06T05:53:14Z,113,CloudOS.SystemBroker,23276,True,27.41,18.62,4246.54,181,5,0,24.69
2026-09-06T05:53:14Z,113,cloudos_flutter_shell,10800,True,221.97,1052.29,59783.92,584,53,0,146.56
2026-09-06T05:53:14Z,113,msedgewebview2,2436,True,131.26,41.58,2303491.38,1435,53,0,4.91
2026-09-06T05:53:14Z,113,msedgewebview2,15152,True,12.23,2.98,2203900.73,179,8,0,0.17
2026-09-06T05:53:14Z,113,msedgewebview2,5520,True,98.3,139.81,2254183.6,712,33,0,2.11
2026-09-06T05:53:14Z,113,msedgewebview2,7436,True,44.3,14.19,2253643.63,375,21,0,1.45
2026-09-06T05:53:14Z,113,msedgewebview2,6164,True,20.5,9.3,2253431.09,186,10,0,0.2
2026-09-06T05:53:14Z,113,msedgewebview2,14668,True,99.38,49.49,3698902.14,339,28,0,0.88
2026-09-06T05:54:14Z,114,CloudOS,17500,True,74.32,29.94,57751.42,790,14,0,69.77
2026-09-06T05:54:14Z,114,CloudOS.Supervisor,23280,True,6.86,1.38,4187.85,83,1,0,2.08
2026-09-06T05:54:14Z,114,CloudOS.SystemBroker,23276,True,27.41,18.62,4246.54,181,5,0,24.92
2026-09-06T05:54:14Z,114,cloudos_flutter_shell,10800,True,221.97,1052.29,59783.92,584,53,0,146.95
2026-09-06T05:54:14Z,114,msedgewebview2,2436,True,131.25,41.55,2303475.38,1437,52,0,4.92
2026-09-06T05:54:14Z,114,msedgewebview2,15152,True,12.23,2.98,2203900.73,179,8,0,0.17
2026-09-06T05:54:14Z,114,msedgewebview2,5520,True,98.3,139.8,2254183.6,712,33,0,2.11
2026-09-06T05:54:14Z,114,msedgewebview2,7436,True,44.34,14.23,2253643.63,377,21,0,1.47
2026-09-06T05:54:14Z,114,msedgewebview2,6164,True,20.5,9.3,2253431.09,186,10,0,0.2
2026-09-06T05:54:14Z,114,msedgewebview2,14668,True,99.38,49.49,3698902.14,339,28,0,0.88
2026-09-06T05:55:14Z,115,CloudOS,17500,True,74.32,29.94,57751.42,790,14,0,69.94
2026-09-06T05:55:14Z,115,CloudOS.Supervisor,23280,True,6.86,1.38,4187.85,83,1,0,2.09
2026-09-06T05:55:14Z,115,CloudOS.SystemBroker,23276,True,27.41,18.62,4246.54,181,5,0,25.12
2026-09-06T05:55:14Z,115,cloudos_flutter_shell,10800,True,221.97,1052.29,59783.92,584,53,0,147.25
2026-09-06T05:55:14Z,115,msedgewebview2,2436,True,131.27,41.62,2303507.38,1437,54,0,4.94
2026-09-06T05:55:14Z,115,msedgewebview2,15152,True,12.23,2.98,2203900.73,179,8,0,0.17
2026-09-06T05:55:14Z,115,msedgewebview2,5520,True,98.3,139.81,2254183.6,712,33,0,2.11
2026-09-06T05:55:14Z,115,msedgewebview2,7436,True,44.35,14.28,2253675.63,377,23,0,1.47
2026-09-06T05:55:14Z,115,msedgewebview2,6164,True,20.5,9.3,2253431.09,186,10,0,0.2
2026-09-06T05:55:14Z,115,msedgewebview2,14668,True,99.38,49.49,3698902.14,339,28,0,0.88
2026-09-06T05:56:14Z,116,CloudOS,17500,True,74.33,29.94,57751.42,788,14,0,70.05
2026-09-06T05:56:14Z,116,CloudOS.Supervisor,23280,True,6.86,1.38,4187.85,83,1,0,2.09
2026-09-06T05:56:14Z,116,CloudOS.SystemBroker,23276,True,27.41,18.62,4246.54,181,5,0,25.34
2026-09-06T05:56:14Z,116,cloudos_flutter_shell,10800,True,221.98,1052.3,59783.92,584,53,0,147.59
2026-09-06T05:56:14Z,116,msedgewebview2,2436,True,131.23,41.53,2303475.38,1435,52,0,4.94
2026-09-06T05:56:14Z,116,msedgewebview2,15152,True,12.23,2.98,2203900.73,179,8,0,0.17
2026-09-06T05:56:14Z,116,msedgewebview2,5520,True,98.3,139.81,2254183.6,712,33,0,2.11
2026-09-06T05:56:14Z,116,msedgewebview2,7436,True,44.31,14.2,2253643.63,375,21,0,1.47
2026-09-06T05:56:14Z,116,msedgewebview2,6164,True,20.5,9.3,2253431.09,186,10,0,0.2
2026-09-06T05:56:14Z,116,msedgewebview2,14668,True,99.38,49.49,3698902.14,339,28,0,0.89
2026-09-06T05:57:14Z,117,CloudOS,17500,True,74.33,29.94,57751.42,790,14,0,70.06
2026-09-06T05:57:14Z,117,CloudOS.Supervisor,23280,True,6.86,1.38,4187.85,83,1,0,2.09
2026-09-06T05:57:14Z,117,CloudOS.SystemBroker,23276,True,27.41,18.62,4246.54,181,5,0,25.5
2026-09-06T05:57:14Z,117,cloudos_flutter_shell,10800,True,221.98,1052.3,59783.92,584,53,0,147.78
2026-09-06T05:57:14Z,117,msedgewebview2,2436,True,131.27,41.62,2303507.38,1437,54,0,4.97
2026-09-06T05:57:14Z,117,msedgewebview2,15152,True,12.24,2.99,2203900.73,179,8,0,0.17
2026-09-06T05:57:14Z,117,msedgewebview2,5520,True,98.25,139.74,2254167.6,712,32,0,2.11
2026-09-06T05:57:14Z,117,msedgewebview2,7436,True,44.31,14.19,2253643.63,375,21,0,1.47
2026-09-06T05:57:14Z,117,msedgewebview2,6164,True,20.5,9.3,2253431.09,186,10,0,0.2
2026-09-06T05:57:14Z,117,msedgewebview2,14668,True,99.38,49.49,3698902.14,339,28,0,0.89
2026-09-06T05:58:15Z,118,CloudOS,17500,True,74.33,29.95,57751.42,788,14,0,70.19
2026-09-06T05:58:15Z,118,CloudOS.Supervisor,23280,True,6.86,1.38,4187.85,83,1,0,2.09
2026-09-06T05:58:15Z,118,CloudOS.SystemBroker,23276,True,27.41,18.62,4246.54,181,5,0,25.66
2026-09-06T05:58:15Z,118,cloudos_flutter_shell,10800,True,221.98,1052.3,59783.92,584,53,0,148.05
2026-09-06T05:58:15Z,118,msedgewebview2,2436,True,131.25,41.57,2303491.38,1437,53,0,4.98
2026-09-06T05:58:15Z,118,msedgewebview2,15152,True,12.23,2.98,2203900.73,179,8,0,0.17
2026-09-06T05:58:15Z,118,msedgewebview2,5520,True,98.3,139.81,2254183.6,712,33,0,2.11
2026-09-06T05:58:15Z,118,msedgewebview2,7436,True,44.31,14.19,2253643.63,375,21,0,1.47
2026-09-06T05:58:15Z,118,msedgewebview2,6164,True,20.5,9.3,2253431.09,186,10,0,0.2
2026-09-06T05:58:15Z,118,msedgewebview2,14668,True,99.38,49.49,3698902.14,339,28,0,0.89
2026-09-06T05:59:15Z,119,CloudOS,17500,True,74.33,29.95,57751.42,790,14,0,70.3
2026-09-06T05:59:15Z,119,CloudOS.Supervisor,23280,True,6.86,1.38,4187.85,83,1,0,2.09
2026-09-06T05:59:15Z,119,CloudOS.SystemBroker,23276,True,27.41,18.62,4246.54,181,5,0,25.78
2026-09-06T05:59:15Z,119,cloudos_flutter_shell,10800,True,221.98,1052.3,59783.92,584,53,0,148.25
2026-09-06T05:59:15Z,119,msedgewebview2,2436,True,131.28,41.62,2303507.38,1439,54,0,5
2026-09-06T05:59:15Z,119,msedgewebview2,15152,True,12.23,2.98,2203900.73,179,8,0,0.17
2026-09-06T05:59:15Z,119,msedgewebview2,5520,True,98.3,139.81,2254183.6,712,33,0,2.11
2026-09-06T05:59:15Z,119,msedgewebview2,7436,True,44.36,14.29,2253675.63,379,23,0,1.47
2026-09-06T05:59:15Z,119,msedgewebview2,6164,True,20.5,9.3,2253431.09,186,10,0,0.2
2026-09-06T05:59:15Z,119,msedgewebview2,14668,True,99.38,49.5,3698902.14,339,28,0,0.89
2026-09-06T06:00:15Z,120,CloudOS,17500,True,74.32,29.92,57750.42,788,13,0,70.36
2026-09-06T06:00:15Z,120,CloudOS.Supervisor,23280,True,6.86,1.38,4187.85,83,1,0,2.14
2026-09-06T06:00:15Z,120,CloudOS.SystemBroker,23276,True,27.41,18.62,4246.54,181,5,0,25.97
2026-09-06T06:00:15Z,120,cloudos_flutter_shell,10800,True,221.97,1052.27,59782.92,584,52,0,148.42
2026-09-06T06:00:15Z,120,msedgewebview2,2436,True,131.28,41.62,2303507.38,1439,54,0,5
2026-09-06T06:00:15Z,120,msedgewebview2,15152,True,12.23,2.98,2203900.73,179,8,0,0.17
2026-09-06T06:00:15Z,120,msedgewebview2,5520,True,98.3,139.81,2254183.6,712,33,0,2.11
2026-09-06T06:00:15Z,120,msedgewebview2,7436,True,44.35,14.28,2253675.63,379,23,0,1.47
2026-09-06T06:00:15Z,120,msedgewebview2,6164,True,20.5,9.3,2253431.09,186,10,0,0.2
2026-09-06T06:00:15Z,120,msedgewebview2,14668,True,99.38,49.49,3698902.14,339,28,0,0.89
2026-09-06T06:01:15Z,121,CloudOS,17500,True,74.33,29.95,57751.42,790,14,0,70.5
2026-09-06T06:01:15Z,121,CloudOS.Supervisor,23280,True,6.86,1.38,4187.85,83,1,0,2.16
2026-09-06T06:01:15Z,121,CloudOS.SystemBroker,23276,True,27.41,18.62,4246.54,181,5,0,26.25
2026-09-06T06:01:15Z,121,cloudos_flutter_shell,10800,True,221.98,1052.29,59783.92,584,53,0,148.67
2026-09-06T06:01:15Z,121,msedgewebview2,2436,True,131.26,41.58,2303491.38,1437,53,0,5
2026-09-06T06:01:15Z,121,msedgewebview2,15152,True,12.23,2.98,2203900.73,179,8,0,0.17
2026-09-06T06:01:15Z,121,msedgewebview2,5520,True,98.3,139.81,2254183.6,712,33,0,2.12
2026-09-06T06:01:15Z,121,msedgewebview2,7436,True,44.33,14.23,2253659.63,377,22,0,1.48
2026-09-06T06:01:15Z,121,msedgewebview2,6164,True,20.5,9.3,2253431.09,186,10,0,0.2
2026-09-06T06:01:15Z,121,msedgewebview2,14668,True,99.38,49.49,3698902.14,339,28,0,0.89
2026-09-06T06:02:15Z,122,CloudOS,17500,True,74.33,29.95,57751.42,790,14,0,70.58
2026-09-06T06:02:15Z,122,CloudOS.Supervisor,23280,True,6.86,1.38,4187.85,83,1,0,2.16
2026-09-06T06:02:15Z,122,CloudOS.SystemBroker,23276,True,27.41,18.62,4246.54,181,5,0,26.39
2026-09-06T06:02:15Z,122,cloudos_flutter_shell,10800,True,221.98,1052.29,59783.92,584,53,0,148.84
2026-09-06T06:02:15Z,122,msedgewebview2,2436,True,131.31,41.63,2303491.38,1437,53,0,5
2026-09-06T06:02:15Z,122,msedgewebview2,15152,True,12.23,2.98,2203900.73,179,8,0,0.17
2026-09-06T06:02:15Z,122,msedgewebview2,5520,True,98.27,139.78,2254183.6,712,33,0,2.12
2026-09-06T06:02:15Z,122,msedgewebview2,7436,True,44.36,14.25,2253643.63,377,21,0,1.48
2026-09-06T06:02:15Z,122,msedgewebview2,6164,True,20.5,9.3,2253431.09,186,10,0,0.2
2026-09-06T06:02:15Z,122,msedgewebview2,14668,True,99.38,49.5,3698902.14,339,28,0,0.89
2026-09-06T06:03:15Z,123,CloudOS,17500,True,74.33,29.94,57751.42,790,14,0,70.67
2026-09-06T06:03:15Z,123,CloudOS.Supervisor,23280,True,6.86,1.38,4187.85,83,1,0,2.17
2026-09-06T06:03:15Z,123,CloudOS.SystemBroker,23276,True,27.41,18.62,4246.54,181,5,0,26.59
2026-09-06T06:03:15Z,123,cloudos_flutter_shell,10800,True,221.98,1052.29,59783.92,584,53,0,149.08
2026-09-06T06:03:15Z,123,msedgewebview2,2436,True,131.28,41.63,2303507.38,1437,54,0,5.02
2026-09-06T06:03:15Z,123,msedgewebview2,15152,True,12.24,2.99,2203900.73,179,8,0,0.17
2026-09-06T06:03:15Z,123,msedgewebview2,5520,True,98.27,139.78,2254183.6,712,33,0,2.12
2026-09-06T06:03:15Z,123,msedgewebview2,7436,True,44.35,14.28,2253675.63,377,23,0,1.48
2026-09-06T06:03:15Z,123,msedgewebview2,6164,True,20.5,9.3,2253431.09,186,10,0,0.2
2026-09-06T06:03:15Z,123,msedgewebview2,14668,True,99.38,49.49,3698902.14,339,28,0,0.89
2026-09-06T06:04:15Z,124,CloudOS,17500,True,74.33,29.94,57751.42,790,14,0,70.8
2026-09-06T06:04:15Z,124,CloudOS.Supervisor,23280,True,6.86,1.38,4187.85,83,1,0,2.19
2026-09-06T06:04:15Z,124,CloudOS.SystemBroker,23276,True,27.41,18.62,4246.54,181,5,0,26.81
2026-09-06T06:04:15Z,124,cloudos_flutter_shell,10800,True,221.96,1052.29,59783.92,584,53,0,149.48
2026-09-06T06:04:15Z,124,msedgewebview2,2436,True,131.29,41.64,2303507.38,1439,54,0,5.03
2026-09-06T06:04:15Z,124,msedgewebview2,15152,True,12.23,2.98,2203900.73,179,8,0,0.19
2026-09-06T06:04:15Z,124,msedgewebview2,5520,True,98.27,139.78,2254183.6,712,33,0,2.12
2026-09-06T06:04:15Z,124,msedgewebview2,7436,True,44.4,14.34,2253675.63,379,23,0,1.48
2026-09-06T06:04:15Z,124,msedgewebview2,6164,True,20.5,9.3,2253431.09,186,10,0,0.2
2026-09-06T06:04:15Z,124,msedgewebview2,14668,True,99.38,49.49,3698902.14,339,28,0,0.89
2026-09-06T06:05:16Z,125,CloudOS,17500,True,74.32,29.94,57751.42,788,14,0,70.84
2026-09-06T06:05:16Z,125,CloudOS.Supervisor,23280,True,6.86,1.38,4187.85,83,1,0,2.2
2026-09-06T06:05:16Z,125,CloudOS.SystemBroker,23276,True,27.41,18.62,4246.54,181,5,0,27.05
2026-09-06T06:05:16Z,125,cloudos_flutter_shell,10800,True,221.97,1052.3,59783.92,584,53,0,149.8
2026-09-06T06:05:16Z,125,msedgewebview2,2436,True,131.26,41.58,2303491.38,1437,53,0,5.05
2026-09-06T06:05:16Z,125,msedgewebview2,15152,True,12.24,2.99,2203900.73,179,8,0,0.19
2026-09-06T06:05:16Z,125,msedgewebview2,5520,True,98.27,139.78,2254183.6,712,33,0,2.12
2026-09-06T06:05:16Z,125,msedgewebview2,7436,True,44.33,14.24,2253659.63,377,22,0,1.5
2026-09-06T06:05:16Z,125,msedgewebview2,6164,True,20.5,9.3,2253431.09,186,10,0,0.2
2026-09-06T06:05:16Z,125,msedgewebview2,14668,True,99.38,49.49,3698902.14,339,28,0,0.89
2026-09-06T06:06:16Z,126,CloudOS,17500,True,74.32,29.94,57751.42,790,14,0,70.94
2026-09-06T06:06:16Z,126,CloudOS.Supervisor,23280,True,6.86,1.38,4187.85,83,1,0,2.22
2026-09-06T06:06:16Z,126,CloudOS.SystemBroker,23276,True,27.41,18.62,4246.54,181,5,0,27.27
2026-09-06T06:06:16Z,126,cloudos_flutter_shell,10800,True,221.97,1052.3,59783.92,584,53,0,150.11
2026-09-06T06:06:16Z,126,msedgewebview2,2436,True,131.23,41.54,2303475.38,1435,52,0,5.05
2026-09-06T06:06:16Z,126,msedgewebview2,15152,True,12.23,2.98,2203900.73,179,8,0,0.19
2026-09-06T06:06:16Z,126,msedgewebview2,5520,True,98.25,139.73,2254167.6,712,32,0,2.12
2026-09-06T06:06:16Z,126,msedgewebview2,7436,True,44.31,14.2,2253643.63,375,21,0,1.5
2026-09-06T06:06:16Z,126,msedgewebview2,6164,True,20.5,9.3,2253431.09,186,10,0,0.2
2026-09-06T06:06:16Z,126,msedgewebview2,14668,True,99.38,49.49,3698902.14,339,28,0,0.89
2026-09-06T06:07:16Z,127,CloudOS,17500,True,74.33,29.94,57751.42,788,14,0,71.02
2026-09-06T06:07:16Z,127,CloudOS.Supervisor,23280,True,6.86,1.38,4187.85,83,1,0,2.23
2026-09-06T06:07:16Z,127,CloudOS.SystemBroker,23276,True,27.41,18.62,4246.54,181,5,0,27.45
2026-09-06T06:07:16Z,127,cloudos_flutter_shell,10800,True,221.97,1052.3,59783.92,584,53,0,150.38
2026-09-06T06:07:16Z,127,msedgewebview2,2436,True,131.26,41.58,2303491.38,1435,53,0,5.05
2026-09-06T06:07:16Z,127,msedgewebview2,15152,True,12.23,2.98,2203900.73,179,8,0,0.19
2026-09-06T06:07:16Z,127,msedgewebview2,5520,True,98.3,139.81,2254183.6,712,33,0,2.12
2026-09-06T06:07:16Z,127,msedgewebview2,7436,True,44.31,14.2,2253643.63,375,21,0,1.5
2026-09-06T06:07:16Z,127,msedgewebview2,6164,True,20.5,9.3,2253431.09,186,10,0,0.2
2026-09-06T06:07:16Z,127,msedgewebview2,14668,True,99.38,49.5,3698902.14,339,28,0,0.89
2026-09-06T06:08:16Z,128,CloudOS,17500,True,74.33,29.94,57751.42,790,14,0,71.08
2026-09-06T06:08:16Z,128,CloudOS.Supervisor,23280,True,6.86,1.38,4187.85,83,1,0,2.23
2026-09-06T06:08:16Z,128,CloudOS.SystemBroker,23276,True,27.41,18.62,4246.54,181,5,0,27.62
2026-09-06T06:08:16Z,128,cloudos_flutter_shell,10800,True,221.97,1052.3,59783.92,584,53,0,150.69
2026-09-06T06:08:16Z,128,msedgewebview2,2436,True,131.23,41.54,2303475.38,1435,52,0,5.05
2026-09-06T06:08:16Z,128,msedgewebview2,15152,True,12.24,2.99,2203900.73,179,8,0,0.19
2026-09-06T06:08:16Z,128,msedgewebview2,5520,True,98.3,139.81,2254183.6,712,33,0,2.12
2026-09-06T06:08:16Z,128,msedgewebview2,7436,True,44.31,14.19,2253643.63,375,21,0,1.5
2026-09-06T06:08:16Z,128,msedgewebview2,6164,True,20.5,9.3,2253431.09,186,10,0,0.2
2026-09-06T06:08:16Z,128,msedgewebview2,14668,True,99.38,49.49,3698902.14,339,28,0,0.89
2026-09-06T06:09:16Z,129,CloudOS,17500,True,74.32,29.92,57750.42,788,13,0,71.23
2026-09-06T06:09:16Z,129,CloudOS.Supervisor,23280,True,6.86,1.38,4187.85,83,1,0,2.23
2026-09-06T06:09:16Z,129,CloudOS.SystemBroker,23276,True,27.41,18.62,4246.54,181,5,0,27.81
2026-09-06T06:09:16Z,129,cloudos_flutter_shell,10800,True,221.96,1052.27,59782.92,584,52,0,150.88
2026-09-06T06:09:16Z,129,msedgewebview2,2436,True,131.23,41.54,2303475.38,1435,52,0,5.05
2026-09-06T06:09:16Z,129,msedgewebview2,15152,True,12.23,2.98,2203900.73,179,8,0,0.19
2026-09-06T06:09:16Z,129,msedgewebview2,5520,True,98.3,139.81,2254183.6,712,33,0,2.12
2026-09-06T06:09:16Z,129,msedgewebview2,7436,True,44.31,14.19,2253643.63,375,21,0,1.5
2026-09-06T06:09:16Z,129,msedgewebview2,6164,True,20.5,9.3,2253431.09,186,10,0,0.2
2026-09-06T06:09:16Z,129,msedgewebview2,14668,True,99.38,49.49,3698902.14,339,28,0,0.89
2026-09-06T06:10:16Z,130,CloudOS,17500,True,74.33,29.95,57751.42,790,14,0,71.3
2026-09-06T06:10:16Z,130,CloudOS.Supervisor,23280,True,6.86,1.38,4187.85,83,1,0,2.28
2026-09-06T06:10:16Z,130,CloudOS.SystemBroker,23276,True,27.41,18.62,4246.54,181,5,0,27.98
2026-09-06T06:10:16Z,130,cloudos_flutter_shell,10800,True,221.98,1052.3,59783.92,584,53,0,151.08
2026-09-06T06:10:16Z,130,msedgewebview2,2436,True,131.23,41.53,2303475.38,1435,52,0,5.05
2026-09-06T06:10:16Z,130,msedgewebview2,15152,True,12.23,2.98,2203900.73,179,8,0,0.19
2026-09-06T06:10:16Z,130,msedgewebview2,5520,True,98.3,139.81,2254183.6,712,33,0,2.12
2026-09-06T06:10:16Z,130,msedgewebview2,7436,True,44.31,14.19,2253643.63,375,21,0,1.5
2026-09-06T06:10:16Z,130,msedgewebview2,6164,True,20.5,9.3,2253431.09,186,10,0,0.2
2026-09-06T06:10:16Z,130,msedgewebview2,14668,True,99.38,49.49,3698902.14,339,28,0,0.89
2026-09-06T06:11:17Z,131,CloudOS,17500,True,74.33,29.95,57751.42,790,14,0,71.38
2026-09-06T06:11:17Z,131,CloudOS.Supervisor,23280,True,6.86,1.38,4187.85,83,1,0,2.28
2026-09-06T06:11:17Z,131,CloudOS.SystemBroker,23276,True,27.41,18.62,4246.54,181,5,0,28.19
2026-09-06T06:11:17Z,131,cloudos_flutter_shell,10800,True,221.98,1052.3,59783.92,584,53,0,151.23
2026-09-06T06:11:17Z,131,msedgewebview2,2436,True,131.23,41.53,2303475.38,1435,52,0,5.05
2026-09-06T06:11:17Z,131,msedgewebview2,15152,True,12.24,2.99,2203900.73,179,8,0,0.19
2026-09-06T06:11:17Z,131,msedgewebview2,5520,True,98.3,139.81,2254183.6,712,33,0,2.12
2026-09-06T06:11:17Z,131,msedgewebview2,7436,True,44.31,14.19,2253643.63,375,21,0,1.5
2026-09-06T06:11:17Z,131,msedgewebview2,6164,True,20.5,9.3,2253431.09,186,10,0,0.2
2026-09-06T06:11:17Z,131,msedgewebview2,14668,True,99.38,49.49,3698902.14,339,28,0,0.89
2026-09-06T06:12:17Z,132,CloudOS,17500,True,74.33,29.95,57751.42,790,14,0,71.53
2026-09-06T06:12:17Z,132,CloudOS.Supervisor,23280,True,6.86,1.38,4187.85,83,1,0,2.28
2026-09-06T06:12:17Z,132,CloudOS.SystemBroker,23276,True,27.41,18.62,4246.54,181,5,0,28.36
2026-09-06T06:12:17Z,132,cloudos_flutter_shell,10800,True,221.98,1052.3,59783.92,584,53,0,151.36
2026-09-06T06:12:17Z,132,msedgewebview2,2436,True,131.28,41.63,2303507.38,1437,54,0,5.05
2026-09-06T06:12:17Z,132,msedgewebview2,15152,True,12.23,2.98,2203900.73,179,8,0,0.19
2026-09-06T06:12:17Z,132,msedgewebview2,5520,True,98.3,139.81,2254183.6,712,33,0,2.12
2026-09-06T06:12:17Z,132,msedgewebview2,7436,True,44.31,14.19,2253643.63,375,21,0,1.5
2026-09-06T06:12:17Z,132,msedgewebview2,6164,True,20.5,9.3,2253431.09,186,10,0,0.2
2026-09-06T06:12:17Z,132,msedgewebview2,14668,True,99.38,49.49,3698902.14,339,28,0,0.89
2026-09-06T06:13:17Z,133,CloudOS,17500,True,74.38,29.95,57751.42,790,14,0,71.59
2026-09-06T06:13:17Z,133,CloudOS.Supervisor,23280,True,6.86,1.38,4187.85,83,1,0,2.28
2026-09-06T06:13:17Z,133,CloudOS.SystemBroker,23276,True,27.41,18.62,4246.54,181,5,0,28.58
2026-09-06T06:13:17Z,133,cloudos_flutter_shell,10800,True,221.98,1052.3,59783.92,584,53,0,151.62
2026-09-06T06:13:17Z,133,msedgewebview2,2436,True,131.28,41.63,2303507.38,1437,54,0,5.05
2026-09-06T06:13:17Z,133,msedgewebview2,15152,True,12.23,2.98,2203900.73,179,8,0,0.19
2026-09-06T06:13:17Z,133,msedgewebview2,5520,True,98.3,139.81,2254183.6,712,33,0,2.12
2026-09-06T06:13:17Z,133,msedgewebview2,7436,True,44.31,14.19,2253643.63,375,21,0,1.5
2026-09-06T06:13:17Z,133,msedgewebview2,6164,True,20.5,9.3,2253431.09,186,10,0,0.2
2026-09-06T06:13:17Z,133,msedgewebview2,14668,True,99.38,49.5,3698902.14,339,28,0,0.89
2026-09-06T06:14:17Z,134,CloudOS,17500,True,74.39,29.94,57751.42,788,14,0,71.69
2026-09-06T06:14:17Z,134,CloudOS.Supervisor,23280,True,6.86,1.38,4187.85,83,1,0,2.28
2026-09-06T06:14:17Z,134,CloudOS.SystemBroker,23276,True,27.41,18.62,4246.54,181,5,0,28.67
2026-09-06T06:14:17Z,134,cloudos_flutter_shell,10800,True,221.98,1052.3,59783.92,584,53,0,152.02
2026-09-06T06:14:17Z,134,msedgewebview2,2436,True,131.28,41.63,2303507.38,1439,54,0,5.05
2026-09-06T06:14:17Z,134,msedgewebview2,15152,True,12.23,2.98,2203900.73,179,8,0,0.19
2026-09-06T06:14:17Z,134,msedgewebview2,5520,True,98.28,139.78,2254183.6,712,33,0,2.12
2026-09-06T06:14:17Z,134,msedgewebview2,7436,True,44.36,14.29,2253675.63,379,23,0,1.5
2026-09-06T06:14:17Z,134,msedgewebview2,6164,True,20.5,9.3,2253431.09,186,10,0,0.2
2026-09-06T06:14:17Z,134,msedgewebview2,14668,True,99.38,49.49,3698902.14,339,28,0,0.89
2026-09-06T06:15:17Z,135,CloudOS,17500,True,74.39,29.94,57751.42,790,14,0,71.8
2026-09-06T06:15:17Z,135,CloudOS.Supervisor,23280,True,6.86,1.38,4187.85,83,1,0,2.28
2026-09-06T06:15:17Z,135,CloudOS.SystemBroker,23276,True,27.41,18.62,4246.54,181,5,0,28.86
2026-09-06T06:15:17Z,135,cloudos_flutter_shell,10800,True,221.98,1052.3,59783.92,584,53,0,152.27
2026-09-06T06:15:17Z,135,msedgewebview2,2436,True,131.28,41.62,2303507.38,1439,54,0,5.05
2026-09-06T06:15:17Z,135,msedgewebview2,15152,True,12.23,2.98,2203900.73,179,8,0,0.19
2026-09-06T06:15:17Z,135,msedgewebview2,5520,True,98.28,139.78,2254183.6,712,33,0,2.12
2026-09-06T06:15:17Z,135,msedgewebview2,7436,True,44.35,14.28,2253675.63,379,23,0,1.5
2026-09-06T06:15:17Z,135,msedgewebview2,6164,True,20.5,9.3,2253431.09,186,10,0,0.2
2026-09-06T06:15:17Z,135,msedgewebview2,14668,True,99.38,49.49,3698902.14,339,28,0,0.91
2026-09-06T06:16:17Z,136,CloudOS,17500,True,74.39,29.94,57751.42,788,14,0,71.92
2026-09-06T06:16:17Z,136,CloudOS.Supervisor,23280,True,6.86,1.38,4187.85,83,1,0,2.28
2026-09-06T06:16:17Z,136,CloudOS.SystemBroker,23276,True,27.41,18.62,4246.54,181,5,0,29.08
2026-09-06T06:16:17Z,136,cloudos_flutter_shell,10800,True,221.98,1052.3,59783.92,584,53,0,152.47
2026-09-06T06:16:17Z,136,msedgewebview2,2436,True,131.23,41.54,2303475.38,1435,52,0,5.05
2026-09-06T06:16:17Z,136,msedgewebview2,15152,True,12.23,2.98,2203900.73,179,8,0,0.19
2026-09-06T06:16:17Z,136,msedgewebview2,5520,True,98.28,139.78,2254183.6,712,33,0,2.12
2026-09-06T06:16:17Z,136,msedgewebview2,7436,True,44.31,14.2,2253643.63,375,21,0,1.5
2026-09-06T06:16:17Z,136,msedgewebview2,6164,True,20.5,9.3,2253431.09,186,10,0,0.2
2026-09-06T06:16:17Z,136,msedgewebview2,14668,True,99.38,49.49,3698902.14,339,28,0,0.91
2026-09-06T06:17:18Z,137,CloudOS,17500,True,74.39,29.94,57751.42,790,14,0,72.14
2026-09-06T06:17:18Z,137,CloudOS.Supervisor,23280,True,6.86,1.38,4187.85,83,1,0,2.28
2026-09-06T06:17:18Z,137,CloudOS.SystemBroker,23276,True,27.41,18.62,4246.54,181,5,0,29.23
2026-09-06T06:17:18Z,137,cloudos_flutter_shell,10800,True,221.98,1052.3,59783.92,584,53,0,152.66
2026-09-06T06:17:18Z,137,msedgewebview2,2436,True,131.26,41.58,2303491.38,1435,53,0,5.05
2026-09-06T06:17:18Z,137,msedgewebview2,15152,True,12.23,2.98,2203900.73,179,8,0,0.19
2026-09-06T06:17:18Z,137,msedgewebview2,5520,True,98.28,139.78,2254183.6,712,33,0,2.12
2026-09-06T06:17:18Z,137,msedgewebview2,7436,True,44.31,14.2,2253643.63,375,21,0,1.5
2026-09-06T06:17:18Z,137,msedgewebview2,6164,True,20.5,9.3,2253431.09,186,10,0,0.2
2026-09-06T06:17:18Z,137,msedgewebview2,14668,True,99.38,49.5,3698902.14,339,28,0,0.91
2026-09-06T06:18:18Z,138,CloudOS,17500,True,74.39,29.94,57751.42,788,14,0,72.19
2026-09-06T06:18:18Z,138,CloudOS.Supervisor,23280,True,6.86,1.38,4187.85,83,1,0,2.28
2026-09-06T06:18:18Z,138,CloudOS.SystemBroker,23276,True,27.41,18.62,4246.54,181,5,0,29.36
2026-09-06T06:18:18Z,138,cloudos_flutter_shell,10800,True,221.97,1052.27,59782.92,584,52,0,152.89
2026-09-06T06:18:18Z,138,msedgewebview2,2436,True,131.23,41.53,2303475.38,1435,52,0,5.05
2026-09-06T06:18:18Z,138,msedgewebview2,15152,True,12.23,2.98,2203900.73,179,8,0,0.19
2026-09-06T06:18:18Z,138,msedgewebview2,5520,True,98.26,139.74,2254167.6,712,32,0,2.12
2026-09-06T06:18:18Z,138,msedgewebview2,7436,True,44.31,14.2,2253643.63,375,21,0,1.5
2026-09-06T06:18:18Z,138,msedgewebview2,6164,True,20.5,9.3,2253431.09,186,10,0,0.2
2026-09-06T06:18:18Z,138,msedgewebview2,14668,True,99.38,49.49,3698902.14,339,28,0,0.91
2026-09-06T06:19:18Z,139,CloudOS,17500,True,74.39,29.94,57751.42,790,14,0,72.3
2026-09-06T06:19:18Z,139,CloudOS.Supervisor,23280,True,6.86,1.38,4187.85,83,1,0,2.28
2026-09-06T06:19:18Z,139,CloudOS.SystemBroker,23276,True,27.41,18.62,4246.54,181,5,0,29.56
2026-09-06T06:19:18Z,139,cloudos_flutter_shell,10800,True,221.96,1052.3,59783.92,584,53,0,153.08
2026-09-06T06:19:18Z,139,msedgewebview2,2436,True,131.23,41.53,2303475.38,1435,52,0,5.05
2026-09-06T06:19:18Z,139,msedgewebview2,15152,True,12.24,2.99,2203900.73,179,8,0,0.19
2026-09-06T06:19:18Z,139,msedgewebview2,5520,True,98.27,139.8,2254183.6,712,33,0,2.12
2026-09-06T06:19:18Z,139,msedgewebview2,7436,True,44.3,14.19,2253643.63,375,21,0,1.5
2026-09-06T06:19:18Z,139,msedgewebview2,6164,True,20.5,9.3,2253431.09,186,10,0,0.2
2026-09-06T06:19:18Z,139,msedgewebview2,14668,True,99.38,49.49,3698902.14,339,28,0,0.91
2026-09-06T06:20:18Z,140,CloudOS,17500,True,74.37,29.91,57750.42,788,13,0,72.38
2026-09-06T06:20:18Z,140,CloudOS.Supervisor,23280,True,6.86,1.38,4187.85,83,1,0,2.28
2026-09-06T06:20:18Z,140,CloudOS.SystemBroker,23276,True,27.41,18.62,4246.54,181,5,0,29.67
2026-09-06T06:20:18Z,140,cloudos_flutter_shell,10800,True,221.96,1052.3,59783.92,584,53,0,153.22
2026-09-06T06:20:18Z,140,msedgewebview2,2436,True,131.23,41.53,2303475.38,1435,52,0,5.05
2026-09-06T06:20:18Z,140,msedgewebview2,15152,True,12.23,2.98,2203900.73,179,8,0,0.19
2026-09-06T06:20:18Z,140,msedgewebview2,5520,True,98.27,139.8,2254183.6,712,33,0,2.12
2026-09-06T06:20:18Z,140,msedgewebview2,7436,True,44.3,14.2,2253643.63,375,21,0,1.5
2026-09-06T06:20:18Z,140,msedgewebview2,6164,True,20.5,9.3,2253431.09,186,10,0,0.2
2026-09-06T06:20:18Z,140,msedgewebview2,14668,True,99.38,49.49,3698902.14,339,28,0,0.91
2026-09-06T06:21:18Z,141,CloudOS,17500,True,74.38,29.94,57751.42,790,14,0,72.44
2026-09-06T06:21:18Z,141,CloudOS.Supervisor,23280,True,6.86,1.38,4187.85,83,1,0,2.28
2026-09-06T06:21:18Z,141,CloudOS.SystemBroker,23276,True,27.41,18.62,4246.54,181,5,0,29.91
2026-09-06T06:21:18Z,141,cloudos_flutter_shell,10800,True,221.96,1052.3,59783.92,584,53,0,153.47
2026-09-06T06:21:18Z,141,msedgewebview2,2436,True,131.23,41.53,2303475.38,1435,52,0,5.05
2026-09-06T06:21:18Z,141,msedgewebview2,15152,True,12.24,2.99,2203900.73,179,8,0,0.19
2026-09-06T06:21:18Z,141,msedgewebview2,5520,True,98.27,139.8,2254183.6,712,33,0,2.12
2026-09-06T06:21:18Z,141,msedgewebview2,7436,True,44.3,14.19,2253643.63,375,21,0,1.5
2026-09-06T06:21:18Z,141,msedgewebview2,6164,True,20.5,9.3,2253431.09,186,10,0,0.22
2026-09-06T06:21:18Z,141,msedgewebview2,14668,True,99.38,49.49,3698902.14,339,28,0,0.91
2026-09-06T06:22:18Z,142,CloudOS,17500,True,74.38,29.94,57751.42,790,14,0,72.48
2026-09-06T06:22:18Z,142,CloudOS.Supervisor,23280,True,6.86,1.38,4187.85,83,1,0,2.28
2026-09-06T06:22:18Z,142,CloudOS.SystemBroker,23276,True,27.41,18.62,4246.54,181,5,0,30
2026-09-06T06:22:18Z,142,cloudos_flutter_shell,10800,True,221.96,1052.3,59783.92,584,53,0,153.77
2026-09-06T06:22:18Z,142,msedgewebview2,2436,True,131.25,41.58,2303491.38,1435,53,0,5.05
2026-09-06T06:22:18Z,142,msedgewebview2,15152,True,12.23,2.98,2203900.73,179,8,0,0.19
2026-09-06T06:22:18Z,142,msedgewebview2,5520,True,98.27,139.8,2254183.6,712,33,0,2.12
2026-09-06T06:22:18Z,142,msedgewebview2,7436,True,44.3,14.19,2253643.63,375,21,0,1.5
2026-09-06T06:22:18Z,142,msedgewebview2,6164,True,20.5,9.3,2253431.09,186,10,0,0.22
2026-09-06T06:22:18Z,142,msedgewebview2,14668,True,99.39,49.49,3698902.14,339,28,0,0.91
2026-09-06T06:23:18Z,143,CloudOS,17500,True,74.38,29.94,57751.42,790,14,0,72.55
2026-09-06T06:23:18Z,143,CloudOS.Supervisor,23280,True,6.86,1.38,4187.85,83,1,0,2.3
2026-09-06T06:23:18Z,143,CloudOS.SystemBroker,23276,True,27.41,18.62,4246.54,181,5,0,30.19
2026-09-06T06:23:18Z,143,cloudos_flutter_shell,10800,True,221.96,1052.3,59783.92,584,53,0,154.03
2026-09-06T06:23:18Z,143,msedgewebview2,2436,True,131.25,41.58,2303491.38,1435,53,0,5.05
2026-09-06T06:23:18Z,143,msedgewebview2,15152,True,12.23,2.98,2203900.73,179,8,0,0.19
2026-09-06T06:23:18Z,143,msedgewebview2,5520,True,98.27,139.78,2254183.6,712,33,0,2.12
2026-09-06T06:23:18Z,143,msedgewebview2,7436,True,44.3,14.19,2253643.63,375,21,0,1.5
2026-09-06T06:23:18Z,143,msedgewebview2,6164,True,20.5,9.3,2253431.09,186,10,0,0.22
2026-09-06T06:23:18Z,143,msedgewebview2,14668,True,99.39,49.49,3698902.14,339,28,0,0.91
2026-09-06T06:24:19Z,144,CloudOS,17500,True,74.38,29.94,57751.42,790,14,0,72.64
2026-09-06T06:24:19Z,144,CloudOS.Supervisor,23280,True,6.86,1.38,4187.85,83,1,0,2.3
2026-09-06T06:24:19Z,144,CloudOS.SystemBroker,23276,True,27.41,18.62,4246.54,181,5,0,30.39
2026-09-06T06:24:19Z,144,cloudos_flutter_shell,10800,True,221.96,1052.3,59783.92,584,53,0,154.27
2026-09-06T06:24:19Z,144,msedgewebview2,2436,True,131.25,41.55,2303475.38,1437,52,0,5.05
2026-09-06T06:24:19Z,144,msedgewebview2,15152,True,12.23,2.98,2203900.73,179,8,0,0.19
2026-09-06T06:24:19Z,144,msedgewebview2,5520,True,98.27,139.78,2254183.6,712,33,0,2.14
2026-09-06T06:24:19Z,144,msedgewebview2,7436,True,44.36,14.25,2253643.63,377,21,0,1.5
2026-09-06T06:24:19Z,144,msedgewebview2,6164,True,20.5,9.3,2253431.09,186,10,0,0.22
2026-09-06T06:24:19Z,144,msedgewebview2,14668,True,99.39,49.49,3698902.14,339,28,0,0.91
2026-09-06T06:25:19Z,145,CloudOS,17500,True,74.38,29.94,57751.42,788,14,0,72.8
2026-09-06T06:25:19Z,145,CloudOS.Supervisor,23280,True,6.86,1.38,4187.85,83,1,0,2.3
2026-09-06T06:25:19Z,145,CloudOS.SystemBroker,23276,True,27.41,18.62,4246.54,181,5,0,30.59
2026-09-06T06:25:19Z,145,cloudos_flutter_shell,10800,True,221.96,1052.3,59783.92,584,53,0,154.66
2026-09-06T06:25:19Z,145,msedgewebview2,2436,True,131.28,41.62,2303507.38,1437,54,0,5.05
2026-09-06T06:25:19Z,145,msedgewebview2,15152,True,12.23,2.98,2203900.73,179,8,0,0.19
2026-09-06T06:25:19Z,145,msedgewebview2,5520,True,98.27,139.78,2254183.6,712,33,0,2.14
2026-09-06T06:25:19Z,145,msedgewebview2,7436,True,44.35,14.28,2253675.63,377,23,0,1.5
2026-09-06T06:25:19Z,145,msedgewebview2,6164,True,20.5,9.3,2253431.09,186,10,0,0.22
2026-09-06T06:25:19Z,145,msedgewebview2,14668,True,99.39,49.49,3698902.14,339,28,0,0.91
2026-09-06T06:26:19Z,146,CloudOS,17500,True,74.41,29.96,57751.42,790,14,0,72.91
2026-09-06T06:26:19Z,146,CloudOS.Supervisor,23280,True,6.86,1.38,4187.85,83,1,0,2.3
2026-09-06T06:26:19Z,146,CloudOS.SystemBroker,23276,True,27.41,18.62,4246.54,181,5,0,30.67
2026-09-06T06:26:19Z,146,cloudos_flutter_shell,10800,True,221.96,1052.3,59783.92,584,53,0,154.95
2026-09-06T06:26:19Z,146,msedgewebview2,2436,True,131.23,41.53,2303475.38,1435,52,0,5.08
2026-09-06T06:26:19Z,146,msedgewebview2,15152,True,12.23,2.98,2203900.73,179,8,0,0.19
2026-09-06T06:26:19Z,146,msedgewebview2,5520,True,98.27,139.78,2254183.6,712,33,0,2.14
2026-09-06T06:26:19Z,146,msedgewebview2,7436,True,44.31,14.2,2253643.63,375,21,0,1.5
2026-09-06T06:26:19Z,146,msedgewebview2,6164,True,20.5,9.3,2253431.09,186,10,0,0.22
2026-09-06T06:26:19Z,146,msedgewebview2,14668,True,99.39,49.49,3698902.14,339,28,0,0.91
2026-09-06T06:27:19Z,147,CloudOS,17500,True,74.41,29.96,57751.42,788,14,0,73
2026-09-06T06:27:19Z,147,CloudOS.Supervisor,23280,True,6.86,1.38,4187.85,83,1,0,2.3
2026-09-06T06:27:19Z,147,CloudOS.SystemBroker,23276,True,27.41,18.62,4246.54,181,5,0,30.95
2026-09-06T06:27:19Z,147,cloudos_flutter_shell,10800,True,221.96,1052.3,59783.92,584,53,0,155.3
2026-09-06T06:27:19Z,147,msedgewebview2,2436,True,131.29,41.64,2303507.38,1437,54,0,5.09
2026-09-06T06:27:19Z,147,msedgewebview2,15152,True,12.23,2.98,2203900.73,179,8,0,0.19
2026-09-06T06:27:19Z,147,msedgewebview2,5520,True,98.25,139.73,2254167.6,712,32,0,2.14
2026-09-06T06:27:19Z,147,msedgewebview2,7436,True,44.31,14.19,2253643.63,375,21,0,1.5
2026-09-06T06:27:19Z,147,msedgewebview2,6164,True,20.5,9.3,2253431.09,186,10,0,0.22
2026-09-06T06:27:19Z,147,msedgewebview2,14668,True,99.39,49.49,3698902.14,339,28,0,0.91
2026-09-06T06:28:19Z,148,CloudOS,17500,True,74.41,29.96,57751.42,790,14,0,73.16
2026-09-06T06:28:19Z,148,CloudOS.Supervisor,23280,True,6.86,1.38,4187.85,83,1,0,2.33
2026-09-06T06:28:19Z,148,CloudOS.SystemBroker,23276,True,27.41,18.62,4246.54,181,5,0,31.12
2026-09-06T06:28:19Z,148,cloudos_flutter_shell,10800,True,221.96,1052.3,59783.92,584,53,0,155.53
2026-09-06T06:28:19Z,148,msedgewebview2,2436,True,131.23,41.54,2303475.38,1435,52,0,5.09
2026-09-06T06:28:19Z,148,msedgewebview2,15152,True,12.24,2.99,2203900.73,179,8,0,0.19
2026-09-06T06:28:19Z,148,msedgewebview2,5520,True,98.3,139.81,2254183.6,712,33,0,2.14
2026-09-06T06:28:19Z,148,msedgewebview2,7436,True,44.31,14.19,2253643.63,375,21,0,1.5
2026-09-06T06:28:19Z,148,msedgewebview2,6164,True,20.5,9.3,2253431.09,186,10,0,0.22
2026-09-06T06:28:19Z,148,msedgewebview2,14668,True,99.39,49.49,3698902.14,339,28,0,0.91
2026-09-06T06:29:19Z,149,CloudOS,17500,True,74.39,29.94,57750.42,788,13,0,73.28
2026-09-06T06:29:19Z,149,CloudOS.Supervisor,23280,True,6.86,1.38,4187.85,83,1,0,2.34
2026-09-06T06:29:19Z,149,CloudOS.SystemBroker,23276,True,27.41,18.62,4246.54,181,5,0,31.28
2026-09-06T06:29:19Z,149,cloudos_flutter_shell,10800,True,221.96,1052.3,59783.92,584,53,0,155.75
2026-09-06T06:29:19Z,149,msedgewebview2,2436,True,131.28,41.63,2303507.38,1439,54,0,5.09
2026-09-06T06:29:19Z,149,msedgewebview2,15152,True,12.24,2.99,2203900.73,179,8,0,0.19
2026-09-06T06:29:19Z,149,msedgewebview2,5520,True,98.3,139.81,2254183.6,712,33,0,2.14
2026-09-06T06:29:19Z,149,msedgewebview2,7436,True,44.35,14.28,2253675.63,379,23,0,1.5
2026-09-06T06:29:19Z,149,msedgewebview2,6164,True,20.5,9.3,2253431.09,186,10,0,0.22
2026-09-06T06:29:19Z,149,msedgewebview2,14668,True,99.39,49.5,3698902.14,339,28,0,0.91
2026-09-06T06:30:19Z,150,CloudOS,17500,True,74.41,29.97,57751.42,790,14,0,73.33
2026-09-06T06:30:19Z,150,CloudOS.Supervisor,23280,True,6.86,1.38,4187.85,83,1,0,2.36
2026-09-06T06:30:19Z,150,CloudOS.SystemBroker,23276,True,27.41,18.62,4246.54,181,5,0,31.39
2026-09-06T06:30:19Z,150,cloudos_flutter_shell,10800,True,221.96,1052.3,59783.92,584,53,0,155.98
2026-09-06T06:30:19Z,150,msedgewebview2,2436,True,131.28,41.62,2303507.38,1439,54,0,5.09
2026-09-06T06:30:19Z,150,msedgewebview2,15152,True,12.23,2.98,2203900.73,179,8,0,0.19
2026-09-06T06:30:19Z,150,msedgewebview2,5520,True,98.3,139.81,2254183.6,712,33,0,2.14
2026-09-06T06:30:19Z,150,msedgewebview2,7436,True,44.34,14.27,2253675.63,379,23,0,1.5
2026-09-06T06:30:19Z,150,msedgewebview2,6164,True,20.5,9.3,2253431.09,186,10,0,0.22
2026-09-06T06:30:19Z,150,msedgewebview2,14668,True,99.39,49.49,3698902.14,339,28,0,0.91
2026-09-06T06:31:20Z,151,CloudOS,17500,True,74.41,29.97,57751.42,790,14,0,73.47
2026-09-06T06:31:20Z,151,CloudOS.Supervisor,23280,True,6.86,1.38,4187.85,83,1,0,2.39
2026-09-06T06:31:20Z,151,CloudOS.SystemBroker,23276,True,27.41,18.62,4246.54,181,5,0,31.61
2026-09-06T06:31:20Z,151,cloudos_flutter_shell,10800,True,221.96,1052.3,59783.92,584,53,0,156.33
2026-09-06T06:31:20Z,151,msedgewebview2,2436,True,131.26,41.59,2303491.38,1437,53,0,5.09
2026-09-06T06:31:20Z,151,msedgewebview2,15152,True,12.23,2.98,2203900.73,179,8,0,0.19
2026-09-06T06:31:20Z,151,msedgewebview2,5520,True,98.3,139.81,2254183.6,712,33,0,2.14
2026-09-06T06:31:20Z,151,msedgewebview2,7436,True,44.33,14.23,2253659.63,377,22,0,1.52
2026-09-06T06:31:20Z,151,msedgewebview2,6164,True,20.5,9.3,2253431.09,186,10,0,0.22
2026-09-06T06:31:20Z,151,msedgewebview2,14668,True,99.39,49.49,3698902.14,339,28,0,0.91
2026-09-06T06:32:20Z,152,CloudOS,17500,True,74.41,29.97,57751.42,790,14,0,73.59
2026-09-06T06:32:20Z,152,CloudOS.Supervisor,23280,True,6.86,1.38,4187.85,83,1,0,2.39
2026-09-06T06:32:20Z,152,CloudOS.SystemBroker,23276,True,27.41,18.62,4246.54,181,5,0,31.81
2026-09-06T06:32:20Z,152,cloudos_flutter_shell,10800,True,221.98,1052.3,59783.92,584,53,0,156.67
2026-09-06T06:32:20Z,152,msedgewebview2,2436,True,131.26,41.58,2303491.38,1437,53,0,5.12
2026-09-06T06:32:20Z,152,msedgewebview2,15152,True,12.24,2.99,2203900.73,179,8,0,0.19
2026-09-06T06:32:20Z,152,msedgewebview2,5520,True,98.28,139.78,2254183.6,712,33,0,2.14
2026-09-06T06:32:20Z,152,msedgewebview2,7436,True,44.31,14.19,2253643.63,375,21,0,1.52
2026-09-06T06:32:20Z,152,msedgewebview2,6164,True,20.5,9.3,2253431.09,186,10,0,0.22
2026-09-06T06:32:20Z,152,msedgewebview2,14668,True,99.39,49.49,3698902.14,339,28,0,0.91
2026-09-06T06:33:20Z,153,CloudOS,17500,True,74.42,29.98,57751.42,790,14,0,73.7
2026-09-06T06:33:20Z,153,CloudOS.Supervisor,23280,True,6.86,1.38,4187.85,83,1,0,2.41
2026-09-06T06:33:20Z,153,CloudOS.SystemBroker,23276,True,27.41,18.62,4246.54,181,5,0,32.02
2026-09-06T06:33:20Z,153,cloudos_flutter_shell,10800,True,221.98,1052.3,59783.92,584,53,0,156.92
2026-09-06T06:33:20Z,153,msedgewebview2,2436,True,131.26,41.58,2303491.38,1437,53,0,5.12
2026-09-06T06:33:20Z,153,msedgewebview2,15152,True,12.23,2.98,2203900.73,179,8,0,0.19
2026-09-06T06:33:20Z,153,msedgewebview2,5520,True,98.28,139.78,2254183.6,712,33,0,2.14
2026-09-06T06:33:20Z,153,msedgewebview2,7436,True,44.31,14.2,2253643.63,375,21,0,1.52
2026-09-06T06:33:20Z,153,msedgewebview2,6164,True,20.5,9.3,2253431.09,186,10,0,0.22
2026-09-06T06:33:20Z,153,msedgewebview2,14668,True,99.39,49.49,3698902.14,339,28,0,0.91
2026-09-06T06:34:20Z,154,CloudOS,17500,True,74.42,29.98,57751.42,788,14,0,73.77
2026-09-06T06:34:20Z,154,CloudOS.Supervisor,23280,True,6.86,1.38,4187.85,83,1,0,2.41
2026-09-06T06:34:20Z,154,CloudOS.SystemBroker,23276,True,27.41,18.62,4246.54,181,5,0,32.22
2026-09-06T06:34:20Z,154,cloudos_flutter_shell,10800,True,221.96,1052.3,59783.92,584,53,0,157.16
2026-09-06T06:34:20Z,154,msedgewebview2,2436,True,131.25,41.55,2303475.38,1437,52,0,5.14
2026-09-06T06:34:20Z,154,msedgewebview2,15152,True,12.23,2.98,2203900.73,179,8,0,0.19
2026-09-06T06:34:20Z,154,msedgewebview2,5520,True,98.27,139.78,2254183.6,712,33,0,2.14
2026-09-06T06:34:20Z,154,msedgewebview2,7436,True,44.34,14.25,2253643.63,377,21,0,1.52
2026-09-06T06:34:20Z,154,msedgewebview2,6164,True,20.5,9.3,2253431.09,186,10,0,0.22
2026-09-06T06:34:20Z,154,msedgewebview2,14668,True,99.39,49.49,3698902.14,339,28,0,0.91
2026-09-06T06:35:20Z,155,CloudOS,17500,True,74.42,29.98,57751.42,790,14,0,73.78
2026-09-06T06:35:20Z,155,CloudOS.Supervisor,23280,True,6.86,1.38,4187.85,83,1,0,2.42
2026-09-06T06:35:20Z,155,CloudOS.SystemBroker,23276,True,27.41,18.62,4246.54,181,5,0,32.48
2026-09-06T06:35:20Z,155,cloudos_flutter_shell,10800,True,221.98,1052.3,59783.92,584,53,0,157.38
2026-09-06T06:35:20Z,155,msedgewebview2,2436,True,131.28,41.63,2303507.38,1437,54,0,5.14
2026-09-06T06:35:20Z,155,msedgewebview2,15152,True,12.23,2.98,2203900.73,179,8,0,0.19
2026-09-06T06:35:20Z,155,msedgewebview2,5520,True,98.27,139.78,2254183.6,712,33,0,2.14
2026-09-06T06:35:20Z,155,msedgewebview2,7436,True,44.35,14.28,2253675.63,377,23,0,1.52
2026-09-06T06:35:20Z,155,msedgewebview2,6164,True,20.5,9.3,2253431.09,186,10,0,0.22
2026-09-06T06:35:20Z,155,msedgewebview2,14668,True,99.39,49.5,3698902.14,339,28,0,0.91
2026-09-06T06:36:20Z,156,CloudOS,17500,True,74.42,29.98,57751.42,788,14,0,73.86
2026-09-06T06:36:20Z,156,CloudOS.Supervisor,23280,True,6.86,1.38,4187.85,83,1,0,2.42
2026-09-06T06:36:20Z,156,CloudOS.SystemBroker,23276,True,27.41,18.62,4246.54,181,5,0,32.67
2026-09-06T06:36:20Z,156,cloudos_flutter_shell,10800,True,221.98,1052.3,59783.92,584,53,0,157.66
2026-09-06T06:36:20Z,156,msedgewebview2,2436,True,131.24,41.54,2303475.38,1435,52,0,5.14
2026-09-06T06:36:20Z,156,msedgewebview2,15152,True,12.23,2.98,2203900.73,179,8,0,0.19
2026-09-06T06:36:20Z,156,msedgewebview2,5520,True,98.28,139.78,2254183.6,712,33,0,2.14
2026-09-06T06:36:20Z,156,msedgewebview2,7436,True,44.31,14.19,2253643.63,375,21,0,1.53
2026-09-06T06:36:20Z,156,msedgewebview2,6164,True,20.5,9.3,2253431.09,186,10,0,0.22
2026-09-06T06:36:20Z,156,msedgewebview2,14668,True,99.39,49.49,3698902.14,339,28,0,0.91
2026-09-06T06:37:21Z,157,CloudOS,17500,True,74.42,29.98,57751.42,790,14,0,74
2026-09-06T06:37:21Z,157,CloudOS.Supervisor,23280,True,6.86,1.38,4187.85,83,1,0,2.42
2026-09-06T06:37:21Z,157,CloudOS.SystemBroker,23276,True,27.41,18.62,4246.54,181,5,0,32.81
2026-09-06T06:37:21Z,157,cloudos_flutter_shell,10800,True,221.98,1052.3,59783.92,584,53,0,158.02
2026-09-06T06:37:21Z,157,msedgewebview2,2436,True,131.25,41.58,2303491.38,1435,53,0,5.14
2026-09-06T06:37:21Z,157,msedgewebview2,15152,True,12.23,2.98,2203900.73,179,8,0,0.19
2026-09-06T06:37:21Z,157,msedgewebview2,5520,True,98.28,139.78,2254183.6,712,33,0,2.14
2026-09-06T06:37:21Z,157,msedgewebview2,7436,True,44.31,14.2,2253643.63,375,21,0,1.53
2026-09-06T06:37:21Z,157,msedgewebview2,6164,True,20.5,9.3,2253431.09,186,10,0,0.22
2026-09-06T06:37:21Z,157,msedgewebview2,14668,True,99.39,49.49,3698902.14,339,28,0,0.91
2026-09-06T06:38:21Z,158,CloudOS,17500,True,74.4,29.95,57750.42,788,13,0,74.05
2026-09-06T06:38:21Z,158,CloudOS.Supervisor,23280,True,6.86,1.38,4187.85,83,1,0,2.42
2026-09-06T06:38:21Z,158,CloudOS.SystemBroker,23276,True,27.41,18.62,4246.54,181,5,0,32.94
2026-09-06T06:38:21Z,158,cloudos_flutter_shell,10800,True,221.98,1052.3,59783.92,584,53,0,158.2
2026-09-06T06:38:21Z,158,msedgewebview2,2436,True,131.25,41.58,2303491.38,1435,53,0,5.14
2026-09-06T06:38:21Z,158,msedgewebview2,15152,True,12.23,2.98,2203900.73,179,8,0,0.19
2026-09-06T06:38:21Z,158,msedgewebview2,5520,True,98.28,139.78,2254183.6,712,33,0,2.14
2026-09-06T06:38:21Z,158,msedgewebview2,7436,True,44.31,14.19,2253643.63,375,21,0,1.53
2026-09-06T06:38:21Z,158,msedgewebview2,6164,True,20.5,9.3,2253431.09,186,10,0,0.22
2026-09-06T06:38:21Z,158,msedgewebview2,14668,True,99.39,49.49,3698902.14,339,28,0,0.91
2026-09-06T06:39:21Z,159,CloudOS,17500,True,74.42,29.98,57751.42,790,14,0,74.17
2026-09-06T06:39:21Z,159,CloudOS.Supervisor,23280,True,6.86,1.38,4187.85,83,1,0,2.42
2026-09-06T06:39:21Z,159,CloudOS.SystemBroker,23276,True,27.41,18.62,4246.54,181,5,0,33.11
2026-09-06T06:39:21Z,159,cloudos_flutter_shell,10800,True,221.97,1052.29,59783.92,584,53,0,158.64
2026-09-06T06:39:21Z,159,msedgewebview2,2436,True,131.23,41.54,2303475.38,1435,52,0,5.14
2026-09-06T06:39:21Z,159,msedgewebview2,15152,True,12.24,2.99,2203900.73,179,8,0,0.19
2026-09-06T06:39:21Z,159,msedgewebview2,5520,True,98.27,139.78,2254183.6,712,33,0,2.14
2026-09-06T06:39:21Z,159,msedgewebview2,7436,True,44.31,14.19,2253643.63,375,21,0,1.53
2026-09-06T06:39:21Z,159,msedgewebview2,6164,True,20.5,9.3,2253431.09,186,10,0,0.22
2026-09-06T06:39:21Z,159,msedgewebview2,14668,True,99.39,49.49,3698902.14,339,28,0,0.91
2026-09-06T06:40:21Z,160,CloudOS,17500,True,74.42,29.98,57751.42,790,14,0,74.3
2026-09-06T06:40:21Z,160,CloudOS.Supervisor,23280,True,6.86,1.38,4187.85,83,1,0,2.42
2026-09-06T06:40:21Z,160,CloudOS.SystemBroker,23276,True,27.41,18.62,4246.54,181,5,0,33.22
2026-09-06T06:40:21Z,160,cloudos_flutter_shell,10800,True,221.97,1052.29,59783.92,584,53,0,158.86
2026-09-06T06:40:21Z,160,msedgewebview2,2436,True,131.23,41.54,2303475.38,1435,52,0,5.14
2026-09-06T06:40:21Z,160,msedgewebview2,15152,True,12.23,2.98,2203900.73,179,8,0,0.19
2026-09-06T06:40:21Z,160,msedgewebview2,5520,True,98.27,139.78,2254183.6,712,33,0,2.14
2026-09-06T06:40:21Z,160,msedgewebview2,7436,True,44.31,14.19,2253643.63,375,21,0,1.53
2026-09-06T06:40:21Z,160,msedgewebview2,6164,True,20.5,9.3,2253431.09,186,10,0,0.22
2026-09-06T06:40:21Z,160,msedgewebview2,14668,True,99.39,49.49,3698902.14,339,28,0,0.91
2026-09-06T06:41:21Z,161,CloudOS,17500,True,74.42,29.98,57751.42,790,14,0,74.36
2026-09-06T06:41:21Z,161,CloudOS.Supervisor,23280,True,6.86,1.38,4187.85,83,1,0,2.42
2026-09-06T06:41:21Z,161,CloudOS.SystemBroker,23276,True,27.41,18.62,4246.54,181,5,0,33.47
2026-09-06T06:41:21Z,161,cloudos_flutter_shell,10800,True,221.97,1052.29,59783.92,584,53,0,159.22
2026-09-06T06:41:21Z,161,msedgewebview2,2436,True,131.23,41.54,2303475.38,1435,52,0,5.14
2026-09-06T06:41:21Z,161,msedgewebview2,15152,True,12.23,2.98,2203900.73,179,8,0,0.19
2026-09-06T06:41:21Z,161,msedgewebview2,5520,True,98.27,139.77,2254183.6,712,33,0,2.14
2026-09-06T06:41:21Z,161,msedgewebview2,7436,True,44.31,14.19,2253643.63,375,21,0,1.53
2026-09-06T06:41:21Z,161,msedgewebview2,6164,True,20.5,9.3,2253431.09,186,10,0,0.22
2026-09-06T06:41:21Z,161,msedgewebview2,14668,True,99.39,49.5,3698902.14,339,28,0,0.91
2026-09-06T06:42:21Z,162,CloudOS,17500,True,74.42,29.98,57751.42,790,14,0,74.44
2026-09-06T06:42:21Z,162,CloudOS.Supervisor,23280,True,6.86,1.38,4187.85,83,1,0,2.42
2026-09-06T06:42:21Z,162,CloudOS.SystemBroker,23276,True,27.41,18.62,4246.54,181,5,0,33.73
2026-09-06T06:42:21Z,162,cloudos_flutter_shell,10800,True,221.97,1052.29,59783.92,584,53,0,159.47
2026-09-06T06:42:21Z,162,msedgewebview2,2436,True,131.28,41.62,2303507.38,1437,54,0,5.16
2026-09-06T06:42:21Z,162,msedgewebview2,15152,True,12.23,2.98,2203900.73,179,8,0,0.19
2026-09-06T06:42:21Z,162,msedgewebview2,5520,True,98.27,139.77,2254183.6,712,33,0,2.14
2026-09-06T06:42:21Z,162,msedgewebview2,7436,True,44.31,14.19,2253643.63,375,21,0,1.53
2026-09-06T06:42:21Z,162,msedgewebview2,6164,True,20.5,9.3,2253431.09,186,10,0,0.23
2026-09-06T06:42:21Z,162,msedgewebview2,14668,True,99.39,49.49,3698902.14,339,28,0,0.91
2026-09-06T06:43:22Z,163,CloudOS,17500,True,74.42,29.98,57751.42,788,14,0,74.52
2026-09-06T06:43:22Z,163,CloudOS.Supervisor,23280,True,6.86,1.38,4187.85,83,1,0,2.42
2026-09-06T06:43:22Z,163,CloudOS.SystemBroker,23276,True,27.41,18.62,4246.54,181,5,0,33.91
2026-09-06T06:43:22Z,163,cloudos_flutter_shell,10800,True,221.97,1052.29,59783.92,584,53,0,159.7
2026-09-06T06:43:22Z,163,msedgewebview2,2436,True,131.26,41.58,2303491.38,1437,53,0,5.17
2026-09-06T06:43:22Z,163,msedgewebview2,15152,True,12.23,2.98,2203900.73,179,8,0,0.19
2026-09-06T06:43:22Z,163,msedgewebview2,5520,True,98.27,139.77,2254183.6,712,33,0,2.14
2026-09-06T06:43:22Z,163,msedgewebview2,7436,True,44.31,14.19,2253643.63,375,21,0,1.53
2026-09-06T06:43:22Z,163,msedgewebview2,6164,True,20.5,9.3,2253431.09,186,10,0,0.23
2026-09-06T06:43:22Z,163,msedgewebview2,14668,True,99.39,49.49,3698902.14,339,28,0,0.91
2026-09-06T06:44:22Z,164,CloudOS,17500,True,74.42,29.98,57751.42,790,14,0,74.61
2026-09-06T06:44:22Z,164,CloudOS.Supervisor,23280,True,6.86,1.38,4187.85,83,1,0,2.45
2026-09-06T06:44:22Z,164,CloudOS.SystemBroker,23276,True,27.41,18.62,4246.54,181,5,0,34.17
2026-09-06T06:44:22Z,164,cloudos_flutter_shell,10800,True,221.98,1052.3,59783.92,584,53,0,159.98
2026-09-06T06:44:22Z,164,msedgewebview2,2436,True,131.29,41.63,2303507.38,1439,54,0,5.17
2026-09-06T06:44:22Z,164,msedgewebview2,15152,True,12.23,2.98,2203900.73,179,8,0,0.19
2026-09-06T06:44:22Z,164,msedgewebview2,5520,True,98.27,139.77,2254183.6,712,33,0,2.14
2026-09-06T06:44:22Z,164,msedgewebview2,7436,True,44.36,14.29,2253675.63,379,23,0,1.53
2026-09-06T06:44:22Z,164,msedgewebview2,6164,True,20.5,9.3,2253431.09,186,10,0,0.23
2026-09-06T06:44:22Z,164,msedgewebview2,14668,True,99.39,49.49,3698902.14,339,28,0,0.91
2026-09-06T06:45:22Z,165,CloudOS,17500,True,74.41,29.97,57751.42,788,14,0,74.67
2026-09-06T06:45:22Z,165,CloudOS.Supervisor,23280,True,6.86,1.38,4187.85,83,1,0,2.45
2026-09-06T06:45:22Z,165,CloudOS.SystemBroker,23276,True,27.41,18.62,4246.54,181,5,0,34.36
2026-09-06T06:45:22Z,165,cloudos_flutter_shell,10800,True,221.98,1052.3,59783.92,584,53,0,160.3
2026-09-06T06:45:22Z,165,msedgewebview2,2436,True,131.29,41.63,2303507.38,1439,54,0,5.17
2026-09-06T06:45:22Z,165,msedgewebview2,15152,True,12.23,2.98,2203900.73,179,8,0,0.19
2026-09-06T06:45:22Z,165,msedgewebview2,5520,True,98.28,139.78,2254183.6,712,33,0,2.14
2026-09-06T06:45:22Z,165,msedgewebview2,7436,True,44.34,14.27,2253675.63,379,23,0,1.53
2026-09-06T06:45:22Z,165,msedgewebview2,6164,True,20.5,9.3,2253431.09,186,10,0,0.23
2026-09-06T06:45:22Z,165,msedgewebview2,14668,True,99.39,49.49,3698902.14,339,28,0,0.91
2026-09-06T06:46:22Z,166,CloudOS,17500,True,74.41,29.97,57751.42,790,14,0,74.72
2026-09-06T06:46:22Z,166,CloudOS.Supervisor,23280,True,6.86,1.38,4187.85,83,1,0,2.45
2026-09-06T06:46:22Z,166,CloudOS.SystemBroker,23276,True,27.41,18.62,4246.54,181,5,0,34.56
2026-09-06T06:46:22Z,166,cloudos_flutter_shell,10800,True,221.98,1052.3,59783.92,584,53,0,160.53
2026-09-06T06:46:22Z,166,msedgewebview2,2436,True,131.23,41.53,2303475.38,1435,52,0,5.17
2026-09-06T06:46:22Z,166,msedgewebview2,15152,True,12.23,2.98,2203900.73,179,8,0,0.19
2026-09-06T06:46:22Z,166,msedgewebview2,5520,True,98.27,139.77,2254183.6,712,33,0,2.14
2026-09-06T06:46:22Z,166,msedgewebview2,7436,True,44.31,14.2,2253643.63,375,21,0,1.53
2026-09-06T06:46:22Z,166,msedgewebview2,6164,True,20.5,9.3,2253431.09,186,10,0,0.23
2026-09-06T06:46:22Z,166,msedgewebview2,14668,True,99.39,49.49,3698902.14,339,28,0,0.91
2026-09-06T06:47:22Z,167,CloudOS,17500,True,74.4,29.95,57750.42,788,13,0,74.88
2026-09-06T06:47:22Z,167,CloudOS.Supervisor,23280,True,6.86,1.38,4187.85,83,1,0,2.45
2026-09-06T06:47:22Z,167,CloudOS.SystemBroker,23276,True,27.41,18.62,4246.54,181,5,0,34.67
2026-09-06T06:47:22Z,167,cloudos_flutter_shell,10800,True,221.98,1052.3,59783.92,584,53,0,160.84
2026-09-06T06:47:22Z,167,msedgewebview2,2436,True,131.26,41.58,2303491.38,1435,53,0,5.17
2026-09-06T06:47:22Z,167,msedgewebview2,15152,True,12.23,2.98,2203900.73,179,8,0,0.19
2026-09-06T06:47:22Z,167,msedgewebview2,5520,True,98.27,139.77,2254183.6,712,33,0,2.14
2026-09-06T06:47:22Z,167,msedgewebview2,7436,True,44.31,14.19,2253643.63,375,21,0,1.53
2026-09-06T06:47:22Z,167,msedgewebview2,6164,True,20.5,9.3,2253431.09,186,10,0,0.23
2026-09-06T06:47:22Z,167,msedgewebview2,14668,True,99.39,49.49,3698902.14,339,28,0,0.91
2026-09-06T06:48:22Z,168,CloudOS,17500,True,74.41,29.97,57751.42,790,14,0,74.98
2026-09-06T06:48:22Z,168,CloudOS.Supervisor,23280,True,6.86,1.38,4187.85,83,1,0,2.45
2026-09-06T06:48:22Z,168,CloudOS.SystemBroker,23276,True,27.41,18.62,4246.54,181,5,0,34.95
2026-09-06T06:48:22Z,168,cloudos_flutter_shell,10800,True,221.98,1052.29,59783.92,584,53,0,161.17
2026-09-06T06:48:22Z,168,msedgewebview2,2436,True,131.27,41.59,2303491.38,1435,53,0,5.17
2026-09-06T06:48:22Z,168,msedgewebview2,15152,True,12.23,2.98,2203900.73,179,8,0,0.19
2026-09-06T06:48:22Z,168,msedgewebview2,5520,True,98.28,139.78,2254183.6,712,33,0,2.14
2026-09-06T06:48:22Z,168,msedgewebview2,7436,True,44.31,14.2,2253643.63,375,21,0,1.53
2026-09-06T06:48:22Z,168,msedgewebview2,6164,True,20.5,9.3,2253431.09,186,10,0,0.23
2026-09-06T06:48:22Z,168,msedgewebview2,14668,True,99.39,49.49,3698902.14,339,28,0,0.91
2026-09-06T06:49:22Z,169,CloudOS,17500,True,74.4,29.95,57750.42,788,13,0,75.06
2026-09-06T06:49:22Z,169,CloudOS.Supervisor,23280,True,6.86,1.38,4187.85,83,1,0,2.45
2026-09-06T06:49:22Z,169,CloudOS.SystemBroker,23276,True,27.41,18.62,4246.54,181,5,0,35.23
2026-09-06T06:49:22Z,169,cloudos_flutter_shell,10800,True,221.96,1052.29,59783.92,584,53,0,161.33
2026-09-06T06:49:22Z,169,msedgewebview2,2436,True,131.22,41.53,2303475.38,1435,52,0,5.17
2026-09-06T06:49:22Z,169,msedgewebview2,15152,True,12.23,2.98,2203900.73,179,8,0,0.19
2026-09-06T06:49:22Z,169,msedgewebview2,5520,True,98.26,139.77,2254183.6,712,33,0,2.14
2026-09-06T06:49:22Z,169,msedgewebview2,7436,True,44.3,14.19,2253643.63,375,21,0,1.53
2026-09-06T06:49:22Z,169,msedgewebview2,6164,True,20.5,9.3,2253431.09,186,10,0,0.23
2026-09-06T06:49:22Z,169,msedgewebview2,14668,True,99.39,49.49,3698902.14,339,28,0,0.91
2026-09-06T06:50:23Z,170,CloudOS,17500,True,74.42,29.98,57751.42,790,14,0,75.2
2026-09-06T06:50:23Z,170,CloudOS.Supervisor,23280,True,6.86,1.38,4187.85,83,1,0,2.45
2026-09-06T06:50:23Z,170,CloudOS.SystemBroker,23276,True,27.41,18.62,4246.54,181,5,0,35.36
2026-09-06T06:50:23Z,170,cloudos_flutter_shell,10800,True,221.96,1052.29,59783.92,584,53,0,161.55
2026-09-06T06:50:23Z,170,msedgewebview2,2436,True,131.22,41.53,2303475.38,1435,52,0,5.17
2026-09-06T06:50:23Z,170,msedgewebview2,15152,True,12.23,2.98,2203900.73,179,8,0,0.19
2026-09-06T06:50:23Z,170,msedgewebview2,5520,True,98.3,139.81,2254183.6,712,33,0,2.17
2026-09-06T06:50:23Z,170,msedgewebview2,7436,True,44.3,14.2,2253643.63,375,21,0,1.53
2026-09-06T06:50:23Z,170,msedgewebview2,6164,True,20.5,9.3,2253431.09,186,10,0,0.23
2026-09-06T06:50:23Z,170,msedgewebview2,14668,True,99.39,49.49,3698902.14,339,28,0,0.91
2026-09-06T06:51:23Z,171,CloudOS,17500,True,74.42,29.98,57751.42,790,14,0,75.33
2026-09-06T06:51:23Z,171,CloudOS.Supervisor,23280,True,6.86,1.38,4187.85,83,1,0,2.45
2026-09-06T06:51:23Z,171,CloudOS.SystemBroker,23276,True,27.41,18.62,4246.54,181,5,0,35.55
2026-09-06T06:51:23Z,171,cloudos_flutter_shell,10800,True,221.96,1052.29,59783.92,584,53,0,161.89
2026-09-06T06:51:23Z,171,msedgewebview2,2436,True,131.22,41.53,2303475.38,1435,52,0,5.17
2026-09-06T06:51:23Z,171,msedgewebview2,15152,True,12.23,2.98,2203900.73,179,8,0,0.19
2026-09-06T06:51:23Z,171,msedgewebview2,5520,True,98.3,139.81,2254183.6,712,33,0,2.17
2026-09-06T06:51:23Z,171,msedgewebview2,7436,True,44.3,14.19,2253643.63,375,21,0,1.53
2026-09-06T06:51:23Z,171,msedgewebview2,6164,True,20.5,9.3,2253431.09,186,10,0,0.23
2026-09-06T06:51:23Z,171,msedgewebview2,14668,True,99.39,49.49,3698902.14,339,28,0,0.91
2026-09-06T06:52:23Z,172,CloudOS,17500,True,74.42,29.98,57751.42,790,14,0,75.38
2026-09-06T06:52:23Z,172,CloudOS.Supervisor,23280,True,6.86,1.38,4187.85,83,1,0,2.45
2026-09-06T06:52:23Z,172,CloudOS.SystemBroker,23276,True,27.41,18.62,4246.54,181,5,0,35.67
2026-09-06T06:52:23Z,172,cloudos_flutter_shell,10800,True,221.96,1052.29,59783.92,584,53,0,162.19
2026-09-06T06:52:23Z,172,msedgewebview2,2436,True,131.25,41.58,2303491.38,1435,53,0,5.22
2026-09-06T06:52:23Z,172,msedgewebview2,15152,True,12.23,2.98,2203900.73,179,8,0,0.19
2026-09-06T06:52:23Z,172,msedgewebview2,5520,True,98.3,139.81,2254183.6,712,33,0,2.17
2026-09-06T06:52:23Z,172,msedgewebview2,7436,True,44.3,14.19,2253643.63,375,21,0,1.53
2026-09-06T06:52:23Z,172,msedgewebview2,6164,True,20.5,9.3,2253431.09,186,10,0,0.23
2026-09-06T06:52:23Z,172,msedgewebview2,14668,True,99.39,49.49,3698902.14,339,28,0,0.91
2026-09-06T06:53:23Z,173,CloudOS,17500,True,74.42,29.98,57751.42,790,14,0,75.45
2026-09-06T06:53:23Z,173,CloudOS.Supervisor,23280,True,6.86,1.38,4187.85,83,1,0,2.45
2026-09-06T06:53:23Z,173,CloudOS.SystemBroker,23276,True,27.41,18.62,4246.54,181,5,0,35.95
2026-09-06T06:53:23Z,173,cloudos_flutter_shell,10800,True,221.96,1052.29,59783.92,584,53,0,162.53
2026-09-06T06:53:23Z,173,msedgewebview2,2436,True,131.25,41.58,2303491.38,1435,53,0,5.22
2026-09-06T06:53:23Z,173,msedgewebview2,15152,True,12.23,2.98,2203900.73,179,8,0,0.19
2026-09-06T06:53:23Z,173,msedgewebview2,5520,True,98.3,139.81,2254183.6,712,33,0,2.17
2026-09-06T06:53:23Z,173,msedgewebview2,7436,True,44.3,14.19,2253643.63,375,21,0,1.53
2026-09-06T06:53:23Z,173,msedgewebview2,6164,True,20.5,9.3,2253431.09,186,10,0,0.23
2026-09-06T06:53:23Z,173,msedgewebview2,14668,True,99.39,49.49,3698902.14,339,28,0,0.91
2026-09-06T06:54:23Z,174,CloudOS,17500,True,74.42,29.98,57751.42,788,14,0,75.5
2026-09-06T06:54:23Z,174,CloudOS.Supervisor,23280,True,6.86,1.38,4187.85,83,1,0,2.45
2026-09-06T06:54:23Z,174,CloudOS.SystemBroker,23276,True,27.41,18.62,4246.54,181,5,0,36.11
2026-09-06T06:54:23Z,174,cloudos_flutter_shell,10800,True,221.96,1052.29,59783.92,584,53,0,162.84
2026-09-06T06:54:23Z,174,msedgewebview2,2436,True,131.26,41.56,2303475.38,1437,52,0,5.22
2026-09-06T06:54:23Z,174,msedgewebview2,15152,True,12.23,2.98,2203900.73,179,8,0,0.19
2026-09-06T06:54:23Z,174,msedgewebview2,5520,True,98.34,139.84,2254183.6,712,33,0,2.17
2026-09-06T06:54:23Z,174,msedgewebview2,7436,True,44.34,14.23,2253643.63,377,21,0,1.53
2026-09-06T06:54:23Z,174,msedgewebview2,6164,True,20.5,9.3,2253431.09,186,10,0,0.23
2026-09-06T06:54:23Z,174,msedgewebview2,14668,True,99.4,49.5,3698902.14,339,28,0,0.91
2026-09-06T06:55:23Z,175,CloudOS,17500,True,74.42,29.98,57751.42,790,14,0,75.59
2026-09-06T06:55:23Z,175,CloudOS.Supervisor,23280,True,6.86,1.38,4187.85,83,1,0,2.47
2026-09-06T06:55:23Z,175,CloudOS.SystemBroker,23276,True,27.41,18.62,4246.54,181,5,0,36.2
2026-09-06T06:55:23Z,175,cloudos_flutter_shell,10800,True,221.96,1052.29,59783.92,584,53,0,163.17
2026-09-06T06:55:23Z,175,msedgewebview2,2436,True,131.28,41.63,2303507.38,1437,54,0,5.22
2026-09-06T06:55:23Z,175,msedgewebview2,15152,True,12.23,2.98,2203900.73,179,8,0,0.19
2026-09-06T06:55:23Z,175,msedgewebview2,5520,True,98.33,139.84,2254183.6,712,33,0,2.17
2026-09-06T06:55:23Z,175,msedgewebview2,7436,True,44.35,14.28,2253675.63,377,23,0,1.53
2026-09-06T06:55:23Z,175,msedgewebview2,6164,True,20.5,9.3,2253431.09,186,10,0,0.23
2026-09-06T06:55:23Z,175,msedgewebview2,14668,True,99.39,49.49,3698902.14,339,28,0,0.91
2026-09-06T06:56:24Z,176,CloudOS,17500,True,74.42,29.98,57751.42,788,14,0,75.7
2026-09-06T06:56:24Z,176,CloudOS.Supervisor,23280,True,6.86,1.38,4187.85,83,1,0,2.47
2026-09-06T06:56:24Z,176,CloudOS.SystemBroker,23276,True,27.41,18.62,4246.54,181,5,0,36.36
2026-09-06T06:56:24Z,176,cloudos_flutter_shell,10800,True,221.96,1052.29,59783.92,584,53,0,163.36
2026-09-06T06:56:24Z,176,msedgewebview2,2436,True,131.23,41.54,2303475.38,1435,52,0,5.22
2026-09-06T06:56:24Z,176,msedgewebview2,15152,True,12.24,2.99,2203900.73,179,8,0,0.19
2026-09-06T06:56:24Z,176,msedgewebview2,5520,True,98.33,139.84,2254183.6,712,33,0,2.17
2026-09-06T06:56:24Z,176,msedgewebview2,7436,True,44.31,14.19,2253643.63,375,21,0,1.53
2026-09-06T06:56:24Z,176,msedgewebview2,6164,True,20.5,9.3,2253431.09,186,10,0,0.23
2026-09-06T06:56:24Z,176,msedgewebview2,14668,True,99.4,49.5,3698902.14,339,28,0,0.91
2026-09-06T06:57:24Z,177,CloudOS,17500,True,74.42,29.98,57751.42,790,14,0,75.77
2026-09-06T06:57:24Z,177,CloudOS.Supervisor,23280,True,6.86,1.38,4187.85,83,1,0,2.47
2026-09-06T06:57:24Z,177,CloudOS.SystemBroker,23276,True,27.41,18.62,4246.54,181,5,0,36.5
2026-09-06T06:57:24Z,177,cloudos_flutter_shell,10800,True,221.96,1052.29,59783.92,584,53,0,163.56
2026-09-06T06:57:24Z,177,msedgewebview2,2436,True,131.28,41.62,2303507.38,1437,54,0,5.22
2026-09-06T06:57:24Z,177,msedgewebview2,15152,True,12.23,2.98,2203900.73,179,8,0,0.19
2026-09-06T06:57:24Z,177,msedgewebview2,5520,True,98.34,139.84,2254183.6,712,33,0,2.17
2026-09-06T06:57:24Z,177,msedgewebview2,7436,True,44.31,14.19,2253643.63,375,21,0,1.53
2026-09-06T06:57:24Z,177,msedgewebview2,6164,True,20.5,9.3,2253431.09,186,10,0,0.23
2026-09-06T06:57:24Z,177,msedgewebview2,14668,True,99.4,49.5,3698902.14,339,28,0,0.91
2026-09-06T06:58:24Z,178,CloudOS,17500,True,74.4,29.95,57750.42,788,13,0,75.91
2026-09-06T06:58:24Z,178,CloudOS.Supervisor,23280,True,6.86,1.38,4187.85,83,1,0,2.47
2026-09-06T06:58:24Z,178,CloudOS.SystemBroker,23276,True,27.41,18.62,4246.54,181,5,0,36.62
2026-09-06T06:58:24Z,178,cloudos_flutter_shell,10800,True,221.96,1052.29,59783.92,584,53,0,163.75
2026-09-06T06:58:24Z,178,msedgewebview2,2436,True,131.27,41.62,2303507.38,1437,54,0,5.22
2026-09-06T06:58:24Z,178,msedgewebview2,15152,True,12.24,2.99,2203900.73,179,8,0,0.19
2026-09-06T06:58:24Z,178,msedgewebview2,5520,True,98.33,139.84,2254183.6,712,33,0,2.17
2026-09-06T06:58:24Z,178,msedgewebview2,7436,True,44.31,14.19,2253643.63,375,21,0,1.53
2026-09-06T06:58:24Z,178,msedgewebview2,6164,True,20.5,9.3,2253431.09,186,10,0,0.23
2026-09-06T06:58:24Z,178,msedgewebview2,14668,True,99.39,49.49,3698902.14,339,28,0,0.91
2026-09-06T06:59:24Z,179,CloudOS,17500,True,74.42,29.98,57751.42,790,14,0,75.95
2026-09-06T06:59:24Z,179,CloudOS.Supervisor,23280,True,6.86,1.38,4187.85,83,1,0,2.48
2026-09-06T06:59:24Z,179,CloudOS.SystemBroker,23276,True,27.41,18.62,4246.54,181,5,0,36.75
2026-09-06T06:59:24Z,179,cloudos_flutter_shell,10800,True,221.96,1052.29,59783.92,584,53,0,163.91
2026-09-06T06:59:24Z,179,msedgewebview2,2436,True,131.28,41.62,2303507.38,1437,54,0,5.23
2026-09-06T06:59:24Z,179,msedgewebview2,15152,True,12.24,2.99,2203900.73,179,8,0,0.19
2026-09-06T06:59:24Z,179,msedgewebview2,5520,True,98.3,139.81,2254183.6,712,33,0,2.19
2026-09-06T06:59:24Z,179,msedgewebview2,7436,True,44.35,14.28,2253675.63,379,23,0,1.53
2026-09-06T06:59:24Z,179,msedgewebview2,6164,True,20.5,9.3,2253431.09,186,10,0,0.23
2026-09-06T06:59:24Z,179,msedgewebview2,14668,True,99.39,49.49,3698902.14,339,28,0,0.91
2026-09-06T07:00:24Z,180,CloudOS,17500,True,74.42,29.98,57751.42,790,14,0,76.11
2026-09-06T07:00:24Z,180,CloudOS.Supervisor,23280,True,6.86,1.38,4187.85,83,1,0,2.48
2026-09-06T07:00:24Z,180,CloudOS.SystemBroker,23276,True,27.41,18.62,4246.54,181,5,0,36.91
2026-09-06T07:00:24Z,180,cloudos_flutter_shell,10800,True,221.96,1052.29,59783.92,584,53,0,164.22
2026-09-06T07:00:24Z,180,msedgewebview2,2436,True,131.28,41.63,2303507.38,1437,54,0,5.27
2026-09-06T07:00:24Z,180,msedgewebview2,15152,True,12.23,2.98,2203900.73,179,8,0,0.19
2026-09-06T07:00:24Z,180,msedgewebview2,5520,True,98.3,139.81,2254183.6,712,33,0,2.19
2026-09-06T07:00:24Z,180,msedgewebview2,7436,True,44.35,14.28,2253675.63,379,23,0,1.53
2026-09-06T07:00:24Z,180,msedgewebview2,6164,True,20.5,9.3,2253431.09,186,10,0,0.23
2026-09-06T07:00:24Z,180,msedgewebview2,14668,True,99.39,49.49,3698902.14,339,28,0,0.91
2026-09-06T07:01:24Z,181,CloudOS,17500,True,74.42,29.98,57751.42,790,14,0,76.17
2026-09-06T07:01:24Z,181,CloudOS.Supervisor,23280,True,6.86,1.38,4187.85,83,1,0,2.48
2026-09-06T07:01:24Z,181,CloudOS.SystemBroker,23276,True,27.41,18.62,4246.54,181,5,0,37.08
2026-09-06T07:01:24Z,181,cloudos_flutter_shell,10800,True,221.96,1052.29,59783.92,584,53,0,164.58
2026-09-06T07:01:24Z,181,msedgewebview2,2436,True,131.23,41.54,2303475.38,1435,52,0,5.3
2026-09-06T07:01:24Z,181,msedgewebview2,15152,True,12.23,2.98,2203900.73,179,8,0,0.19
2026-09-06T07:01:24Z,181,msedgewebview2,5520,True,98.3,139.81,2254183.6,712,33,0,2.19
2026-09-06T07:01:24Z,181,msedgewebview2,7436,True,44.33,14.23,2253659.63,377,22,0,1.53
2026-09-06T07:01:24Z,181,msedgewebview2,6164,True,20.5,9.3,2253431.09,186,10,0,0.23
2026-09-06T07:01:24Z,181,msedgewebview2,14668,True,99.39,49.49,3698902.14,339,28,0,0.91
2026-09-06T07:02:24Z,182,CloudOS,17500,True,74.42,29.98,57751.42,790,14,0,76.31
2026-09-06T07:02:24Z,182,CloudOS.Supervisor,23280,True,6.86,1.38,4187.85,83,1,0,2.5
2026-09-06T07:02:24Z,182,CloudOS.SystemBroker,23276,True,27.41,18.62,4246.54,181,5,0,37.31
2026-09-06T07:02:24Z,182,cloudos_flutter_shell,10800,True,221.98,1052.3,59783.92,584,53,0,164.89
2026-09-06T07:02:24Z,182,msedgewebview2,2436,True,131.29,41.61,2303491.38,1437,53,0,5.3
2026-09-06T07:02:24Z,182,msedgewebview2,15152,True,12.24,2.99,2203900.73,179,8,0,0.19
2026-09-06T07:02:24Z,182,msedgewebview2,5520,True,98.3,139.81,2254183.6,712,33,0,2.2
2026-09-06T07:02:24Z,182,msedgewebview2,7436,True,44.35,14.23,2253643.63,377,21,0,1.53
2026-09-06T07:02:24Z,182,msedgewebview2,6164,True,20.5,9.3,2253431.09,186,10,0,0.23
2026-09-06T07:02:24Z,182,msedgewebview2,14668,True,99.39,49.49,3698902.14,339,28,0,0.91
2026-09-06T07:03:25Z,183,CloudOS,17500,True,74.41,29.97,57751.42,788,14,0,76.36
2026-09-06T07:03:25Z,183,CloudOS.Supervisor,23280,True,6.86,1.38,4187.85,83,1,0,2.5
2026-09-06T07:03:25Z,183,CloudOS.SystemBroker,23276,True,27.41,18.62,4246.54,181,5,0,37.5
2026-09-06T07:03:25Z,183,cloudos_flutter_shell,10800,True,221.98,1052.3,59783.92,584,53,0,165.22
2026-09-06T07:03:25Z,183,msedgewebview2,2436,True,131.28,41.63,2303507.38,1437,54,0,5.3
2026-09-06T07:03:25Z,183,msedgewebview2,15152,True,12.23,2.98,2203900.73,179,8,0,0.19
2026-09-06T07:03:25Z,183,msedgewebview2,5520,True,98.3,139.81,2254183.6,712,33,0,2.2
2026-09-06T07:03:25Z,183,msedgewebview2,7436,True,44.35,14.28,2253675.63,377,23,0,1.53
2026-09-06T07:03:25Z,183,msedgewebview2,6164,True,20.5,9.3,2253431.09,186,10,0,0.23
2026-09-06T07:03:25Z,183,msedgewebview2,14668,True,99.4,49.5,3698902.14,339,28,0,0.91
2026-09-06T07:04:25Z,184,CloudOS,17500,True,74.41,29.97,57751.42,790,14,0,76.41
2026-09-06T07:04:25Z,184,CloudOS.Supervisor,23280,True,6.86,1.38,4187.85,83,1,0,2.5
2026-09-06T07:04:25Z,184,CloudOS.SystemBroker,23276,True,27.41,18.62,4246.54,181,5,0,37.69
2026-09-06T07:04:25Z,184,cloudos_flutter_shell,10800,True,221.96,1052.3,59783.92,584,53,0,165.55
2026-09-06T07:04:25Z,184,msedgewebview2,2436,True,131.24,41.57,2303475.38,1437,52,0,5.3
2026-09-06T07:04:25Z,184,msedgewebview2,15152,True,12.23,2.98,2203900.73,179,8,0,0.19
2026-09-06T07:04:25Z,184,msedgewebview2,5520,True,98.28,139.81,2254183.6,712,33,0,2.2
2026-09-06T07:04:25Z,184,msedgewebview2,7436,True,44.34,14.27,2253643.63,377,21,0,1.53
2026-09-06T07:04:25Z,184,msedgewebview2,6164,True,20.5,9.3,2253431.09,186,10,0,0.23
2026-09-06T07:04:25Z,184,msedgewebview2,14668,True,99.4,49.5,3698902.14,339,28,0,0.91
2026-09-06T07:05:25Z,185,CloudOS,17500,True,74.41,29.97,57751.42,788,14,0,76.5
2026-09-06T07:05:25Z,185,CloudOS.Supervisor,23280,True,6.86,1.38,4187.85,83,1,0,2.5
2026-09-06T07:05:25Z,185,CloudOS.SystemBroker,23276,True,27.41,18.62,4246.54,181,5,0,37.88
2026-09-06T07:05:25Z,185,cloudos_flutter_shell,10800,True,221.96,1052.3,59783.92,584,53,0,165.88
2026-09-06T07:05:25Z,185,msedgewebview2,2436,True,131.27,41.62,2303507.38,1437,54,0,5.3
2026-09-06T07:05:25Z,185,msedgewebview2,15152,True,12.24,2.99,2203900.73,179,8,0,0.19
2026-09-06T07:05:25Z,185,msedgewebview2,5520,True,98.28,139.81,2254183.6,712,33,0,2.2
2026-09-06T07:05:25Z,185,msedgewebview2,7436,True,44.35,14.28,2253675.63,377,23,0,1.53
2026-09-06T07:05:25Z,185,msedgewebview2,6164,True,20.5,9.3,2253431.09,186,10,0,0.23
2026-09-06T07:05:25Z,185,msedgewebview2,14668,True,99.4,49.5,3698902.14,339,28,0,0.91
2026-09-06T07:06:25Z,186,CloudOS,17500,True,74.41,29.97,57751.42,790,14,0,76.64
2026-09-06T07:06:25Z,186,CloudOS.Supervisor,23280,True,6.86,1.38,4187.85,83,1,0,2.5
2026-09-06T07:06:25Z,186,CloudOS.SystemBroker,23276,True,27.41,18.62,4246.54,181,5,0,38.09
2026-09-06T07:06:25Z,186,cloudos_flutter_shell,10800,True,221.97,1052.3,59783.92,584,53,0,166.12
2026-09-06T07:06:25Z,186,msedgewebview2,2436,True,131.23,41.54,2303475.38,1435,52,0,5.31
2026-09-06T07:06:25Z,186,msedgewebview2,15152,True,12.23,2.98,2203900.73,179,8,0,0.19
2026-09-06T07:06:25Z,186,msedgewebview2,5520,True,98.3,139.81,2254183.6,712,33,0,2.2
2026-09-06T07:06:25Z,186,msedgewebview2,7436,True,44.31,14.2,2253643.63,375,21,0,1.53
2026-09-06T07:06:25Z,186,msedgewebview2,6164,True,20.5,9.3,2253431.09,186,10,0,0.23
2026-09-06T07:06:25Z,186,msedgewebview2,14668,True,99.4,49.5,3698902.14,339,28,0,0.91
2026-09-06T07:07:25Z,187,CloudOS,17500,True,74.4,29.95,57750.42,788,13,0,76.72
2026-09-06T07:07:25Z,187,CloudOS.Supervisor,23280,True,6.86,1.38,4187.85,83,1,0,2.52
2026-09-06T07:07:25Z,187,CloudOS.SystemBroker,23276,True,27.41,18.62,4246.54,181,5,0,38.27
2026-09-06T07:07:25Z,187,cloudos_flutter_shell,10800,True,221.97,1052.3,59783.92,584,53,0,166.41
2026-09-06T07:07:25Z,187,msedgewebview2,2436,True,131.26,41.58,2303491.38,1435,53,0,5.33
2026-09-06T07:07:25Z,187,msedgewebview2,15152,True,12.23,2.98,2203900.73,179,8,0,0.19
2026-09-06T07:07:25Z,187,msedgewebview2,5520,True,98.3,139.81,2254183.6,712,33,0,2.2
2026-09-06T07:07:25Z,187,msedgewebview2,7436,True,44.31,14.19,2253643.63,375,21,0,1.53
2026-09-06T07:07:25Z,187,msedgewebview2,6164,True,20.5,9.3,2253431.09,186,10,0,0.23
2026-09-06T07:07:25Z,187,msedgewebview2,14668,True,99.39,49.49,3698902.14,339,28,0,0.91
2026-09-06T07:08:25Z,188,CloudOS,17500,True,74.41,29.97,57751.42,790,14,0,76.89
2026-09-06T07:08:25Z,188,CloudOS.Supervisor,23280,True,6.86,1.38,4187.85,83,1,0,2.53
2026-09-06T07:08:25Z,188,CloudOS.SystemBroker,23276,True,27.41,18.62,4246.54,181,5,0,38.36
2026-09-06T07:08:25Z,188,cloudos_flutter_shell,10800,True,221.97,1052.3,59783.92,584,53,0,166.77
2026-09-06T07:08:25Z,188,msedgewebview2,2436,True,131.26,41.58,2303491.38,1435,53,0,5.33
2026-09-06T07:08:25Z,188,msedgewebview2,15152,True,12.23,2.98,2203900.73,179,8,0,0.19
2026-09-06T07:08:25Z,188,msedgewebview2,5520,True,98.3,139.81,2254183.6,712,33,0,2.2
2026-09-06T07:08:25Z,188,msedgewebview2,7436,True,44.31,14.19,2253643.63,375,21,0,1.53
2026-09-06T07:08:25Z,188,msedgewebview2,6164,True,20.5,9.3,2253431.09,186,10,0,0.23
2026-09-06T07:08:25Z,188,msedgewebview2,14668,True,99.4,49.5,3698902.14,339,28,0,0.91
2026-09-06T07:09:26Z,189,CloudOS,17500,True,74.4,29.95,57750.42,788,13,0,76.92
2026-09-06T07:09:26Z,189,CloudOS.Supervisor,23280,True,6.86,1.38,4187.85,83,1,0,2.53
2026-09-06T07:09:26Z,189,CloudOS.SystemBroker,23276,True,27.41,18.62,4246.54,181,5,0,38.61
2026-09-06T07:09:26Z,189,cloudos_flutter_shell,10800,True,221.97,1052.3,59783.92,584,53,0,167.08
2026-09-06T07:09:26Z,189,msedgewebview2,2436,True,131.23,41.53,2303475.38,1435,52,0,5.34
2026-09-06T07:09:26Z,189,msedgewebview2,15152,True,12.23,2.98,2203900.73,179,8,0,0.19
2026-09-06T07:09:26Z,189,msedgewebview2,5520,True,98.3,139.81,2254183.6,712,33,0,2.2
2026-09-06T07:09:26Z,189,msedgewebview2,7436,True,44.31,14.19,2253643.63,375,21,0,1.55
2026-09-06T07:09:26Z,189,msedgewebview2,6164,True,20.5,9.3,2253431.09,186,10,0,0.23
2026-09-06T07:09:26Z,189,msedgewebview2,14668,True,99.39,49.49,3698902.14,339,28,0,0.91
2026-09-06T07:10:26Z,190,CloudOS,17500,True,74.41,29.97,57751.42,790,14,0,76.98
2026-09-06T07:10:26Z,190,CloudOS.Supervisor,23280,True,6.86,1.38,4187.85,83,1,0,2.55
2026-09-06T07:10:26Z,190,CloudOS.SystemBroker,23276,True,27.41,18.62,4246.54,181,5,0,38.77
2026-09-06T07:10:26Z,190,cloudos_flutter_shell,10800,True,221.97,1052.3,59783.92,584,53,0,167.33
2026-09-06T07:10:26Z,190,msedgewebview2,2436,True,131.23,41.53,2303475.38,1435,52,0,5.34
2026-09-06T07:10:26Z,190,msedgewebview2,15152,True,12.24,2.99,2203900.73,179,8,0,0.19
2026-09-06T07:10:26Z,190,msedgewebview2,5520,True,98.3,139.81,2254183.6,712,33,0,2.2
2026-09-06T07:10:26Z,190,msedgewebview2,7436,True,44.31,14.19,2253643.63,375,21,0,1.55
2026-09-06T07:10:26Z,190,msedgewebview2,6164,True,20.5,9.3,2253431.09,186,10,0,0.23
2026-09-06T07:10:26Z,190,msedgewebview2,14668,True,99.39,49.49,3698902.14,339,28,0,0.91
2026-09-06T07:11:26Z,191,CloudOS,17500,True,74.41,29.97,57751.42,790,14,0,77.09
2026-09-06T07:11:26Z,191,CloudOS.Supervisor,23280,True,6.86,1.38,4187.85,83,1,0,2.55
2026-09-06T07:11:26Z,191,CloudOS.SystemBroker,23276,True,27.41,18.62,4246.54,181,5,0,38.86
2026-09-06T07:11:26Z,191,cloudos_flutter_shell,10800,True,221.97,1052.3,59783.92,584,53,0,167.52
2026-09-06T07:11:26Z,191,msedgewebview2,2436,True,131.23,41.53,2303475.38,1435,52,0,5.36
2026-09-06T07:11:26Z,191,msedgewebview2,15152,True,12.23,2.98,2203900.73,179,8,0,0.2
2026-09-06T07:11:26Z,191,msedgewebview2,5520,True,98.3,139.81,2254183.6,712,33,0,2.2
2026-09-06T07:11:26Z,191,msedgewebview2,7436,True,44.31,14.19,2253643.63,375,21,0,1.55
2026-09-06T07:11:26Z,191,msedgewebview2,6164,True,20.5,9.3,2253431.09,186,10,0,0.23
2026-09-06T07:11:26Z,191,msedgewebview2,14668,True,99.39,49.49,3698902.14,339,28,0,0.91
2026-09-06T07:12:26Z,192,CloudOS,17500,True,74.41,29.97,57751.42,788,14,0,77.16
2026-09-06T07:12:26Z,192,CloudOS.Supervisor,23280,True,6.86,1.38,4187.85,83,1,0,2.56
2026-09-06T07:12:26Z,192,CloudOS.SystemBroker,23276,True,27.41,18.62,4246.54,181,5,0,39.05
2026-09-06T07:12:26Z,192,cloudos_flutter_shell,10800,True,221.97,1052.3,59783.92,584,53,0,167.67
2026-09-06T07:12:26Z,192,msedgewebview2,2436,True,131.28,41.63,2303507.38,1437,54,0,5.38
2026-09-06T07:12:26Z,192,msedgewebview2,15152,True,12.24,2.99,2203900.73,179,8,0,0.2
2026-09-06T07:12:26Z,192,msedgewebview2,5520,True,98.3,139.81,2254183.6,712,33,0,2.2
2026-09-06T07:12:26Z,192,msedgewebview2,7436,True,44.31,14.19,2253643.63,375,21,0,1.55
2026-09-06T07:12:26Z,192,msedgewebview2,6164,True,20.5,9.3,2253431.09,186,10,0,0.23
2026-09-06T07:12:26Z,192,msedgewebview2,14668,True,99.4,49.49,3698902.14,339,28,0,0.91
2026-09-06T07:13:26Z,193,CloudOS,17500,True,74.41,29.97,57751.42,790,14,0,77.25
2026-09-06T07:13:26Z,193,CloudOS.Supervisor,23280,True,6.86,1.38,4187.85,83,1,0,2.58
2026-09-06T07:13:26Z,193,CloudOS.SystemBroker,23276,True,27.41,18.62,4246.54,181,5,0,39.27
2026-09-06T07:13:26Z,193,cloudos_flutter_shell,10800,True,221.97,1052.3,59783.92,584,53,0,167.83
2026-09-06T07:13:26Z,193,msedgewebview2,2436,True,131.26,41.58,2303491.38,1437,53,0,5.38
2026-09-06T07:13:26Z,193,msedgewebview2,15152,True,12.23,2.98,2203900.73,179,8,0,0.2
2026-09-06T07:13:26Z,193,msedgewebview2,5520,True,98.3,139.81,2254183.6,712,33,0,2.2
2026-09-06T07:13:26Z,193,msedgewebview2,7436,True,44.31,14.19,2253643.63,375,21,0,1.55
2026-09-06T07:13:26Z,193,msedgewebview2,6164,True,20.5,9.3,2253431.09,186,10,0,0.23
2026-09-06T07:13:26Z,193,msedgewebview2,14668,True,99.4,49.49,3698902.14,339,28,0,0.91
2026-09-06T07:14:26Z,194,CloudOS,17500,True,74.42,29.98,57751.42,788,14,0,77.34
2026-09-06T07:14:26Z,194,CloudOS.Supervisor,23280,True,6.86,1.38,4187.85,83,1,0,2.58
2026-09-06T07:14:26Z,194,CloudOS.SystemBroker,23276,True,27.41,18.62,4246.54,181,5,0,39.45
2026-09-06T07:14:26Z,194,cloudos_flutter_shell,10800,True,221.97,1052.3,59783.92,584,53,0,168.11
2026-09-06T07:14:26Z,194,msedgewebview2,2436,True,131.28,41.62,2303507.38,1439,54,0,5.38
2026-09-06T07:14:26Z,194,msedgewebview2,15152,True,12.23,2.98,2203900.73,179,8,0,0.2
2026-09-06T07:14:26Z,194,msedgewebview2,5520,True,98.3,139.81,2254183.6,712,33,0,2.2
2026-09-06T07:14:26Z,194,msedgewebview2,7436,True,44.36,14.29,2253675.63,379,23,0,1.55
2026-09-06T07:14:26Z,194,msedgewebview2,6164,True,20.5,9.3,2253431.09,186,10,0,0.23
2026-09-06T07:14:26Z,194,msedgewebview2,14668,True,99.4,49.49,3698902.14,339,28,0,0.91
2026-09-06T07:15:27Z,195,CloudOS,17500,True,74.42,29.98,57751.42,790,14,0,77.5
2026-09-06T07:15:27Z,195,CloudOS.Supervisor,23280,True,6.86,1.38,4187.85,83,1,0,2.58
2026-09-06T07:15:27Z,195,CloudOS.SystemBroker,23276,True,27.41,18.62,4246.54,181,5,0,39.48
2026-09-06T07:15:27Z,195,cloudos_flutter_shell,10800,True,221.98,1052.3,59783.92,584,53,0,168.39
2026-09-06T07:15:27Z,195,msedgewebview2,2436,True,131.28,41.62,2303507.38,1439,54,0,5.38
2026-09-06T07:15:27Z,195,msedgewebview2,15152,True,12.23,2.98,2203900.73,179,8,0,0.2
2026-09-06T07:15:27Z,195,msedgewebview2,5520,True,98.33,139.84,2254183.6,712,33,0,2.2
2026-09-06T07:15:27Z,195,msedgewebview2,7436,True,44.35,14.28,2253675.63,379,23,0,1.55
2026-09-06T07:15:27Z,195,msedgewebview2,6164,True,20.5,9.3,2253431.09,186,10,0,0.23
2026-09-06T07:15:27Z,195,msedgewebview2,14668,True,99.4,49.49,3698902.14,339,28,0,0.91
2026-09-06T07:16:27Z,196,CloudOS,17500,True,74.4,29.95,57750.42,788,13,0,77.55
2026-09-06T07:16:27Z,196,CloudOS.Supervisor,23280,True,6.86,1.38,4187.85,83,1,0,2.58
2026-09-06T07:16:27Z,196,CloudOS.SystemBroker,23276,True,27.41,18.62,4246.54,181,5,0,39.66
2026-09-06T07:16:27Z,196,cloudos_flutter_shell,10800,True,221.98,1052.3,59783.92,584,53,0,168.67
2026-09-06T07:16:27Z,196,msedgewebview2,2436,True,131.23,41.54,2303475.38,1435,52,0,5.38
2026-09-06T07:16:27Z,196,msedgewebview2,15152,True,12.24,2.99,2203900.73,179,8,0,0.2
2026-09-06T07:16:27Z,196,msedgewebview2,5520,True,98.33,139.84,2254183.6,712,33,0,2.2
2026-09-06T07:16:27Z,196,msedgewebview2,7436,True,44.31,14.19,2253643.63,375,21,0,1.55
2026-09-06T07:16:27Z,196,msedgewebview2,6164,True,20.5,9.3,2253431.09,186,10,0,0.23
2026-09-06T07:16:27Z,196,msedgewebview2,14668,True,99.4,49.49,3698902.14,339,28,0,0.91
2026-09-06T07:17:27Z,197,CloudOS,17500,True,74.42,29.98,57751.42,790,14,0,77.61
2026-09-06T07:17:27Z,197,CloudOS.Supervisor,23280,True,6.86,1.38,4187.85,83,1,0,2.62
2026-09-06T07:17:27Z,197,CloudOS.SystemBroker,23276,True,27.41,18.62,4246.54,181,5,0,39.86
2026-09-06T07:17:27Z,197,cloudos_flutter_shell,10800,True,221.98,1052.3,59783.92,584,53,0,168.89
2026-09-06T07:17:27Z,197,msedgewebview2,2436,True,132.28,42.59,2303491.38,1435,53,0,5.38
2026-09-06T07:17:27Z,197,msedgewebview2,15152,True,12.23,2.98,2203900.73,179,8,0,0.2
2026-09-06T07:17:27Z,197,msedgewebview2,5520,True,98.49,140,2254183.6,712,33,0,2.2
2026-09-06T07:17:27Z,197,msedgewebview2,7436,True,44.31,14.2,2253643.63,375,21,0,1.55
2026-09-06T07:17:27Z,197,msedgewebview2,6164,True,20.5,9.3,2253431.09,186,10,0,0.23
2026-09-06T07:17:27Z,197,msedgewebview2,14668,True,99.41,49.49,3698902.14,339,28,0,0.91
2026-09-06T07:18:27Z,198,CloudOS,17500,True,74.4,29.95,57750.42,788,13,0,77.7
2026-09-06T07:18:27Z,198,CloudOS.Supervisor,23280,True,6.86,1.38,4187.85,83,1,0,2.64
2026-09-06T07:18:27Z,198,CloudOS.SystemBroker,23276,True,27.41,18.62,4246.54,181,5,0,40.05
2026-09-06T07:18:27Z,198,cloudos_flutter_shell,10800,True,221.98,1052.3,59783.92,584,53,0,169.09
2026-09-06T07:18:27Z,198,msedgewebview2,2436,True,131.45,41.74,2303491.38,1435,53,0,5.41
2026-09-06T07:18:27Z,198,msedgewebview2,15152,True,12.23,2.98,2203900.73,179,8,0,0.2
2026-09-06T07:18:27Z,198,msedgewebview2,5520,True,98.34,139.84,2254183.6,712,33,0,2.2
2026-09-06T07:18:27Z,198,msedgewebview2,7436,True,44.31,14.19,2253643.63,375,21,0,1.55
2026-09-06T07:18:27Z,198,msedgewebview2,6164,True,20.5,9.3,2253431.09,186,10,0,0.23
2026-09-06T07:18:27Z,198,msedgewebview2,14668,True,99.41,49.49,3698902.14,339,28,0,0.91
2026-09-06T07:19:27Z,199,CloudOS,17500,True,74.41,29.97,57751.42,790,14,0,77.75
2026-09-06T07:19:27Z,199,CloudOS.Supervisor,23280,True,6.86,1.38,4187.85,83,1,0,2.64
2026-09-06T07:19:27Z,199,CloudOS.SystemBroker,23276,True,27.41,18.62,4246.54,181,5,0,40.19
2026-09-06T07:19:27Z,199,cloudos_flutter_shell,10800,True,221.96,1052.3,59783.92,584,53,0,169.36
2026-09-06T07:19:27Z,199,msedgewebview2,2436,True,131.42,41.7,2303475.38,1435,52,0,5.41
2026-09-06T07:19:27Z,199,msedgewebview2,15152,True,12.23,2.98,2203900.73,179,8,0,0.2
2026-09-06T07:19:27Z,199,msedgewebview2,5520,True,98.27,139.84,2254183.6,712,33,0,2.2
2026-09-06T07:19:27Z,199,msedgewebview2,7436,True,44.3,14.2,2253643.63,375,21,0,1.55
2026-09-06T07:19:27Z,199,msedgewebview2,6164,True,20.5,9.3,2253431.09,186,10,0,0.23
2026-09-06T07:19:27Z,199,msedgewebview2,14668,True,99.41,49.49,3698902.14,339,28,0,0.91
2026-09-06T07:20:27Z,200,CloudOS,17500,True,74.41,29.97,57751.42,790,14,0,77.86
2026-09-06T07:20:27Z,200,CloudOS.Supervisor,23280,True,6.86,1.38,4187.85,83,1,0,2.66
2026-09-06T07:20:27Z,200,CloudOS.SystemBroker,23276,True,27.41,18.62,4246.54,181,5,0,40.31
2026-09-06T07:20:27Z,200,cloudos_flutter_shell,10800,True,221.98,1052.3,59783.92,584,53,0,169.59
2026-09-06T07:20:27Z,200,msedgewebview2,2436,True,131.42,41.7,2303475.38,1435,52,0,5.41
2026-09-06T07:20:27Z,200,msedgewebview2,15152,True,12.23,2.98,2203900.73,179,8,0,0.2
2026-09-06T07:20:27Z,200,msedgewebview2,5520,True,98.27,139.78,2254183.6,712,33,0,2.2
2026-09-06T07:20:27Z,200,msedgewebview2,7436,True,44.3,14.19,2253643.63,375,21,0,1.55
2026-09-06T07:20:27Z,200,msedgewebview2,6164,True,20.5,9.3,2253431.09,186,10,0,0.23
2026-09-06T07:20:27Z,200,msedgewebview2,14668,True,99.41,49.49,3698902.14,339,28,0,0.91
2026-09-06T07:21:27Z,201,CloudOS,17500,True,74.42,29.97,57751.42,788,14,0,77.89
2026-09-06T07:21:27Z,201,CloudOS.Supervisor,23280,True,6.86,1.38,4187.85,83,1,0,2.66
2026-09-06T07:21:27Z,201,CloudOS.SystemBroker,23276,True,27.41,18.62,4246.54,181,5,0,40.48
2026-09-06T07:21:27Z,201,cloudos_flutter_shell,10800,True,221.98,1052.3,59783.92,584,53,0,169.86
2026-09-06T07:21:27Z,201,msedgewebview2,2436,True,131.42,41.7,2303475.38,1435,52,0,5.41
2026-09-06T07:21:27Z,201,msedgewebview2,15152,True,12.23,2.98,2203900.73,179,8,0,0.2
2026-09-06T07:21:27Z,201,msedgewebview2,5520,True,98.27,139.78,2254183.6,712,33,0,2.2
2026-09-06T07:21:27Z,201,msedgewebview2,7436,True,44.3,14.19,2253643.63,375,21,0,1.55
2026-09-06T07:21:27Z,201,msedgewebview2,6164,True,20.5,9.3,2253431.09,186,10,0,0.23
2026-09-06T07:21:27Z,201,msedgewebview2,14668,True,99.41,49.49,3698902.14,339,28,0,0.91
2026-09-06T07:22:28Z,202,CloudOS,17500,True,74.42,29.97,57751.42,790,14,0,77.92
2026-09-06T07:22:28Z,202,CloudOS.Supervisor,23280,True,6.86,1.38,4187.85,83,1,0,2.66
2026-09-06T07:22:28Z,202,CloudOS.SystemBroker,23276,True,27.41,18.62,4246.54,181,5,0,40.64
2026-09-06T07:22:28Z,202,cloudos_flutter_shell,10800,True,221.98,1052.3,59783.92,584,53,0,170.22
2026-09-06T07:22:28Z,202,msedgewebview2,2436,True,131.45,41.75,2303491.38,1435,53,0,5.41
2026-09-06T07:22:28Z,202,msedgewebview2,15152,True,12.24,2.99,2203900.73,179,8,0,0.2
2026-09-06T07:22:28Z,202,msedgewebview2,5520,True,98.27,139.78,2254183.6,712,33,0,2.2
2026-09-06T07:22:28Z,202,msedgewebview2,7436,True,44.3,14.19,2253643.63,375,21,0,1.55
2026-09-06T07:22:28Z,202,msedgewebview2,6164,True,20.5,9.3,2253431.09,186,10,0,0.23
2026-09-06T07:22:28Z,202,msedgewebview2,14668,True,99.41,49.49,3698902.14,339,28,0,0.91
2026-09-06T07:23:28Z,203,CloudOS,17500,True,74.43,29.97,57751.42,788,14,0,78.02
2026-09-06T07:23:28Z,203,CloudOS.Supervisor,23280,True,6.86,1.38,4187.85,83,1,0,2.66
2026-09-06T07:23:28Z,203,CloudOS.SystemBroker,23276,True,27.41,18.62,4246.54,181,5,0,40.78
2026-09-06T07:23:28Z,203,cloudos_flutter_shell,10800,True,221.98,1052.3,59783.92,584,53,0,170.55
2026-09-06T07:23:28Z,203,msedgewebview2,2436,True,131.43,41.7,2303475.38,1435,52,0,5.41
2026-09-06T07:23:28Z,203,msedgewebview2,15152,True,12.23,2.98,2203900.73,179,8,0,0.2
2026-09-06T07:23:28Z,203,msedgewebview2,5520,True,98.27,139.78,2254183.6,712,33,0,2.2
2026-09-06T07:23:28Z,203,msedgewebview2,7436,True,44.3,14.19,2253643.63,375,21,0,1.55
2026-09-06T07:23:28Z,203,msedgewebview2,6164,True,20.5,9.3,2253431.09,186,10,0,0.23
2026-09-06T07:23:28Z,203,msedgewebview2,14668,True,99.41,49.5,3698902.14,339,28,0,0.91
2026-09-06T07:24:28Z,204,CloudOS,17500,True,74.43,29.97,57751.42,790,14,0,78.14
2026-09-06T07:24:28Z,204,CloudOS.Supervisor,23280,True,6.86,1.38,4187.85,83,1,0,2.66
2026-09-06T07:24:28Z,204,CloudOS.SystemBroker,23276,True,27.41,18.62,4246.54,181,5,0,41.03
2026-09-06T07:24:28Z,204,cloudos_flutter_shell,10800,True,221.98,1052.3,59783.92,584,53,0,170.78
2026-09-06T07:24:28Z,204,msedgewebview2,2436,True,131.52,41.84,2303507.38,1437,54,0,5.42
2026-09-06T07:24:28Z,204,msedgewebview2,15152,True,12.23,2.98,2203900.73,179,8,0,0.2
2026-09-06T07:24:28Z,204,msedgewebview2,5520,True,98.27,139.78,2254183.6,712,33,0,2.2
2026-09-06T07:24:28Z,204,msedgewebview2,7436,True,44.41,14.34,2253675.63,377,23,0,1.55
2026-09-06T07:24:28Z,204,msedgewebview2,6164,True,20.5,9.3,2253431.09,186,10,0,0.23
2026-09-06T07:24:28Z,204,msedgewebview2,14668,True,99.41,49.5,3698902.14,339,28,0,0.91
2026-09-06T07:25:28Z,205,CloudOS,17500,True,74.41,29.95,57750.42,788,13,0,78.16
2026-09-06T07:25:28Z,205,CloudOS.Supervisor,23280,True,6.86,1.38,4187.85,83,1,0,2.66
2026-09-06T07:25:28Z,205,CloudOS.SystemBroker,23276,True,27.41,18.62,4246.54,181,5,0,41.22
2026-09-06T07:25:28Z,205,cloudos_flutter_shell,10800,True,221.98,1052.3,59783.92,584,53,0,171.05
2026-09-06T07:25:28Z,205,msedgewebview2,2436,True,131.47,41.8,2303507.38,1437,54,0,5.42
2026-09-06T07:25:28Z,205,msedgewebview2,15152,True,12.23,2.98,2203900.73,179,8,0,0.2
2026-09-06T07:25:28Z,205,msedgewebview2,5520,True,98.27,139.78,2254183.6,712,33,0,2.2
2026-09-06T07:25:28Z,205,msedgewebview2,7436,True,44.35,14.28,2253675.63,377,23,0,1.55
2026-09-06T07:25:28Z,205,msedgewebview2,6164,True,20.5,9.3,2253431.09,186,10,0,0.23
2026-09-06T07:25:28Z,205,msedgewebview2,14668,True,99.41,49.49,3698902.14,339,28,0,0.91
2026-09-06T07:26:28Z,206,CloudOS,17500,True,74.43,29.97,57751.42,790,14,0,78.25
2026-09-06T07:26:28Z,206,CloudOS.Supervisor,23280,True,6.86,1.38,4187.85,83,1,0,2.67
2026-09-06T07:26:28Z,206,CloudOS.SystemBroker,23276,True,27.41,18.62,4246.54,181,5,0,41.53
2026-09-06T07:26:28Z,206,cloudos_flutter_shell,10800,True,221.98,1052.3,59783.92,584,53,0,171.34
2026-09-06T07:26:28Z,206,msedgewebview2,2436,True,131.43,41.7,2303475.38,1435,52,0,5.42
2026-09-06T07:26:28Z,206,msedgewebview2,15152,True,12.23,2.98,2203900.73,179,8,0,0.2
2026-09-06T07:26:28Z,206,msedgewebview2,5520,True,98.27,139.78,2254183.6,712,33,0,2.2
2026-09-06T07:26:28Z,206,msedgewebview2,7436,True,44.31,14.2,2253643.63,375,21,0,1.55
2026-09-06T07:26:28Z,206,msedgewebview2,6164,True,20.5,9.3,2253431.09,186,10,0,0.23
2026-09-06T07:26:28Z,206,msedgewebview2,14668,True,99.41,49.5,3698902.14,339,28,0,0.91
2026-09-06T07:27:28Z,207,CloudOS,17500,True,74.41,29.95,57750.42,788,13,0,78.33
2026-09-06T07:27:28Z,207,CloudOS.Supervisor,23280,True,6.86,1.38,4187.85,83,1,0,2.69
2026-09-06T07:27:28Z,207,CloudOS.SystemBroker,23276,True,27.41,18.62,4246.54,181,5,0,41.77
2026-09-06T07:27:28Z,207,cloudos_flutter_shell,10800,True,221.98,1052.3,59783.92,584,53,0,171.61
2026-09-06T07:27:28Z,207,msedgewebview2,2436,True,131.47,41.79,2303507.38,1437,54,0,5.45
2026-09-06T07:27:28Z,207,msedgewebview2,15152,True,12.23,2.98,2203900.73,179,8,0,0.2
2026-09-06T07:27:28Z,207,msedgewebview2,5520,True,98.27,139.78,2254183.6,712,33,0,2.2
2026-09-06T07:27:28Z,207,msedgewebview2,7436,True,44.31,14.19,2253643.63,375,21,0,1.55
2026-09-06T07:27:28Z,207,msedgewebview2,6164,True,20.5,9.3,2253431.09,186,10,0,0.23
2026-09-06T07:27:28Z,207,msedgewebview2,14668,True,99.41,49.49,3698902.14,339,28,0,0.91
2026-09-06T07:28:29Z,208,CloudOS,17500,True,74.42,29.97,57751.42,790,14,0,78.47
2026-09-06T07:28:29Z,208,CloudOS.Supervisor,23280,True,6.86,1.38,4187.85,83,1,0,2.69
2026-09-06T07:28:29Z,208,CloudOS.SystemBroker,23276,True,27.41,18.62,4246.54,181,5,0,41.94
2026-09-06T07:28:29Z,208,cloudos_flutter_shell,10800,True,221.98,1052.3,59783.92,584,53,0,171.97
2026-09-06T07:28:29Z,208,msedgewebview2,2436,True,131.46,41.79,2303507.38,1437,54,0,5.45
2026-09-06T07:28:29Z,208,msedgewebview2,15152,True,12.23,2.98,2203900.73,179,8,0,0.2
2026-09-06T07:28:29Z,208,msedgewebview2,5520,True,98.28,139.78,2254183.6,712,33,0,2.2
2026-09-06T07:28:29Z,208,msedgewebview2,7436,True,44.31,14.19,2253643.63,375,21,0,1.55
2026-09-06T07:28:29Z,208,msedgewebview2,6164,True,20.5,9.3,2253431.09,186,10,0,0.23
2026-09-06T07:28:29Z,208,msedgewebview2,14668,True,99.41,49.5,3698902.14,339,28,0,0.91
2026-09-06T07:29:29Z,209,CloudOS,17500,True,74.42,29.97,57751.42,790,14,0,78.56
2026-09-06T07:29:29Z,209,CloudOS.Supervisor,23280,True,6.86,1.38,4187.85,83,1,0,2.72
2026-09-06T07:29:29Z,209,CloudOS.SystemBroker,23276,True,27.41,18.62,4246.54,181,5,0,42.06
2026-09-06T07:29:29Z,209,cloudos_flutter_shell,10800,True,221.98,1052.3,59783.92,584,53,0,172.23
2026-09-06T07:29:29Z,209,msedgewebview2,2436,True,131.48,41.81,2303507.38,1439,54,0,5.45
2026-09-06T07:29:29Z,209,msedgewebview2,15152,True,12.24,2.99,2203900.73,179,8,0,0.2
2026-09-06T07:29:29Z,209,msedgewebview2,5520,True,98.31,139.81,2254183.6,712,33,0,2.2
2026-09-06T07:29:29Z,209,msedgewebview2,7436,True,44.35,14.28,2253675.63,377,23,0,1.55
2026-09-06T07:29:29Z,209,msedgewebview2,6164,True,20.5,9.3,2253431.09,186,10,0,0.23
2026-09-06T07:29:29Z,209,msedgewebview2,14668,True,99.41,49.49,3698902.14,339,28,0,0.91
2026-09-06T07:30:29Z,210,CloudOS,17500,True,74.43,29.97,57751.42,790,14,0,78.69
2026-09-06T07:30:29Z,210,CloudOS.Supervisor,23280,True,6.86,1.38,4187.85,83,1,0,2.73
2026-09-06T07:30:29Z,210,CloudOS.SystemBroker,23276,True,27.41,18.62,4246.54,181,5,0,42.25
2026-09-06T07:30:29Z,210,cloudos_flutter_shell,10800,True,221.98,1052.3,59783.92,584,53,0,172.52
2026-09-06T07:30:29Z,210,msedgewebview2,2436,True,131.36,41.68,2303507.38,1439,54,0,5.45
2026-09-06T07:30:29Z,210,msedgewebview2,15152,True,12.23,2.98,2203900.73,179,8,0,0.2
2026-09-06T07:30:29Z,210,msedgewebview2,5520,True,98.3,139.81,2254183.6,712,33,0,2.2
2026-09-06T07:30:29Z,210,msedgewebview2,7436,True,44.34,14.27,2253675.63,377,23,0,1.55
2026-09-06T07:30:29Z,210,msedgewebview2,6164,True,20.5,9.3,2253431.09,186,10,0,0.23
2026-09-06T07:30:29Z,210,msedgewebview2,14668,True,99.41,49.49,3698902.14,339,28,0,0.91
2026-09-06T07:31:29Z,211,CloudOS,17500,True,74.43,29.97,57751.42,790,14,0,78.75
2026-09-06T07:31:29Z,211,CloudOS.Supervisor,23280,True,6.86,1.38,4187.85,83,1,0,2.73
2026-09-06T07:31:29Z,211,CloudOS.SystemBroker,23276,True,27.41,18.62,4246.54,181,5,0,42.36
2026-09-06T07:31:29Z,211,cloudos_flutter_shell,10800,True,221.98,1052.3,59783.92,584,53,0,172.84
2026-09-06T07:31:29Z,211,msedgewebview2,2436,True,131.32,41.59,2303475.38,1435,52,0,5.45
2026-09-06T07:31:29Z,211,msedgewebview2,15152,True,12.23,2.98,2203900.73,179,8,0,0.2
2026-09-06T07:31:29Z,211,msedgewebview2,5520,True,98.3,139.81,2254183.6,712,33,0,2.2
2026-09-06T07:31:29Z,211,msedgewebview2,7436,True,44.31,14.2,2253643.63,375,21,0,1.55
2026-09-06T07:31:29Z,211,msedgewebview2,6164,True,20.5,9.3,2253431.09,186,10,0,0.23
2026-09-06T07:31:29Z,211,msedgewebview2,14668,True,99.41,49.49,3698902.14,339,28,0,0.91
2026-09-06T07:32:29Z,212,CloudOS,17500,True,74.43,29.98,57751.42,788,14,0,78.86
2026-09-06T07:32:29Z,212,CloudOS.Supervisor,23280,True,6.86,1.38,4187.85,83,1,0,2.77
2026-09-06T07:32:29Z,212,CloudOS.SystemBroker,23276,True,27.42,18.62,4246.54,181,5,0,42.56
2026-09-06T07:32:29Z,212,cloudos_flutter_shell,10800,True,221.98,1052.3,59783.92,584,53,0,173.19
2026-09-06T07:32:29Z,212,msedgewebview2,2436,True,131.34,41.64,2303491.38,1435,53,0,5.48
2026-09-06T07:32:29Z,212,msedgewebview2,15152,True,12.23,2.98,2203900.73,179,8,0,0.2
2026-09-06T07:32:29Z,212,msedgewebview2,5520,True,98.3,139.81,2254183.6,712,33,0,2.2
2026-09-06T07:32:29Z,212,msedgewebview2,7436,True,44.31,14.19,2253643.63,375,21,0,1.55
2026-09-06T07:32:29Z,212,msedgewebview2,6164,True,20.5,9.3,2253431.09,186,10,0,0.23
2026-09-06T07:32:29Z,212,msedgewebview2,14668,True,99.41,49.49,3698902.14,339,28,0,0.91
2026-09-06T07:33:29Z,213,CloudOS,17500,True,74.43,29.98,57751.42,790,14,0,79
2026-09-06T07:33:29Z,213,CloudOS.Supervisor,23280,True,6.86,1.38,4187.85,83,1,0,2.78
2026-09-06T07:33:29Z,213,CloudOS.SystemBroker,23276,True,27.42,18.62,4246.54,181,5,0,42.8
2026-09-06T07:33:29Z,213,cloudos_flutter_shell,10800,True,221.98,1052.3,59783.92,584,53,0,173.39
2026-09-06T07:33:29Z,213,msedgewebview2,2436,True,131.34,41.64,2303491.38,1435,53,0,5.48
2026-09-06T07:33:29Z,213,msedgewebview2,15152,True,12.23,2.98,2203900.73,179,8,0,0.2
2026-09-06T07:33:29Z,213,msedgewebview2,5520,True,98.28,139.78,2254183.6,712,33,0,2.2
2026-09-06T07:33:29Z,213,msedgewebview2,7436,True,44.31,14.2,2253643.63,375,21,0,1.55
2026-09-06T07:33:29Z,213,msedgewebview2,6164,True,20.5,9.3,2253431.09,186,10,0,0.23
2026-09-06T07:33:29Z,213,msedgewebview2,14668,True,99.41,49.49,3698902.14,339,28,0,0.91
2026-09-06T07:34:29Z,214,CloudOS,17500,True,74.43,29.97,57751.42,788,14,0,79.05
2026-09-06T07:34:29Z,214,CloudOS.Supervisor,23280,True,6.86,1.38,4187.85,83,1,0,2.8
2026-09-06T07:34:29Z,214,CloudOS.SystemBroker,23276,True,27.42,18.62,4246.54,181,5,0,42.95
2026-09-06T07:34:29Z,214,cloudos_flutter_shell,10800,True,221.96,1052.3,59783.92,584,53,0,173.67
2026-09-06T07:34:29Z,214,msedgewebview2,2436,True,131.36,41.7,2303507.38,1437,54,0,5.48
2026-09-06T07:34:29Z,214,msedgewebview2,15152,True,12.23,2.98,2203900.73,179,8,0,0.2
2026-09-06T07:34:29Z,214,msedgewebview2,5520,True,98.27,139.78,2254183.6,712,33,0,2.2
2026-09-06T07:34:29Z,214,msedgewebview2,7436,True,44.35,14.28,2253675.63,377,23,0,1.55
2026-09-06T07:34:29Z,214,msedgewebview2,6164,True,20.5,9.3,2253431.09,186,10,0,0.23
2026-09-06T07:34:29Z,214,msedgewebview2,14668,True,99.42,49.5,3698902.14,339,28,0,0.91
2026-09-06T07:35:30Z,215,CloudOS,17500,True,74.43,29.97,57751.42,790,14,0,79.09
2026-09-06T07:35:30Z,215,CloudOS.Supervisor,23280,True,6.86,1.38,4187.85,83,1,0,2.8
2026-09-06T07:35:30Z,215,CloudOS.SystemBroker,23276,True,27.42,18.62,4246.54,181,5,0,43.09
2026-09-06T07:35:30Z,215,cloudos_flutter_shell,10800,True,221.96,1052.3,59783.92,584,53,0,173.84
2026-09-06T07:35:30Z,215,msedgewebview2,2436,True,131.36,41.68,2303507.38,1437,54,0,5.48
2026-09-06T07:35:30Z,215,msedgewebview2,15152,True,12.23,2.98,2203900.73,179,8,0,0.2
2026-09-06T07:35:30Z,215,msedgewebview2,5520,True,98.27,139.78,2254183.6,712,33,0,2.2
2026-09-06T07:35:30Z,215,msedgewebview2,7436,True,44.35,14.28,2253675.63,377,23,0,1.55
2026-09-06T07:35:30Z,215,msedgewebview2,6164,True,20.5,9.3,2253431.09,186,10,0,0.23
2026-09-06T07:35:30Z,215,msedgewebview2,14668,True,99.41,49.49,3698902.14,339,28,0,0.91
2026-09-06T07:36:30Z,216,CloudOS,17500,True,74.41,29.95,57750.42,788,13,0,79.16
2026-09-06T07:36:30Z,216,CloudOS.Supervisor,23280,True,6.86,1.38,4187.85,83,1,0,2.8
2026-09-06T07:36:30Z,216,CloudOS.SystemBroker,23276,True,27.42,18.62,4246.54,181,5,0,43.44
2026-09-06T07:36:30Z,216,cloudos_flutter_shell,10800,True,221.98,1052.3,59783.92,584,53,0,174.16
2026-09-06T07:36:30Z,216,msedgewebview2,2436,True,131.32,41.59,2303475.38,1435,52,0,5.48
2026-09-06T07:36:30Z,216,msedgewebview2,15152,True,12.23,2.98,2203900.73,179,8,0,0.2
2026-09-06T07:36:30Z,216,msedgewebview2,5520,True,98.27,139.78,2254183.6,712,33,0,2.2
2026-09-06T07:36:30Z,216,msedgewebview2,7436,True,44.31,14.2,2253643.63,375,21,0,1.55
2026-09-06T07:36:30Z,216,msedgewebview2,6164,True,20.5,9.3,2253431.09,186,10,0,0.23
2026-09-06T07:36:30Z,216,msedgewebview2,14668,True,99.41,49.49,3698902.14,339,28,0,0.91
2026-09-06T07:37:30Z,217,CloudOS,17500,True,74.43,29.97,57751.42,790,14,0,79.25
2026-09-06T07:37:30Z,217,CloudOS.Supervisor,23280,True,6.86,1.38,4187.85,83,1,0,2.81
2026-09-06T07:37:30Z,217,CloudOS.SystemBroker,23276,True,27.42,18.62,4246.54,181,5,0,43.59
2026-09-06T07:37:30Z,217,cloudos_flutter_shell,10800,True,221.98,1052.3,59783.92,584,53,0,174.48
2026-09-06T07:37:30Z,217,msedgewebview2,2436,True,131.34,41.64,2303491.38,1435,53,0,5.48
2026-09-06T07:37:30Z,217,msedgewebview2,15152,True,12.23,2.98,2203900.73,179,8,0,0.2
2026-09-06T07:37:30Z,217,msedgewebview2,5520,True,98.27,139.78,2254183.6,712,33,0,2.2
2026-09-06T07:37:30Z,217,msedgewebview2,7436,True,44.31,14.19,2253643.63,375,21,0,1.55
2026-09-06T07:37:30Z,217,msedgewebview2,6164,True,20.5,9.3,2253431.09,186,10,0,0.23
2026-09-06T07:37:30Z,217,msedgewebview2,14668,True,99.42,49.5,3698902.14,339,28,0,0.91
2026-09-06T07:38:30Z,218,CloudOS,17500,True,74.42,29.95,57750.42,788,13,0,79.36
2026-09-06T07:38:30Z,218,CloudOS.Supervisor,23280,True,6.86,1.38,4187.85,83,1,0,2.81
2026-09-06T07:38:30Z,218,CloudOS.SystemBroker,23276,True,27.42,18.62,4246.54,181,5,0,43.73
2026-09-06T07:38:30Z,218,cloudos_flutter_shell,10800,True,221.98,1052.3,59783.92,584,53,0,174.77
2026-09-06T07:38:30Z,218,msedgewebview2,2436,True,131.34,41.64,2303491.38,1435,53,0,5.48
2026-09-06T07:38:30Z,218,msedgewebview2,15152,True,12.23,2.98,2203900.73,179,8,0,0.2
2026-09-06T07:38:30Z,218,msedgewebview2,5520,True,98.3,139.81,2254183.6,712,33,0,2.2
2026-09-06T07:38:30Z,218,msedgewebview2,7436,True,44.31,14.19,2253643.63,375,21,0,1.55
2026-09-06T07:38:30Z,218,msedgewebview2,6164,True,20.5,9.3,2253431.09,186,10,0,0.23
2026-09-06T07:38:30Z,218,msedgewebview2,14668,True,99.41,49.49,3698902.14,339,28,0,0.91
2026-09-06T07:39:30Z,219,CloudOS,17500,True,74.43,29.98,57751.42,790,14,0,79.44
2026-09-06T07:39:30Z,219,CloudOS.Supervisor,23280,True,6.86,1.38,4187.85,83,1,0,2.83
2026-09-06T07:39:30Z,219,CloudOS.SystemBroker,23276,True,27.42,18.62,4246.54,181,5,0,43.98
2026-09-06T07:39:30Z,219,cloudos_flutter_shell,10800,True,221.98,1052.3,59783.92,584,53,0,175.09
2026-09-06T07:39:30Z,219,msedgewebview2,2436,True,131.32,41.59,2303475.38,1435,52,0,5.48
2026-09-06T07:39:30Z,219,msedgewebview2,15152,True,12.23,2.98,2203900.73,179,8,0,0.2
2026-09-06T07:39:30Z,219,msedgewebview2,5520,True,98.3,139.81,2254183.6,712,33,0,2.2
2026-09-06T07:39:30Z,219,msedgewebview2,7436,True,44.31,14.19,2253643.63,375,21,0,1.55
2026-09-06T07:39:30Z,219,msedgewebview2,6164,True,20.5,9.3,2253431.09,186,10,0,0.23
2026-09-06T07:39:30Z,219,msedgewebview2,14668,True,99.41,49.49,3698902.14,339,28,0,0.91
2026-09-06T07:40:30Z,220,CloudOS,17500,True,74.43,29.98,57751.42,790,14,0,79.52
2026-09-06T07:40:30Z,220,CloudOS.Supervisor,23280,True,6.86,1.38,4187.85,83,1,0,2.83
2026-09-06T07:40:30Z,220,CloudOS.SystemBroker,23276,True,27.42,18.62,4246.54,181,5,0,44.11
2026-09-06T07:40:30Z,220,cloudos_flutter_shell,10800,True,221.98,1052.3,59783.92,584,53,0,175.41
2026-09-06T07:40:30Z,220,msedgewebview2,2436,True,131.31,41.59,2303475.38,1435,52,0,5.48
2026-09-06T07:40:30Z,220,msedgewebview2,15152,True,12.23,2.98,2203900.73,179,8,0,0.2
2026-09-06T07:40:30Z,220,msedgewebview2,5520,True,98.3,139.81,2254183.6,712,33,0,2.2
2026-09-06T07:40:30Z,220,msedgewebview2,7436,True,44.31,14.2,2253643.63,375,21,0,1.55
2026-09-06T07:40:30Z,220,msedgewebview2,6164,True,20.5,9.3,2253431.09,186,10,0,0.23
2026-09-06T07:40:30Z,220,msedgewebview2,14668,True,99.42,49.5,3698902.14,339,28,0,0.91
2026-09-06T07:41:31Z,221,CloudOS,17500,True,74.43,29.98,57751.42,788,14,0,79.59
2026-09-06T07:41:31Z,221,CloudOS.Supervisor,23280,True,6.86,1.38,4187.85,83,1,0,2.83
2026-09-06T07:41:31Z,221,CloudOS.SystemBroker,23276,True,27.42,18.62,4246.54,181,5,0,44.33
2026-09-06T07:41:31Z,221,cloudos_flutter_shell,10800,True,221.98,1052.29,59783.92,584,53,0,175.58
2026-09-06T07:41:31Z,221,msedgewebview2,2436,True,131.31,41.59,2303475.38,1435,52,0,5.48
2026-09-06T07:41:31Z,221,msedgewebview2,15152,True,12.23,2.98,2203900.73,179,8,0,0.2
2026-09-06T07:41:31Z,221,msedgewebview2,5520,True,98.3,139.81,2254183.6,712,33,0,2.2
2026-09-06T07:41:31Z,221,msedgewebview2,7436,True,44.31,14.19,2253643.63,375,21,0,1.55
2026-09-06T07:41:31Z,221,msedgewebview2,6164,True,20.5,9.3,2253431.09,186,10,0,0.23
2026-09-06T07:41:31Z,221,msedgewebview2,14668,True,99.42,49.5,3698902.14,339,28,0,0.91
2026-09-06T07:42:31Z,222,CloudOS,17500,True,74.43,29.98,57751.42,790,14,0,79.73
2026-09-06T07:42:31Z,222,CloudOS.Supervisor,23280,True,6.86,1.38,4187.85,83,1,0,2.84
2026-09-06T07:42:31Z,222,CloudOS.SystemBroker,23276,True,27.42,18.62,4246.54,181,5,0,44.5
2026-09-06T07:42:31Z,222,cloudos_flutter_shell,10800,True,221.98,1052.29,59783.92,584,53,0,175.86
2026-09-06T07:42:31Z,222,msedgewebview2,2436,True,132.3,42.64,2303507.38,1439,54,0,5.5
2026-09-06T07:42:31Z,222,msedgewebview2,15152,True,12.23,2.98,2203900.73,179,8,0,0.2
2026-09-06T07:42:31Z,222,msedgewebview2,5520,True,98.46,139.97,2254183.6,712,33,0,2.2
2026-09-06T07:42:31Z,222,msedgewebview2,7436,True,44.31,14.19,2253643.63,375,21,0,1.55
2026-09-06T07:42:31Z,222,msedgewebview2,6164,True,20.5,9.3,2253431.09,186,10,0,0.23
2026-09-06T07:42:31Z,222,msedgewebview2,14668,True,99.41,49.49,3698902.14,339,28,0,0.92
2026-09-06T07:43:31Z,223,CloudOS,17500,True,74.43,29.98,57751.42,788,14,0,79.8
2026-09-06T07:43:31Z,223,CloudOS.Supervisor,23280,True,6.86,1.38,4187.85,83,1,0,2.84
2026-09-06T07:43:31Z,223,CloudOS.SystemBroker,23276,True,27.42,18.62,4246.54,181,5,0,44.69
2026-09-06T07:43:31Z,223,cloudos_flutter_shell,10800,True,221.98,1052.29,59783.92,584,53,0,176.22
2026-09-06T07:43:31Z,223,msedgewebview2,2436,True,131.45,41.74,2303491.38,1437,53,0,5.5
2026-09-06T07:43:31Z,223,msedgewebview2,15152,True,12.23,2.98,2203900.73,179,8,0,0.2
2026-09-06T07:43:31Z,223,msedgewebview2,5520,True,98.3,139.81,2254183.6,712,33,0,2.2
2026-09-06T07:43:31Z,223,msedgewebview2,7436,True,44.31,14.19,2253643.63,375,21,0,1.55
2026-09-06T07:43:31Z,223,msedgewebview2,6164,True,20.5,9.3,2253431.09,186,10,0,0.23
2026-09-06T07:43:31Z,223,msedgewebview2,14668,True,99.41,49.49,3698902.14,339,28,0,0.92
2026-09-06T07:44:31Z,224,CloudOS,17500,True,74.43,29.98,57751.42,790,14,0,79.91
2026-09-06T07:44:31Z,224,CloudOS.Supervisor,23280,True,6.86,1.38,4187.85,83,1,0,2.84
2026-09-06T07:44:31Z,224,CloudOS.SystemBroker,23276,True,27.42,18.62,4246.54,181,5,0,44.81
2026-09-06T07:44:31Z,224,cloudos_flutter_shell,10800,True,221.98,1052.29,59783.92,584,53,0,176.41
2026-09-06T07:44:31Z,224,msedgewebview2,2436,True,131.47,41.79,2303507.38,1439,54,0,5.53
2026-09-06T07:44:31Z,224,msedgewebview2,15152,True,12.23,2.98,2203900.73,179,8,0,0.2
2026-09-06T07:44:31Z,224,msedgewebview2,5520,True,98.3,139.81,2254183.6,712,33,0,2.2
2026-09-06T07:44:31Z,224,msedgewebview2,7436,True,44.36,14.29,2253675.63,379,23,0,1.56
2026-09-06T07:44:31Z,224,msedgewebview2,6164,True,20.5,9.3,2253431.09,186,10,0,0.23
2026-09-06T07:44:31Z,224,msedgewebview2,14668,True,99.41,49.49,3698902.14,339,28,0,0.92
2026-09-06T07:45:31Z,225,CloudOS,17500,True,74.42,29.95,57750.42,788,13,0,79.91
2026-09-06T07:45:31Z,225,CloudOS.Supervisor,23280,True,6.86,1.38,4187.85,83,1,0,2.84
2026-09-06T07:45:31Z,225,CloudOS.SystemBroker,23276,True,27.42,18.62,4246.54,181,5,0,45.03
2026-09-06T07:45:31Z,225,cloudos_flutter_shell,10800,True,221.98,1052.29,59783.92,584,53,0,176.67
2026-09-06T07:45:31Z,225,msedgewebview2,2436,True,131.36,41.65,2303491.38,1437,53,0,5.53
2026-09-06T07:45:31Z,225,msedgewebview2,15152,True,12.23,2.98,2203900.73,179,8,0,0.2
2026-09-06T07:45:31Z,225,msedgewebview2,5520,True,98.31,139.81,2254183.6,712,33,0,2.2
2026-09-06T07:45:31Z,225,msedgewebview2,7436,True,44.41,14.3,2253659.63,377,22,0,1.56
2026-09-06T07:45:31Z,225,msedgewebview2,6164,True,20.61,9.41,2253431.09,186,10,0,0.23
2026-09-06T07:45:31Z,225,msedgewebview2,14668,True,99.41,49.49,3698902.14,339,28,0,0.92
2026-09-06T07:46:31Z,226,CloudOS,17500,True,74.45,29.98,57751.42,790,14,0,79.97
2026-09-06T07:46:31Z,226,CloudOS.Supervisor,23280,True,6.86,1.38,4187.85,83,1,0,2.84
2026-09-06T07:46:31Z,226,CloudOS.SystemBroker,23276,True,27.42,18.62,4246.54,181,5,0,45.23
2026-09-06T07:46:31Z,226,cloudos_flutter_shell,10800,True,221.98,1052.29,59783.92,584,53,0,176.94
2026-09-06T07:46:31Z,226,msedgewebview2,2436,True,131.31,41.57,2303475.38,1435,52,0,5.53
2026-09-06T07:46:31Z,226,msedgewebview2,15152,True,12.23,2.98,2203900.73,179,8,0,0.2
2026-09-06T07:46:31Z,226,msedgewebview2,5520,True,98.26,139.74,2254167.6,712,32,0,2.22
2026-09-06T07:46:31Z,226,msedgewebview2,7436,True,44.31,14.19,2253643.63,375,21,0,1.56
2026-09-06T07:46:31Z,226,msedgewebview2,6164,True,20.5,9.3,2253431.09,186,10,0,0.23
2026-09-06T07:46:31Z,226,msedgewebview2,14668,True,99.41,49.49,3698902.14,339,28,0,0.92
2026-09-06T07:47:32Z,227,CloudOS,17500,True,74.43,29.95,57750.42,788,13,0,80.05
2026-09-06T07:47:32Z,227,CloudOS.Supervisor,23280,True,6.86,1.38,4187.85,83,1,0,2.84
2026-09-06T07:47:32Z,227,CloudOS.SystemBroker,23276,True,27.42,18.62,4246.54,181,5,0,45.42
2026-09-06T07:47:32Z,227,cloudos_flutter_shell,10800,True,221.98,1052.29,59783.92,584,53,0,177.2
2026-09-06T07:47:32Z,227,msedgewebview2,2436,True,131.32,41.61,2303491.38,1435,53,0,5.53
2026-09-06T07:47:32Z,227,msedgewebview2,15152,True,12.23,2.98,2203900.73,179,8,0,0.2
2026-09-06T07:47:32Z,227,msedgewebview2,5520,True,98.28,139.78,2254183.6,712,33,0,2.22
2026-09-06T07:47:32Z,227,msedgewebview2,7436,True,44.31,14.2,2253643.63,375,21,0,1.56
2026-09-06T07:47:32Z,227,msedgewebview2,6164,True,20.5,9.3,2253431.09,186,10,0,0.23
2026-09-06T07:47:32Z,227,msedgewebview2,14668,True,99.41,49.49,3698902.14,339,28,0,0.92
2026-09-06T07:48:32Z,228,CloudOS,17500,True,74.45,29.98,57751.42,790,14,0,80.12
2026-09-06T07:48:32Z,228,CloudOS.Supervisor,23280,True,6.86,1.38,4187.85,83,1,0,2.84
2026-09-06T07:48:32Z,228,CloudOS.SystemBroker,23276,True,27.42,18.62,4246.54,181,5,0,45.61
2026-09-06T07:48:32Z,228,cloudos_flutter_shell,10800,True,221.98,1052.29,59783.92,584,53,0,177.44
2026-09-06T07:48:32Z,228,msedgewebview2,2436,True,131.32,41.61,2303491.38,1435,53,0,5.55
2026-09-06T07:48:32Z,228,msedgewebview2,15152,True,12.23,2.98,2203900.73,179,8,0,0.2
2026-09-06T07:48:32Z,228,msedgewebview2,5520,True,98.28,139.78,2254183.6,712,33,0,2.22
2026-09-06T07:48:32Z,228,msedgewebview2,7436,True,44.31,14.19,2253643.63,375,21,0,1.56
2026-09-06T07:48:32Z,228,msedgewebview2,6164,True,20.5,9.3,2253431.09,186,10,0,0.23
2026-09-06T07:48:32Z,228,msedgewebview2,14668,True,99.42,49.5,3698902.14,339,28,0,0.92
2026-09-06T07:49:32Z,229,CloudOS,17500,True,74.44,29.98,57751.42,790,14,0,80.23
2026-09-06T07:49:32Z,229,CloudOS.Supervisor,23280,True,6.86,1.38,4187.85,83,1,0,2.88
2026-09-06T07:49:32Z,229,CloudOS.SystemBroker,23276,True,27.42,18.62,4246.54,181,5,0,45.69
2026-09-06T07:49:32Z,229,cloudos_flutter_shell,10800,True,221.96,1052.29,59783.92,584,53,0,177.83
2026-09-06T07:49:32Z,229,msedgewebview2,2436,True,131.29,41.57,2303475.38,1435,52,0,5.55
2026-09-06T07:49:32Z,229,msedgewebview2,15152,True,12.23,2.98,2203900.73,179,8,0,0.2
2026-09-06T07:49:32Z,229,msedgewebview2,5520,True,98.27,139.78,2254183.6,712,33,0,2.22
2026-09-06T07:49:32Z,229,msedgewebview2,7436,True,44.3,14.19,2253643.63,375,21,0,1.56
2026-09-06T07:49:32Z,229,msedgewebview2,6164,True,20.5,9.3,2253431.09,186,10,0,0.23
2026-09-06T07:49:32Z,229,msedgewebview2,14668,True,99.41,49.49,3698902.14,339,28,0,0.92
2026-09-06T07:50:32Z,230,CloudOS,17500,True,74.44,29.98,57751.42,788,14,0,80.31
2026-09-06T07:50:32Z,230,CloudOS.Supervisor,23280,True,6.86,1.38,4187.85,83,1,0,2.88
2026-09-06T07:50:32Z,230,CloudOS.SystemBroker,23276,True,27.42,18.62,4246.54,181,5,0,45.77
2026-09-06T07:50:32Z,230,cloudos_flutter_shell,10800,True,221.98,1052.3,59783.92,584,53,0,178.22
2026-09-06T07:50:32Z,230,msedgewebview2,2436,True,131.29,41.57,2303475.38,1435,52,0,5.55
2026-09-06T07:50:32Z,230,msedgewebview2,15152,True,12.24,2.99,2203900.73,179,8,0,0.2
2026-09-06T07:50:32Z,230,msedgewebview2,5520,True,98.28,139.78,2254183.6,712,33,0,2.22
2026-09-06T07:50:32Z,230,msedgewebview2,7436,True,44.3,14.19,2253643.63,375,21,0,1.56
2026-09-06T07:50:32Z,230,msedgewebview2,6164,True,20.5,9.3,2253431.09,186,10,0,0.23
2026-09-06T07:50:32Z,230,msedgewebview2,14668,True,99.41,49.49,3698902.14,339,28,0,0.92
2026-09-06T07:51:32Z,231,CloudOS,17500,True,74.44,29.98,57751.42,790,14,0,80.45
2026-09-06T07:51:32Z,231,CloudOS.Supervisor,23280,True,6.86,1.38,4187.85,83,1,0,2.88
2026-09-06T07:51:32Z,231,CloudOS.SystemBroker,23276,True,27.42,18.62,4246.54,181,5,0,45.98
2026-09-06T07:51:32Z,231,cloudos_flutter_shell,10800,True,221.98,1052.3,59783.92,584,53,0,178.67
2026-09-06T07:51:32Z,231,msedgewebview2,2436,True,131.3,41.57,2303475.38,1435,52,0,5.55
2026-09-06T07:51:32Z,231,msedgewebview2,15152,True,12.23,2.98,2203900.73,179,8,0,0.2
2026-09-06T07:51:32Z,231,msedgewebview2,5520,True,98.27,139.78,2254183.6,712,33,0,2.22
2026-09-06T07:51:32Z,231,msedgewebview2,7436,True,44.3,14.19,2253643.63,375,21,0,1.56
2026-09-06T07:51:32Z,231,msedgewebview2,6164,True,20.5,9.3,2253431.09,186,10,0,0.23
2026-09-06T07:51:32Z,231,msedgewebview2,14668,True,99.41,49.49,3698902.14,339,28,0,0.92
2026-09-06T07:52:32Z,232,CloudOS,17500,True,74.45,29.98,57751.42,788,14,0,80.52
2026-09-06T07:52:32Z,232,CloudOS.Supervisor,23280,True,6.86,1.38,4187.85,83,1,0,2.88
2026-09-06T07:52:32Z,232,CloudOS.SystemBroker,23276,True,27.42,18.62,4246.54,181,5,0,46.14
2026-09-06T07:52:32Z,232,cloudos_flutter_shell,10800,True,221.98,1052.3,59783.92,584,53,0,178.98
2026-09-06T07:52:32Z,232,msedgewebview2,2436,True,131.32,41.61,2303491.38,1435,53,0,5.55
2026-09-06T07:52:32Z,232,msedgewebview2,15152,True,12.24,2.99,2203900.73,179,8,0,0.2
2026-09-06T07:52:32Z,232,msedgewebview2,5520,True,98.27,139.78,2254183.6,712,33,0,2.22
2026-09-06T07:52:32Z,232,msedgewebview2,7436,True,44.3,14.19,2253643.63,375,21,0,1.56
2026-09-06T07:52:32Z,232,msedgewebview2,6164,True,20.5,9.3,2253431.09,186,10,0,0.23
2026-09-06T07:52:32Z,232,msedgewebview2,14668,True,99.41,49.49,3698902.14,339,28,0,0.92
2026-09-06T07:53:32Z,233,CloudOS,17500,True,74.45,29.98,57751.42,790,14,0,80.64
2026-09-06T07:53:32Z,233,CloudOS.Supervisor,23280,True,6.86,1.38,4187.85,83,1,0,2.88
2026-09-06T07:53:32Z,233,CloudOS.SystemBroker,23276,True,27.42,18.62,4246.54,181,5,0,46.27
2026-09-06T07:53:32Z,233,cloudos_flutter_shell,10800,True,221.98,1052.3,59783.92,584,53,0,179.17
2026-09-06T07:53:32Z,233,msedgewebview2,2436,True,131.32,41.61,2303491.38,1435,53,0,5.55
2026-09-06T07:53:32Z,233,msedgewebview2,15152,True,12.23,2.98,2203900.73,179,8,0,0.2
2026-09-06T07:53:32Z,233,msedgewebview2,5520,True,98.27,139.78,2254183.6,712,33,0,2.22
2026-09-06T07:53:32Z,233,msedgewebview2,7436,True,44.3,14.19,2253643.63,375,21,0,1.56
2026-09-06T07:53:32Z,233,msedgewebview2,6164,True,20.5,9.3,2253431.09,186,10,0,0.23
2026-09-06T07:53:32Z,233,msedgewebview2,14668,True,99.41,49.49,3698902.14,339,28,0,0.92
2026-09-06T07:54:33Z,234,CloudOS,17500,True,74.45,29.98,57751.42,788,14,0,80.7
2026-09-06T07:54:33Z,234,CloudOS.Supervisor,23280,True,6.86,1.38,4187.85,83,1,0,2.88
2026-09-06T07:54:33Z,234,CloudOS.SystemBroker,23276,True,27.42,18.62,4246.54,181,5,0,46.42
2026-09-06T07:54:33Z,234,cloudos_flutter_shell,10800,True,221.98,1052.3,59783.92,584,53,0,179.52
2026-09-06T07:54:33Z,234,msedgewebview2,2436,True,131.35,41.66,2303507.38,1437,54,0,5.56
2026-09-06T07:54:33Z,234,msedgewebview2,15152,True,12.23,2.98,2203900.73,179,8,0,0.2
2026-09-06T07:54:33Z,234,msedgewebview2,5520,True,98.28,139.78,2254183.6,712,33,0,2.22
2026-09-06T07:54:33Z,234,msedgewebview2,7436,True,44.35,14.28,2253675.63,377,23,0,1.56
2026-09-06T07:54:33Z,234,msedgewebview2,6164,True,20.5,9.3,2253431.09,186,10,0,0.23
2026-09-06T07:54:33Z,234,msedgewebview2,14668,True,99.41,49.49,3698902.14,339,28,0,0.92
2026-09-06T07:55:33Z,235,CloudOS,17500,True,74.45,29.98,57751.42,790,14,0,80.8
2026-09-06T07:55:33Z,235,CloudOS.Supervisor,23280,True,6.86,1.38,4187.85,83,1,0,2.89
2026-09-06T07:55:33Z,235,CloudOS.SystemBroker,23276,True,27.42,18.62,4246.54,181,5,0,46.64
2026-09-06T07:55:33Z,235,cloudos_flutter_shell,10800,True,221.98,1052.3,59783.92,584,53,0,179.81
2026-09-06T07:55:33Z,235,msedgewebview2,2436,True,131.35,41.66,2303507.38,1437,54,0,5.56
2026-09-06T07:55:33Z,235,msedgewebview2,15152,True,12.23,2.98,2203900.73,179,8,0,0.2
2026-09-06T07:55:33Z,235,msedgewebview2,5520,True,98.28,139.78,2254183.6,712,33,0,2.22
2026-09-06T07:55:33Z,235,msedgewebview2,7436,True,44.35,14.28,2253675.63,377,23,0,1.56
2026-09-06T07:55:33Z,235,msedgewebview2,6164,True,20.5,9.3,2253431.09,186,10,0,0.23
2026-09-06T07:55:33Z,235,msedgewebview2,14668,True,99.41,49.49,3698902.14,339,28,0,0.92
2026-09-06T07:56:33Z,236,CloudOS,17500,True,74.45,29.98,57751.42,788,14,0,80.84
2026-09-06T07:56:33Z,236,CloudOS.Supervisor,23280,True,6.86,1.38,4187.85,83,1,0,2.91
2026-09-06T07:56:33Z,236,CloudOS.SystemBroker,23276,True,27.42,18.62,4246.54,181,5,0,46.78
2026-09-06T07:56:33Z,236,cloudos_flutter_shell,10800,True,221.98,1052.3,59783.92,584,53,0,180.02
2026-09-06T07:56:33Z,236,msedgewebview2,2436,True,131.31,41.57,2303475.38,1435,52,0,5.56
2026-09-06T07:56:33Z,236,msedgewebview2,15152,True,12.23,2.98,2203900.73,179,8,0,0.2
2026-09-06T07:56:33Z,236,msedgewebview2,5520,True,98.28,139.78,2254183.6,712,33,0,2.22
2026-09-06T07:56:33Z,236,msedgewebview2,7436,True,44.31,14.19,2253643.63,375,21,0,1.56
2026-09-06T07:56:33Z,236,msedgewebview2,6164,True,20.5,9.3,2253431.09,186,10,0,0.23
2026-09-06T07:56:33Z,236,msedgewebview2,14668,True,99.41,49.49,3698902.14,339,28,0,0.92
2026-09-06T07:57:33Z,237,CloudOS,17500,True,74.45,29.98,57751.42,790,14,0,80.94
2026-09-06T07:57:33Z,237,CloudOS.Supervisor,23280,True,6.86,1.38,4187.85,83,1,0,2.91
2026-09-06T07:57:33Z,237,CloudOS.SystemBroker,23276,True,27.42,18.62,4246.54,181,5,0,47.05
2026-09-06T07:57:33Z,237,cloudos_flutter_shell,10800,True,221.98,1052.3,59783.92,584,53,0,180.34
2026-09-06T07:57:33Z,237,msedgewebview2,2436,True,131.36,41.67,2303507.38,1437,54,0,5.56
2026-09-06T07:57:33Z,237,msedgewebview2,15152,True,12.23,2.98,2203900.73,179,8,0,0.2
2026-09-06T07:57:33Z,237,msedgewebview2,5520,True,98.28,139.78,2254183.6,712,33,0,2.22
2026-09-06T07:57:33Z,237,msedgewebview2,7436,True,44.31,14.19,2253643.63,375,21,0,1.56
2026-09-06T07:57:33Z,237,msedgewebview2,6164,True,20.5,9.3,2253431.09,186,10,0,0.23
2026-09-06T07:57:33Z,237,msedgewebview2,14668,True,99.41,49.49,3698902.14,339,28,0,0.92
2026-09-06T07:58:33Z,238,CloudOS,17500,True,74.43,29.95,57750.42,788,13,0,80.98
2026-09-06T07:58:33Z,238,CloudOS.Supervisor,23280,True,6.86,1.38,4187.85,83,1,0,2.92
2026-09-06T07:58:33Z,238,CloudOS.SystemBroker,23276,True,27.42,18.62,4246.54,181,5,0,47.27
2026-09-06T07:58:33Z,238,cloudos_flutter_shell,10800,True,221.98,1052.3,59783.92,584,53,0,180.53
2026-09-06T07:58:33Z,238,msedgewebview2,2436,True,131.36,41.67,2303507.38,1437,54,0,5.56
2026-09-06T07:58:33Z,238,msedgewebview2,15152,True,12.23,2.98,2203900.73,179,8,0,0.2
2026-09-06T07:58:33Z,238,msedgewebview2,5520,True,98.28,139.78,2254183.6,712,33,0,2.22
2026-09-06T07:58:33Z,238,msedgewebview2,7436,True,44.31,14.19,2253643.63,375,21,0,1.56
2026-09-06T07:58:33Z,238,msedgewebview2,6164,True,20.5,9.3,2253431.09,186,10,0,0.23
2026-09-06T07:58:33Z,238,msedgewebview2,14668,True,99.41,49.49,3698902.14,339,28,0,0.92
2026-09-06T07:59:33Z,239,CloudOS,17500,True,74.45,29.98,57751.42,790,14,0,81.09
2026-09-06T07:59:33Z,239,CloudOS.Supervisor,23280,True,6.86,1.38,4187.85,83,1,0,2.92
2026-09-06T07:59:33Z,239,CloudOS.SystemBroker,23276,True,27.42,18.62,4246.54,181,5,0,47.44
2026-09-06T07:59:33Z,239,cloudos_flutter_shell,10800,True,221.98,1052.3,59783.92,584,53,0,180.81
2026-09-06T07:59:33Z,239,msedgewebview2,2436,True,131.36,41.67,2303507.38,1437,54,0,5.56
2026-09-06T07:59:33Z,239,msedgewebview2,15152,True,12.23,2.98,2203900.73,179,8,0,0.2
2026-09-06T07:59:33Z,239,msedgewebview2,5520,True,98.31,139.81,2254183.6,712,33,0,2.22
2026-09-06T07:59:33Z,239,msedgewebview2,7436,True,44.36,14.29,2253675.63,379,23,0,1.56
2026-09-06T07:59:33Z,239,msedgewebview2,6164,True,20.5,9.3,2253431.09,186,10,0,0.23
2026-09-06T07:59:33Z,239,msedgewebview2,14668,True,99.41,49.49,3698902.14,339,28,0,0.92
2026-09-06T08:00:34Z,240,CloudOS,17500,True,74.45,29.98,57751.42,790,14,0,81.17
2026-09-06T08:00:34Z,240,CloudOS.Supervisor,23280,True,6.86,1.38,4187.85,83,1,0,2.92
2026-09-06T08:00:34Z,240,CloudOS.SystemBroker,23276,True,27.42,18.62,4246.54,181,5,0,47.59
2026-09-06T08:00:34Z,240,cloudos_flutter_shell,10800,True,221.98,1052.3,59783.92,584,53,0,181.06
2026-09-06T08:00:34Z,240,msedgewebview2,2436,True,131.3,41.62,2303507.38,1437,54,0,5.58
2026-09-06T08:00:34Z,240,msedgewebview2,15152,True,12.23,2.98,2203900.73,179,8,0,0.2
2026-09-06T08:00:34Z,240,msedgewebview2,5520,True,98.31,139.81,2254183.6,712,33,0,2.22
2026-09-06T08:00:34Z,240,msedgewebview2,7436,True,44.35,14.28,2253675.63,379,23,0,1.56
2026-09-06T08:00:34Z,240,msedgewebview2,6164,True,20.5,9.3,2253431.09,186,10,0,0.23
2026-09-06T08:00:34Z,240,msedgewebview2,14668,True,99.41,49.49,3698902.14,339,28,0,0.92
2026-09-06T08:01:34Z,241,CloudOS,17500,True,74.45,29.98,57751.42,790,14,0,81.22
2026-09-06T08:01:34Z,241,CloudOS.Supervisor,23280,True,6.86,1.38,4187.85,83,1,0,2.94
2026-09-06T08:01:34Z,241,CloudOS.SystemBroker,23276,True,27.42,18.62,4246.54,181,5,0,47.81
2026-09-06T08:01:34Z,241,cloudos_flutter_shell,10800,True,221.98,1052.3,59783.92,584,53,0,181.28
2026-09-06T08:01:34Z,241,msedgewebview2,2436,True,131.26,41.52,2303475.38,1435,52,0,5.58
2026-09-06T08:01:34Z,241,msedgewebview2,15152,True,12.23,2.98,2203900.73,179,8,0,0.2
2026-09-06T08:01:34Z,241,msedgewebview2,5520,True,98.31,139.81,2254183.6,712,33,0,2.22
2026-09-06T08:01:34Z,241,msedgewebview2,7436,True,44.31,14.2,2253643.63,375,21,0,1.56
2026-09-06T08:01:34Z,241,msedgewebview2,6164,True,20.5,9.3,2253431.09,186,10,0,0.23
2026-09-06T08:01:34Z,241,msedgewebview2,14668,True,99.41,49.49,3698902.14,339,28,0,0.92
2026-09-06T08:02:34Z,242,CloudOS,17500,True,74.45,29.98,57751.42,790,14,0,81.33
2026-09-06T08:02:34Z,242,CloudOS.Supervisor,23280,True,6.86,1.38,4187.85,83,1,0,2.94
2026-09-06T08:02:34Z,242,CloudOS.SystemBroker,23276,True,27.42,18.62,4246.54,181,5,0,47.91
2026-09-06T08:02:34Z,242,cloudos_flutter_shell,10800,True,221.98,1052.3,59783.92,584,53,0,181.52
2026-09-06T08:02:34Z,242,msedgewebview2,2436,True,131.32,41.61,2303491.38,1437,53,0,5.59
2026-09-06T08:02:34Z,242,msedgewebview2,15152,True,12.23,2.98,2203900.73,179,8,0,0.2
2026-09-06T08:02:34Z,242,msedgewebview2,5520,True,98.31,139.81,2254183.6,712,33,0,2.22
2026-09-06T08:02:34Z,242,msedgewebview2,7436,True,44.38,14.27,2253643.63,377,21,0,1.58
2026-09-06T08:02:34Z,242,msedgewebview2,6164,True,20.5,9.3,2253431.09,186,10,0,0.23
2026-09-06T08:02:34Z,242,msedgewebview2,14668,True,99.42,49.5,3698902.14,339,28,0,0.92
2026-09-06T08:03:34Z,243,CloudOS,17500,True,74.44,29.97,57751.42,790,14,0,81.44
2026-09-06T08:03:34Z,243,CloudOS.Supervisor,23280,True,6.86,1.38,4187.85,83,1,0,2.94
2026-09-06T08:03:34Z,243,CloudOS.SystemBroker,23276,True,27.42,18.62,4246.54,181,5,0,48.19
2026-09-06T08:03:34Z,243,cloudos_flutter_shell,10800,True,221.98,1052.3,59783.92,584,53,0,181.92
2026-09-06T08:03:34Z,243,msedgewebview2,2436,True,131.3,41.62,2303507.38,1437,54,0,5.59
2026-09-06T08:03:34Z,243,msedgewebview2,15152,True,12.23,2.98,2203900.73,179,8,0,0.2
2026-09-06T08:03:34Z,243,msedgewebview2,5520,True,98.31,139.81,2254183.6,712,33,0,2.22
2026-09-06T08:03:34Z,243,msedgewebview2,7436,True,44.35,14.28,2253675.63,377,23,0,1.58
2026-09-06T08:03:34Z,243,msedgewebview2,6164,True,20.5,9.3,2253431.09,186,10,0,0.23
2026-09-06T08:03:34Z,243,msedgewebview2,14668,True,99.41,49.49,3698902.14,339,28,0,0.92
2026-09-06T08:04:34Z,244,CloudOS,17500,True,74.44,29.97,57751.42,790,14,0,81.56
2026-09-06T08:04:34Z,244,CloudOS.Supervisor,23280,True,6.86,1.38,4187.85,83,1,0,2.95
2026-09-06T08:04:34Z,244,CloudOS.SystemBroker,23276,True,27.42,18.62,4246.54,181,5,0,48.47
2026-09-06T08:04:34Z,244,cloudos_flutter_shell,10800,True,221.96,1052.3,59783.92,584,53,0,182.17
2026-09-06T08:04:34Z,244,msedgewebview2,2436,True,131.3,41.62,2303507.38,1437,54,0,5.61
2026-09-06T08:04:34Z,244,msedgewebview2,15152,True,12.23,2.98,2203900.73,179,8,0,0.2
2026-09-06T08:04:34Z,244,msedgewebview2,5520,True,98.27,139.81,2254183.6,712,33,0,2.22
2026-09-06T08:04:34Z,244,msedgewebview2,7436,True,44.35,14.28,2253675.63,377,23,0,1.59
2026-09-06T08:04:34Z,244,msedgewebview2,6164,True,20.5,9.3,2253431.09,186,10,0,0.23
2026-09-06T08:04:34Z,244,msedgewebview2,14668,True,99.41,49.49,3698902.14,339,28,0,0.92
2026-09-06T08:05:34Z,245,CloudOS,17500,True,74.44,29.97,57751.42,788,14,0,81.67
2026-09-06T08:05:34Z,245,CloudOS.Supervisor,23280,True,6.86,1.38,4187.85,83,1,0,2.97
2026-09-06T08:05:34Z,245,CloudOS.SystemBroker,23276,True,27.42,18.62,4246.54,181,5,0,48.55
2026-09-06T08:05:34Z,245,cloudos_flutter_shell,10800,True,221.96,1052.3,59783.92,584,53,0,182.45
2026-09-06T08:05:34Z,245,msedgewebview2,2436,True,131.3,41.62,2303507.38,1437,54,0,5.61
2026-09-06T08:05:34Z,245,msedgewebview2,15152,True,12.23,2.98,2203900.73,179,8,0,0.2
2026-09-06T08:05:34Z,245,msedgewebview2,5520,True,98.27,139.81,2254183.6,712,33,0,2.22
2026-09-06T08:05:34Z,245,msedgewebview2,7436,True,44.35,14.28,2253675.63,377,23,0,1.59
2026-09-06T08:05:34Z,245,msedgewebview2,6164,True,20.5,9.3,2253431.09,186,10,0,0.23
2026-09-06T08:05:34Z,245,msedgewebview2,14668,True,99.41,49.49,3698902.14,339,28,0,0.92
2026-09-06T08:06:34Z,246,CloudOS,17500,True,74.44,29.97,57751.42,790,14,0,81.78
2026-09-06T08:06:34Z,246,CloudOS.Supervisor,23280,True,6.86,1.38,4187.85,83,1,0,2.98
2026-09-06T08:06:34Z,246,CloudOS.SystemBroker,23276,True,27.42,18.62,4246.54,181,5,0,48.66
2026-09-06T08:06:34Z,246,cloudos_flutter_shell,10800,True,221.96,1052.3,59783.92,584,53,0,182.72
2026-09-06T08:06:34Z,246,msedgewebview2,2436,True,131.32,41.62,2303507.38,1437,54,0,5.64
2026-09-06T08:06:34Z,246,msedgewebview2,15152,True,12.23,2.98,2203900.73,179,8,0,0.2
2026-09-06T08:06:34Z,246,msedgewebview2,5520,True,98.27,139.81,2254183.6,712,33,0,2.22
2026-09-06T08:06:34Z,246,msedgewebview2,7436,True,44.34,14.28,2253675.63,377,23,0,1.59
2026-09-06T08:06:34Z,246,msedgewebview2,6164,True,20.5,9.3,2253431.09,186,10,0,0.23
2026-09-06T08:06:34Z,246,msedgewebview2,14668,True,99.41,49.49,3698902.14,339,28,0,0.92
2026-09-06T08:07:35Z,247,CloudOS,17500,True,74.45,29.98,57751.42,788,14,0,81.89
2026-09-06T08:07:35Z,247,CloudOS.Supervisor,23280,True,6.86,1.38,4187.85,83,1,0,3
2026-09-06T08:07:35Z,247,CloudOS.SystemBroker,23276,True,27.42,18.62,4246.54,181,5,0,48.72
2026-09-06T08:07:35Z,247,cloudos_flutter_shell,10800,True,221.96,1052.3,59783.92,584,53,0,182.86
2026-09-06T08:07:35Z,247,msedgewebview2,2436,True,131.3,41.57,2303491.38,1435,53,0,5.64
2026-09-06T08:07:35Z,247,msedgewebview2,15152,True,12.23,2.98,2203900.73,179,8,0,0.2
2026-09-06T08:07:35Z,247,msedgewebview2,5520,True,98.27,139.81,2254183.6,712,33,0,2.22
2026-09-06T08:07:35Z,247,msedgewebview2,7436,True,44.3,14.19,2253643.63,375,21,0,1.59
2026-09-06T08:07:35Z,247,msedgewebview2,6164,True,20.5,9.3,2253431.09,186,10,0,0.23
2026-09-06T08:07:35Z,247,msedgewebview2,14668,True,99.41,49.49,3698902.14,339,28,0,0.92
2026-09-06T08:08:35Z,248,CloudOS,17500,True,74.45,29.98,57751.42,790,14,0,81.92
2026-09-06T08:08:35Z,248,CloudOS.Supervisor,23280,True,6.86,1.38,4187.85,83,1,0,3.03
2026-09-06T08:08:35Z,248,CloudOS.SystemBroker,23276,True,27.42,18.62,4246.54,181,5,0,48.83
2026-09-06T08:08:35Z,248,cloudos_flutter_shell,10800,True,221.96,1052.3,59783.92,584,53,0,183.17
2026-09-06T08:08:35Z,248,msedgewebview2,2436,True,131.3,41.58,2303491.38,1435,53,0,5.64
2026-09-06T08:08:35Z,248,msedgewebview2,15152,True,12.23,2.98,2203900.73,179,8,0,0.2
2026-09-06T08:08:35Z,248,msedgewebview2,5520,True,98.3,139.81,2254183.6,712,33,0,2.22
2026-09-06T08:08:35Z,248,msedgewebview2,7436,True,44.31,14.2,2253643.63,375,21,0,1.59
2026-09-06T08:08:35Z,248,msedgewebview2,6164,True,20.5,9.3,2253431.09,186,10,0,0.23
2026-09-06T08:08:35Z,248,msedgewebview2,14668,True,99.41,49.49,3698902.14,339,28,0,0.92
2026-09-06T08:09:35Z,249,CloudOS,17500,True,74.45,29.98,57751.42,790,14,0,82
2026-09-06T08:09:35Z,249,CloudOS.Supervisor,23280,True,6.86,1.38,4187.85,83,1,0,3.05
2026-09-06T08:09:35Z,249,CloudOS.SystemBroker,23276,True,27.42,18.62,4246.54,181,5,0,48.91
2026-09-06T08:09:35Z,249,cloudos_flutter_shell,10800,True,221.96,1052.3,59783.92,584,53,0,183.39
2026-09-06T08:09:35Z,249,msedgewebview2,2436,True,131.27,41.53,2303475.38,1435,52,0,5.64
2026-09-06T08:09:35Z,249,msedgewebview2,15152,True,12.24,2.99,2203900.73,179,8,0,0.2
2026-09-06T08:09:35Z,249,msedgewebview2,5520,True,98.3,139.81,2254183.6,712,33,0,2.22
2026-09-06T08:09:35Z,249,msedgewebview2,7436,True,44.3,14.19,2253643.63,375,21,0,1.61
2026-09-06T08:09:35Z,249,msedgewebview2,6164,True,20.5,9.3,2253431.09,186,10,0,0.23
2026-09-06T08:09:35Z,249,msedgewebview2,14668,True,99.41,49.49,3698902.14,339,28,0,0.92
2026-09-06T08:10:35Z,250,CloudOS,17500,True,74.45,29.98,57751.42,790,14,0,82.03
2026-09-06T08:10:35Z,250,CloudOS.Supervisor,23280,True,6.86,1.38,4187.85,83,1,0,3.06
2026-09-06T08:10:35Z,250,CloudOS.SystemBroker,23276,True,27.42,18.62,4246.54,181,5,0,49.05
2026-09-06T08:10:35Z,250,cloudos_flutter_shell,10800,True,221.96,1052.3,59783.92,584,53,0,183.64
2026-09-06T08:10:35Z,250,msedgewebview2,2436,True,131.27,41.53,2303475.38,1435,52,0,5.64
2026-09-06T08:10:35Z,250,msedgewebview2,15152,True,12.23,2.98,2203900.73,179,8,0,0.2
2026-09-06T08:10:35Z,250,msedgewebview2,5520,True,98.3,139.81,2254183.6,712,33,0,2.22
2026-09-06T08:10:35Z,250,msedgewebview2,7436,True,44.3,14.19,2253643.63,375,21,0,1.61
2026-09-06T08:10:35Z,250,msedgewebview2,6164,True,20.5,9.3,2253431.09,186,10,0,0.23
2026-09-06T08:10:35Z,250,msedgewebview2,14668,True,99.41,49.49,3698902.14,339,28,0,0.92
2026-09-06T08:11:35Z,251,CloudOS,17500,True,74.45,29.98,57751.42,790,14,0,82.12
2026-09-06T08:11:35Z,251,CloudOS.Supervisor,23280,True,6.86,1.38,4187.85,83,1,0,3.06
2026-09-06T08:11:35Z,251,CloudOS.SystemBroker,23276,True,27.42,18.62,4246.54,181,5,0,49.19
2026-09-06T08:11:35Z,251,cloudos_flutter_shell,10800,True,221.96,1052.3,59783.92,584,53,0,183.84
2026-09-06T08:11:35Z,251,msedgewebview2,2436,True,131.27,41.52,2303475.38,1435,52,0,5.64
2026-09-06T08:11:35Z,251,msedgewebview2,15152,True,12.23,2.98,2203900.73,179,8,0,0.2
2026-09-06T08:11:35Z,251,msedgewebview2,5520,True,98.3,139.81,2254183.6,712,33,0,2.22
2026-09-06T08:11:35Z,251,msedgewebview2,7436,True,44.3,14.19,2253643.63,375,21,0,1.61
2026-09-06T08:11:35Z,251,msedgewebview2,6164,True,20.5,9.3,2253431.09,186,10,0,0.23
2026-09-06T08:11:35Z,251,msedgewebview2,14668,True,99.41,49.49,3698902.14,339,28,0,0.92
2026-09-06T08:12:35Z,252,CloudOS,17500,True,74.45,29.98,57751.42,790,14,0,82.23
2026-09-06T08:12:35Z,252,CloudOS.Supervisor,23280,True,6.86,1.38,4187.85,83,1,0,3.06
2026-09-06T08:12:35Z,252,CloudOS.SystemBroker,23276,True,27.42,18.62,4246.54,181,5,0,49.5
2026-09-06T08:12:35Z,252,cloudos_flutter_shell,10800,True,221.96,1052.3,59783.92,584,53,0,184.11
2026-09-06T08:12:35Z,252,msedgewebview2,2436,True,131.31,41.61,2303507.38,1439,54,0,5.66
2026-09-06T08:12:35Z,252,msedgewebview2,15152,True,12.23,2.98,2203900.73,179,8,0,0.2
2026-09-06T08:12:35Z,252,msedgewebview2,5520,True,98.28,139.78,2254183.6,712,33,0,2.22
2026-09-06T08:12:35Z,252,msedgewebview2,7436,True,44.3,14.19,2253643.63,375,21,0,1.61
2026-09-06T08:12:35Z,252,msedgewebview2,6164,True,20.5,9.3,2253431.09,186,10,0,0.23
2026-09-06T08:12:35Z,252,msedgewebview2,14668,True,99.43,49.5,3698902.14,339,28,0,0.92
2026-09-06T08:13:36Z,253,CloudOS,17500,True,74.45,29.98,57751.42,790,14,0,82.31
2026-09-06T08:13:36Z,253,CloudOS.Supervisor,23280,True,6.86,1.38,4187.85,83,1,0,3.06
2026-09-06T08:13:36Z,253,CloudOS.SystemBroker,23276,True,27.42,18.62,4246.54,181,5,0,49.72
2026-09-06T08:13:36Z,253,cloudos_flutter_shell,10800,True,221.96,1052.3,59783.92,584,53,0,184.31
2026-09-06T08:13:36Z,253,msedgewebview2,2436,True,131.29,41.57,2303491.38,1437,53,0,5.66
2026-09-06T08:13:36Z,253,msedgewebview2,15152,True,12.23,2.98,2203900.73,179,8,0,0.2
2026-09-06T08:13:36Z,253,msedgewebview2,5520,True,98.28,139.78,2254183.6,712,33,0,2.22
2026-09-06T08:13:36Z,253,msedgewebview2,7436,True,44.31,14.2,2253643.63,375,21,0,1.61
2026-09-06T08:13:36Z,253,msedgewebview2,6164,True,20.5,9.3,2253431.09,186,10,0,0.23
2026-09-06T08:13:36Z,253,msedgewebview2,14668,True,99.42,49.49,3698902.14,339,28,0,0.92
2026-09-06T08:14:36Z,254,CloudOS,17500,True,74.45,29.97,57751.42,788,14,0,82.36
2026-09-06T08:14:36Z,254,CloudOS.Supervisor,23280,True,6.86,1.38,4187.85,83,1,0,3.06
2026-09-06T08:14:36Z,254,CloudOS.SystemBroker,23276,True,27.42,18.62,4246.54,181,5,0,49.92
2026-09-06T08:14:36Z,254,cloudos_flutter_shell,10800,True,221.96,1052.3,59783.92,584,53,0,184.59
2026-09-06T08:14:36Z,254,msedgewebview2,2436,True,131.32,41.62,2303507.38,1439,54,0,5.69
2026-09-06T08:14:36Z,254,msedgewebview2,15152,True,12.23,2.98,2203900.73,179,8,0,0.2
2026-09-06T08:14:36Z,254,msedgewebview2,5520,True,98.28,139.78,2254183.6,712,33,0,2.22
2026-09-06T08:14:36Z,254,msedgewebview2,7436,True,44.36,14.29,2253675.63,379,23,0,1.61
2026-09-06T08:14:36Z,254,msedgewebview2,6164,True,20.5,9.3,2253431.09,186,10,0,0.23
2026-09-06T08:14:36Z,254,msedgewebview2,14668,True,99.42,49.49,3698902.14,339,28,0,0.92
2026-09-06T08:15:36Z,255,CloudOS,17500,True,74.45,29.97,57751.42,790,14,0,82.41
2026-09-06T08:15:36Z,255,CloudOS.Supervisor,23280,True,6.86,1.38,4187.85,83,1,0,3.08
2026-09-06T08:15:36Z,255,CloudOS.SystemBroker,23276,True,27.42,18.62,4246.54,181,5,0,50.08
2026-09-06T08:15:36Z,255,cloudos_flutter_shell,10800,True,221.96,1052.3,59783.92,584,53,0,184.92
2026-09-06T08:15:36Z,255,msedgewebview2,2436,True,131.29,41.57,2303491.38,1437,53,0,5.69
2026-09-06T08:15:36Z,255,msedgewebview2,15152,True,12.23,2.98,2203900.73,179,8,0,0.2
2026-09-06T08:15:36Z,255,msedgewebview2,5520,True,98.28,139.78,2254183.6,712,33,0,2.22
2026-09-06T08:15:36Z,255,msedgewebview2,7436,True,44.33,14.23,2253659.63,377,22,0,1.61
2026-09-06T08:15:36Z,255,msedgewebview2,6164,True,20.5,9.3,2253431.09,186,10,0,0.23
2026-09-06T08:15:36Z,255,msedgewebview2,14668,True,99.43,49.5,3698902.14,339,28,0,0.92
2026-09-06T08:16:36Z,256,CloudOS,17500,True,74.45,29.97,57751.42,788,14,0,82.44
2026-09-06T08:16:36Z,256,CloudOS.Supervisor,23280,True,6.86,1.38,4187.85,83,1,0,3.08
2026-09-06T08:16:36Z,256,CloudOS.SystemBroker,23276,True,27.42,18.62,4246.54,181,5,0,50.22
2026-09-06T08:16:36Z,256,cloudos_flutter_shell,10800,True,221.95,1052.27,59782.92,584,52,0,185.23
2026-09-06T08:16:36Z,256,msedgewebview2,2436,True,131.29,41.57,2303491.38,1437,53,0,5.69
2026-09-06T08:16:36Z,256,msedgewebview2,15152,True,12.23,2.98,2203900.73,179,8,0,0.2
2026-09-06T08:16:36Z,256,msedgewebview2,5520,True,98.28,139.78,2254183.6,712,33,0,2.22
2026-09-06T08:16:36Z,256,msedgewebview2,7436,True,44.33,14.23,2253659.63,377,22,0,1.61
2026-09-06T08:16:36Z,256,msedgewebview2,6164,True,20.5,9.3,2253431.09,186,10,0,0.23
2026-09-06T08:16:36Z,256,msedgewebview2,14668,True,99.42,49.49,3698902.14,339,28,0,0.92
2026-09-06T08:17:36Z,257,CloudOS,17500,True,74.45,29.97,57751.42,790,14,0,82.55
2026-09-06T08:17:36Z,257,CloudOS.Supervisor,23280,True,6.86,1.38,4187.85,83,1,0,3.09
2026-09-06T08:17:36Z,257,CloudOS.SystemBroker,23276,True,27.42,18.62,4246.54,181,5,0,50.36
2026-09-06T08:17:36Z,257,cloudos_flutter_shell,10800,True,221.98,1052.29,59783.92,584,53,0,185.58
2026-09-06T08:17:36Z,257,msedgewebview2,2436,True,131.29,41.57,2303491.38,1437,53,0,5.69
2026-09-06T08:17:36Z,257,msedgewebview2,15152,True,12.23,2.98,2203900.73,179,8,0,0.2
2026-09-06T08:17:36Z,257,msedgewebview2,5520,True,98.29,139.78,2254183.6,712,33,0,2.22
2026-09-06T08:17:36Z,257,msedgewebview2,7436,True,44.31,14.19,2253643.63,375,21,0,1.61
2026-09-06T08:17:36Z,257,msedgewebview2,6164,True,20.5,9.3,2253431.09,186,10,0,0.23
2026-09-06T08:17:36Z,257,msedgewebview2,14668,True,99.42,49.49,3698902.14,339,28,0,0.92
2026-09-06T08:18:36Z,258,CloudOS,17500,True,74.45,29.98,57751.42,790,14,0,82.61
2026-09-06T08:18:36Z,258,CloudOS.Supervisor,23280,True,6.86,1.38,4187.85,83,1,0,3.09
2026-09-06T08:18:36Z,258,CloudOS.SystemBroker,23276,True,27.42,18.62,4246.54,181,5,0,50.61
2026-09-06T08:18:36Z,258,cloudos_flutter_shell,10800,True,221.98,1052.29,59783.92,584,53,0,185.81
2026-09-06T08:18:36Z,258,msedgewebview2,2436,True,131.27,41.53,2303475.38,1435,52,0,5.7
2026-09-06T08:18:36Z,258,msedgewebview2,15152,True,12.23,2.98,2203900.73,179,8,0,0.2
2026-09-06T08:18:36Z,258,msedgewebview2,5520,True,98.28,139.78,2254183.6,712,33,0,2.22
2026-09-06T08:18:36Z,258,msedgewebview2,7436,True,44.31,14.19,2253643.63,375,21,0,1.61
2026-09-06T08:18:36Z,258,msedgewebview2,6164,True,20.5,9.3,2253431.09,186,10,0,0.23
2026-09-06T08:18:36Z,258,msedgewebview2,14668,True,99.42,49.49,3698902.14,339,28,0,0.92
2026-09-06T08:19:36Z,259,CloudOS,17500,True,74.48,30.02,57751.42,790,14,0,82.67
2026-09-06T08:19:36Z,259,CloudOS.Supervisor,23280,True,6.86,1.38,4187.85,83,1,0,3.09
2026-09-06T08:19:36Z,259,CloudOS.SystemBroker,23276,True,27.42,18.62,4246.54,181,5,0,50.84
2026-09-06T08:19:36Z,259,cloudos_flutter_shell,10800,True,221.96,1052.29,59783.92,584,53,0,186.05
2026-09-06T08:19:36Z,259,msedgewebview2,2436,True,131.27,41.53,2303475.38,1435,52,0,5.7
2026-09-06T08:19:36Z,259,msedgewebview2,15152,True,12.23,2.98,2203900.73,179,8,0,0.2
2026-09-06T08:19:36Z,259,msedgewebview2,5520,True,98.27,139.78,2254183.6,712,33,0,2.22
2026-09-06T08:19:36Z,259,msedgewebview2,7436,True,44.3,14.19,2253643.63,375,21,0,1.61
2026-09-06T08:19:36Z,259,msedgewebview2,6164,True,20.5,9.3,2253431.09,186,10,0,0.23
2026-09-06T08:19:36Z,259,msedgewebview2,14668,True,99.42,49.49,3698902.14,339,28,0,0.92
2026-09-06T08:20:37Z,260,CloudOS,17500,True,74.48,30.02,57751.42,790,14,0,82.73
2026-09-06T08:20:37Z,260,CloudOS.Supervisor,23280,True,6.86,1.38,4187.85,83,1,0,3.09
2026-09-06T08:20:37Z,260,CloudOS.SystemBroker,23276,True,27.42,18.62,4246.54,181,5,0,51
2026-09-06T08:20:37Z,260,cloudos_flutter_shell,10800,True,221.97,1052.3,59783.92,584,53,0,186.28
2026-09-06T08:20:37Z,260,msedgewebview2,2436,True,131.27,41.52,2303475.38,1435,52,0,5.72
2026-09-06T08:20:37Z,260,msedgewebview2,15152,True,12.23,2.98,2203900.73,179,8,0,0.2
2026-09-06T08:20:37Z,260,msedgewebview2,5520,True,98.27,139.78,2254183.6,712,33,0,2.22
2026-09-06T08:20:37Z,260,msedgewebview2,7436,True,44.3,14.19,2253643.63,375,21,0,1.61
2026-09-06T08:20:37Z,260,msedgewebview2,6164,True,20.5,9.3,2253431.09,186,10,0,0.23
2026-09-06T08:20:37Z,260,msedgewebview2,14668,True,99.42,49.49,3698902.14,339,28,0,0.92
2026-09-06T08:21:37Z,261,CloudOS,17500,True,74.48,30.02,57751.42,790,14,0,82.8
2026-09-06T08:21:37Z,261,CloudOS.Supervisor,23280,True,6.86,1.38,4187.85,83,1,0,3.11
2026-09-06T08:21:37Z,261,CloudOS.SystemBroker,23276,True,27.42,18.62,4246.54,181,5,0,51.12
2026-09-06T08:21:37Z,261,cloudos_flutter_shell,10800,True,221.97,1052.3,59783.92,584,53,0,186.52
2026-09-06T08:21:37Z,261,msedgewebview2,2436,True,131.46,41.74,2303491.38,1435,53,0,5.75
2026-09-06T08:21:37Z,261,msedgewebview2,15152,True,12.23,2.98,2203900.73,179,8,0,0.2
2026-09-06T08:21:37Z,261,msedgewebview2,5520,True,98.46,139.96,2254183.6,712,33,0,2.22
2026-09-06T08:21:37Z,261,msedgewebview2,7436,True,44.31,14.2,2253643.63,375,21,0,1.61
2026-09-06T08:21:37Z,261,msedgewebview2,6164,True,20.5,9.3,2253431.09,186,10,0,0.23
2026-09-06T08:21:37Z,261,msedgewebview2,14668,True,99.42,49.49,3698902.14,339,28,0,0.92
2026-09-06T08:22:37Z,262,CloudOS,17500,True,74.48,30.02,57751.42,790,14,0,82.84
2026-09-06T08:22:37Z,262,CloudOS.Supervisor,23280,True,6.86,1.38,4187.85,83,1,0,3.11
2026-09-06T08:22:37Z,262,CloudOS.SystemBroker,23276,True,27.42,18.62,4246.54,181,5,0,51.31
2026-09-06T08:22:37Z,262,cloudos_flutter_shell,10800,True,221.97,1052.3,59783.92,584,53,0,186.81
2026-09-06T08:22:37Z,262,msedgewebview2,2436,True,131.46,41.74,2303491.38,1435,53,0,5.75
2026-09-06T08:22:37Z,262,msedgewebview2,15152,True,12.23,2.98,2203900.73,179,8,0,0.2
2026-09-06T08:22:37Z,262,msedgewebview2,5520,True,98.3,139.81,2254183.6,712,33,0,2.22
2026-09-06T08:22:37Z,262,msedgewebview2,7436,True,44.3,14.19,2253643.63,375,21,0,1.61
2026-09-06T08:22:37Z,262,msedgewebview2,6164,True,20.5,9.3,2253431.09,186,10,0,0.23
2026-09-06T08:22:37Z,262,msedgewebview2,14668,True,99.43,49.49,3698902.14,339,28,0,0.92
2026-09-06T08:23:37Z,263,CloudOS,17500,True,74.48,30.02,57751.42,788,14,0,82.97
2026-09-06T08:23:37Z,263,CloudOS.Supervisor,23280,True,6.86,1.38,4187.85,83,1,0,3.11
2026-09-06T08:23:37Z,263,CloudOS.SystemBroker,23276,True,27.42,18.62,4246.54,181,5,0,51.38
2026-09-06T08:23:37Z,263,cloudos_flutter_shell,10800,True,221.97,1052.3,59783.92,584,53,0,187.08
2026-09-06T08:23:37Z,263,msedgewebview2,2436,True,131.44,41.69,2303475.38,1435,52,0,5.75
2026-09-06T08:23:37Z,263,msedgewebview2,15152,True,12.24,2.99,2203900.73,179,8,0,0.2
2026-09-06T08:23:37Z,263,msedgewebview2,5520,True,98.3,139.81,2254183.6,712,33,0,2.22
2026-09-06T08:23:37Z,263,msedgewebview2,7436,True,44.3,14.19,2253643.63,375,21,0,1.61
2026-09-06T08:23:37Z,263,msedgewebview2,6164,True,20.5,9.3,2253431.09,186,10,0,0.23
2026-09-06T08:23:37Z,263,msedgewebview2,14668,True,99.43,49.5,3698902.14,339,28,0,0.94
2026-09-06T08:24:37Z,264,CloudOS,17500,True,74.48,30.02,57751.42,790,14,0,83.03
2026-09-06T08:24:37Z,264,CloudOS.Supervisor,23280,True,6.86,1.38,4187.85,83,1,0,3.11
2026-09-06T08:24:37Z,264,CloudOS.SystemBroker,23276,True,27.42,18.62,4246.54,181,5,0,51.53
2026-09-06T08:24:37Z,264,cloudos_flutter_shell,10800,True,221.97,1052.3,59783.92,584,53,0,187.31
2026-09-06T08:24:37Z,264,msedgewebview2,2436,True,131.49,41.79,2303507.38,1437,54,0,5.77
2026-09-06T08:24:37Z,264,msedgewebview2,15152,True,12.24,2.99,2203900.73,179,8,0,0.2
2026-09-06T08:24:37Z,264,msedgewebview2,5520,True,98.3,139.81,2254183.6,712,33,0,2.23
2026-09-06T08:24:37Z,264,msedgewebview2,7436,True,44.35,14.28,2253675.63,377,23,0,1.61
2026-09-06T08:24:37Z,264,msedgewebview2,6164,True,20.5,9.3,2253431.09,186,10,0,0.23
2026-09-06T08:24:37Z,264,msedgewebview2,14668,True,99.43,49.49,3698902.14,339,28,0,0.94
2026-09-06T08:25:37Z,265,CloudOS,17500,True,74.48,30.02,57751.42,788,14,0,83.08
2026-09-06T08:25:37Z,265,CloudOS.Supervisor,23280,True,6.86,1.38,4187.85,83,1,0,3.11
2026-09-06T08:25:37Z,265,CloudOS.SystemBroker,23276,True,27.42,18.62,4246.54,181,5,0,51.7
2026-09-06T08:25:37Z,265,cloudos_flutter_shell,10800,True,221.97,1052.3,59783.92,584,53,0,187.53
2026-09-06T08:25:37Z,265,msedgewebview2,2436,True,131.53,41.88,2303507.38,1437,54,0,5.77
2026-09-06T08:25:37Z,265,msedgewebview2,15152,True,12.23,2.98,2203900.73,179,8,0,0.2
2026-09-06T08:25:37Z,265,msedgewebview2,5520,True,98.25,139.73,2254167.6,712,32,0,2.23
2026-09-06T08:25:37Z,265,msedgewebview2,7436,True,44.35,14.28,2253675.63,377,23,0,1.61
2026-09-06T08:25:37Z,265,msedgewebview2,6164,True,20.5,9.3,2253431.09,186,10,0,0.23
2026-09-06T08:25:37Z,265,msedgewebview2,14668,True,99.43,49.5,3698902.14,339,28,0,0.94
2026-09-06T08:26:38Z,266,CloudOS,17500,True,74.49,30.02,57751.42,790,14,0,83.16
2026-09-06T08:26:38Z,266,CloudOS.Supervisor,23280,True,6.86,1.38,4187.85,83,1,0,3.11
2026-09-06T08:26:38Z,266,CloudOS.SystemBroker,23276,True,27.42,18.62,4246.54,181,5,0,51.8
2026-09-06T08:26:38Z,266,cloudos_flutter_shell,10800,True,221.97,1052.3,59783.92,584,53,0,187.75
2026-09-06T08:26:38Z,266,msedgewebview2,2436,True,131.53,41.83,2303507.38,1440,54,0,5.77
2026-09-06T08:26:38Z,266,msedgewebview2,15152,True,12.23,2.98,2203900.73,179,8,0,0.2
2026-09-06T08:26:38Z,266,msedgewebview2,5520,True,98.3,139.81,2254183.6,712,33,0,2.25
2026-09-06T08:26:38Z,266,msedgewebview2,7436,True,44.35,14.28,2253675.63,377,23,0,1.61
2026-09-06T08:26:38Z,266,msedgewebview2,6164,True,20.5,9.3,2253431.09,186,10,0,0.23
2026-09-06T08:26:38Z,266,msedgewebview2,14668,True,99.43,49.49,3698902.14,339,28,0,0.94
2026-09-06T08:27:38Z,267,CloudOS,17500,True,74.47,30,57750.42,788,13,0,83.22
2026-09-06T08:27:38Z,267,CloudOS.Supervisor,23280,True,6.86,1.38,4187.85,83,1,0,3.11
2026-09-06T08:27:38Z,267,CloudOS.SystemBroker,23276,True,27.42,18.62,4246.54,181,5,0,51.97
2026-09-06T08:27:38Z,267,cloudos_flutter_shell,10800,True,221.97,1052.3,59783.92,584,53,0,188.12
2026-09-06T08:27:38Z,267,msedgewebview2,2436,True,131.53,41.88,2303507.38,1439,54,0,5.77
2026-09-06T08:27:38Z,267,msedgewebview2,15152,True,12.23,2.98,2203900.73,179,8,0,0.2
2026-09-06T08:27:38Z,267,msedgewebview2,5520,True,98.31,139.81,2254183.6,712,33,0,2.25
2026-09-06T08:27:38Z,267,msedgewebview2,7436,True,44.31,14.2,2253643.63,375,21,0,1.61
2026-09-06T08:27:38Z,267,msedgewebview2,6164,True,20.5,9.3,2253431.09,186,10,0,0.23
2026-09-06T08:27:38Z,267,msedgewebview2,14668,True,99.43,49.49,3698902.14,339,28,0,0.94
2026-09-06T08:28:38Z,268,CloudOS,17500,True,74.48,30.02,57751.42,790,14,0,83.28
2026-09-06T08:28:38Z,268,CloudOS.Supervisor,23280,True,6.86,1.38,4187.85,83,1,0,3.12
2026-09-06T08:28:38Z,268,CloudOS.SystemBroker,23276,True,27.42,18.62,4246.54,181,5,0,52.16
2026-09-06T08:28:38Z,268,cloudos_flutter_shell,10800,True,221.97,1052.3,59783.92,584,53,0,188.45
2026-09-06T08:28:38Z,268,msedgewebview2,2436,True,131.47,41.74,2303491.38,1437,53,0,5.78
2026-09-06T08:28:38Z,268,msedgewebview2,15152,True,12.23,2.98,2203900.73,179,8,0,0.2
2026-09-06T08:28:38Z,268,msedgewebview2,5520,True,98.3,139.81,2254183.6,712,33,0,2.25
2026-09-06T08:28:38Z,268,msedgewebview2,7436,True,44.31,14.2,2253643.63,375,21,0,1.61
2026-09-06T08:28:38Z,268,msedgewebview2,6164,True,20.5,9.3,2253431.09,186,10,0,0.23
2026-09-06T08:28:38Z,268,msedgewebview2,14668,True,99.43,49.5,3698902.14,339,28,0,0.94
2026-09-06T08:29:38Z,269,CloudOS,17500,True,74.49,30.02,57751.42,790,14,0,83.38
2026-09-06T08:29:38Z,269,CloudOS.Supervisor,23280,True,6.86,1.38,4187.85,83,1,0,3.12
2026-09-06T08:29:38Z,269,CloudOS.SystemBroker,23276,True,27.42,18.62,4246.54,181,5,0,52.36
2026-09-06T08:29:38Z,269,cloudos_flutter_shell,10800,True,221.97,1052.3,59783.92,584,53,0,188.66
2026-09-06T08:29:38Z,269,msedgewebview2,2436,True,131.53,41.88,2303507.38,1439,54,0,5.78
2026-09-06T08:29:38Z,269,msedgewebview2,15152,True,12.23,2.98,2203900.73,179,8,0,0.2
2026-09-06T08:29:38Z,269,msedgewebview2,5520,True,98.3,139.81,2254183.6,712,33,0,2.25
2026-09-06T08:29:38Z,269,msedgewebview2,7436,True,44.35,14.28,2253675.63,377,23,0,1.61
2026-09-06T08:29:38Z,269,msedgewebview2,6164,True,20.5,9.3,2253431.09,186,10,0,0.23
2026-09-06T08:29:38Z,269,msedgewebview2,14668,True,99.43,49.49,3698902.14,339,28,0,0.94
2026-09-06T08:30:38Z,270,CloudOS,17500,True,74.49,30.02,57751.42,790,14,0,83.45
2026-09-06T08:30:38Z,270,CloudOS.Supervisor,23280,True,6.86,1.38,4187.85,83,1,0,3.12
2026-09-06T08:30:38Z,270,CloudOS.SystemBroker,23276,True,27.42,18.62,4246.54,181,5,0,52.45
2026-09-06T08:30:38Z,270,cloudos_flutter_shell,10800,True,221.97,1052.3,59783.92,584,53,0,188.91
2026-09-06T08:30:38Z,270,msedgewebview2,2436,True,131.48,41.78,2303507.38,1439,54,0,5.78
2026-09-06T08:30:38Z,270,msedgewebview2,15152,True,12.23,2.98,2203900.73,179,8,0,0.2
2026-09-06T08:30:38Z,270,msedgewebview2,5520,True,98.3,139.81,2254183.6,712,33,0,2.25
2026-09-06T08:30:38Z,270,msedgewebview2,7436,True,44.34,14.27,2253675.63,377,23,0,1.61
2026-09-06T08:30:38Z,270,msedgewebview2,6164,True,20.5,9.3,2253431.09,186,10,0,0.23
2026-09-06T08:30:38Z,270,msedgewebview2,14668,True,99.43,49.49,3698902.14,339,28,0,0.94
2026-09-06T08:31:38Z,271,CloudOS,17500,True,74.49,30.02,57751.42,790,14,0,83.52
2026-09-06T08:31:38Z,271,CloudOS.Supervisor,23280,True,6.86,1.38,4187.85,83,1,0,3.12
2026-09-06T08:31:38Z,271,CloudOS.SystemBroker,23276,True,27.42,18.62,4246.54,181,5,0,52.56
2026-09-06T08:31:38Z,271,cloudos_flutter_shell,10800,True,221.97,1052.3,59783.92,584,53,0,189.16
2026-09-06T08:31:38Z,271,msedgewebview2,2436,True,131.46,41.73,2303491.38,1435,53,0,5.78
2026-09-06T08:31:38Z,271,msedgewebview2,15152,True,12.23,2.98,2203900.73,179,8,0,0.2
2026-09-06T08:31:38Z,271,msedgewebview2,5520,True,98.3,139.81,2254183.6,712,33,0,2.25
2026-09-06T08:31:38Z,271,msedgewebview2,7436,True,44.31,14.2,2253643.63,375,21,0,1.61
2026-09-06T08:31:38Z,271,msedgewebview2,6164,True,20.5,9.3,2253431.09,186,10,0,0.23
2026-09-06T08:31:38Z,271,msedgewebview2,14668,True,99.43,49.5,3698902.14,339,28,0,0.94
2026-09-06T08:32:39Z,272,CloudOS,17500,True,74.49,30.02,57751.42,788,14,0,83.53
2026-09-06T08:32:39Z,272,CloudOS.Supervisor,23280,True,6.86,1.38,4187.85,83,1,0,3.12
2026-09-06T08:32:39Z,272,CloudOS.SystemBroker,23276,True,27.42,18.62,4246.54,181,5,0,52.83
2026-09-06T08:32:39Z,272,cloudos_flutter_shell,10800,True,221.97,1052.3,59783.92,584,53,0,189.42
2026-09-06T08:32:39Z,272,msedgewebview2,2436,True,131.35,41.62,2303491.38,1435,53,0,5.8
2026-09-06T08:32:39Z,272,msedgewebview2,15152,True,12.24,2.99,2203900.73,179,8,0,0.2
2026-09-06T08:32:39Z,272,msedgewebview2,5520,True,98.3,139.81,2254183.6,712,33,0,2.25
2026-09-06T08:32:39Z,272,msedgewebview2,7436,True,44.31,14.19,2253643.63,375,21,0,1.61
2026-09-06T08:32:39Z,272,msedgewebview2,6164,True,20.5,9.3,2253431.09,186,10,0,0.23
2026-09-06T08:32:39Z,272,msedgewebview2,14668,True,99.43,49.5,3698902.14,339,28,0,0.94
2026-09-06T08:33:39Z,273,CloudOS,17500,True,74.49,30.02,57751.42,790,14,0,83.59
2026-09-06T08:33:39Z,273,CloudOS.Supervisor,23280,True,6.86,1.38,4187.85,83,1,0,3.12
2026-09-06T08:33:39Z,273,CloudOS.SystemBroker,23276,True,27.42,18.62,4246.54,181,5,0,52.91
2026-09-06T08:33:39Z,273,cloudos_flutter_shell,10800,True,221.97,1052.3,59783.92,584,53,0,189.62
2026-09-06T08:33:39Z,273,msedgewebview2,2436,True,131.33,41.58,2303475.38,1435,52,0,5.81
2026-09-06T08:33:39Z,273,msedgewebview2,15152,True,12.23,2.98,2203900.73,179,8,0,0.2
2026-09-06T08:33:39Z,273,msedgewebview2,5520,True,98.3,139.81,2254183.6,712,33,0,2.25
2026-09-06T08:33:39Z,273,msedgewebview2,7436,True,44.31,14.19,2253643.63,375,21,0,1.61
2026-09-06T08:33:39Z,273,msedgewebview2,6164,True,20.5,9.3,2253431.09,186,10,0,0.23
2026-09-06T08:33:39Z,273,msedgewebview2,14668,True,99.43,49.49,3698902.14,339,28,0,0.94
2026-09-06T08:34:39Z,274,CloudOS,17500,True,74.49,30.02,57751.42,788,14,0,83.7
2026-09-06T08:34:39Z,274,CloudOS.Supervisor,23280,True,6.86,1.38,4187.85,83,1,0,3.14
2026-09-06T08:34:39Z,274,CloudOS.SystemBroker,23276,True,27.42,18.62,4246.54,181,5,0,53.02
2026-09-06T08:34:39Z,274,cloudos_flutter_shell,10800,True,221.96,1052.3,59783.92,584,53,0,189.88
2026-09-06T08:34:39Z,274,msedgewebview2,2436,True,131.38,41.68,2303507.38,1437,54,0,5.81
2026-09-06T08:34:39Z,274,msedgewebview2,15152,True,12.23,2.98,2203900.73,179,8,0,0.2
2026-09-06T08:34:39Z,274,msedgewebview2,5520,True,98.25,139.74,2254167.6,712,32,0,2.25
2026-09-06T08:34:39Z,274,msedgewebview2,7436,True,44.34,14.28,2253675.63,377,23,0,1.61
2026-09-06T08:34:39Z,274,msedgewebview2,6164,True,20.5,9.3,2253431.09,186,10,0,0.23
2026-09-06T08:34:39Z,274,msedgewebview2,14668,True,99.43,49.49,3698902.14,339,28,0,0.94
2026-09-06T08:35:39Z,275,CloudOS,17500,True,74.49,30.02,57751.42,790,14,0,83.83
2026-09-06T08:35:39Z,275,CloudOS.Supervisor,23280,True,6.86,1.38,4187.85,83,1,0,3.14
2026-09-06T08:35:39Z,275,CloudOS.SystemBroker,23276,True,27.42,18.62,4246.54,181,5,0,53.27
2026-09-06T08:35:39Z,275,cloudos_flutter_shell,10800,True,221.96,1052.3,59783.92,584,53,0,190.11
2026-09-06T08:35:39Z,275,msedgewebview2,2436,True,131.33,41.59,2303475.38,1435,52,0,5.81
2026-09-06T08:35:39Z,275,msedgewebview2,15152,True,12.23,2.98,2203900.73,179,8,0,0.2
2026-09-06T08:35:39Z,275,msedgewebview2,5520,True,98.28,139.78,2254183.6,712,33,0,2.25
2026-09-06T08:35:39Z,275,msedgewebview2,7436,True,44.31,14.2,2253643.63,375,21,0,1.61
2026-09-06T08:35:39Z,275,msedgewebview2,6164,True,20.5,9.3,2253431.09,186,10,0,0.23
2026-09-06T08:35:39Z,275,msedgewebview2,14668,True,99.43,49.49,3698902.14,339,28,0,0.94
2026-09-06T08:36:39Z,276,CloudOS,17500,True,74.49,30.02,57751.42,788,14,0,83.89
2026-09-06T08:36:39Z,276,CloudOS.Supervisor,23280,True,6.86,1.38,4187.85,83,1,0,3.16
2026-09-06T08:36:39Z,276,CloudOS.SystemBroker,23276,True,27.42,18.62,4246.54,181,5,0,53.42
2026-09-06T08:36:39Z,276,cloudos_flutter_shell,10800,True,221.96,1052.3,59783.92,584,53,0,190.47
2026-09-06T08:36:39Z,276,msedgewebview2,2436,True,131.35,41.63,2303491.38,1435,53,0,5.83
2026-09-06T08:36:39Z,276,msedgewebview2,15152,True,12.23,2.98,2203900.73,179,8,0,0.2
2026-09-06T08:36:39Z,276,msedgewebview2,5520,True,98.28,139.78,2254183.6,712,33,0,2.25
2026-09-06T08:36:39Z,276,msedgewebview2,7436,True,44.31,14.2,2253643.63,375,21,0,1.61
2026-09-06T08:36:39Z,276,msedgewebview2,6164,True,20.5,9.3,2253431.09,186,10,0,0.23
2026-09-06T08:36:39Z,276,msedgewebview2,14668,True,99.43,49.49,3698902.14,339,28,0,0.94
2026-09-06T08:37:39Z,277,CloudOS,17500,True,74.49,30.02,57751.42,790,14,0,83.97
2026-09-06T08:37:39Z,277,CloudOS.Supervisor,23280,True,6.86,1.38,4187.85,83,1,0,3.16
2026-09-06T08:37:39Z,277,CloudOS.SystemBroker,23276,True,27.42,18.62,4246.54,181,5,0,53.58
2026-09-06T08:37:39Z,277,cloudos_flutter_shell,10800,True,221.96,1052.3,59783.92,584,53,0,190.61
2026-09-06T08:37:39Z,277,msedgewebview2,2436,True,131.36,41.63,2303491.38,1435,53,0,5.83
2026-09-06T08:37:39Z,277,msedgewebview2,15152,True,12.23,2.98,2203900.73,179,8,0,0.2
2026-09-06T08:37:39Z,277,msedgewebview2,5520,True,98.27,139.78,2254183.6,712,33,0,2.25
2026-09-06T08:37:39Z,277,msedgewebview2,7436,True,44.31,14.2,2253643.63,375,21,0,1.61
2026-09-06T08:37:39Z,277,msedgewebview2,6164,True,20.5,9.3,2253431.09,186,10,0,0.23
2026-09-06T08:37:39Z,277,msedgewebview2,14668,True,99.43,49.49,3698902.14,339,28,0,0.94
2026-09-06T08:38:39Z,278,CloudOS,17500,True,74.49,30.02,57751.42,790,14,0,84.02
2026-09-06T08:38:39Z,278,CloudOS.Supervisor,23280,True,6.86,1.38,4187.85,83,1,0,3.16
2026-09-06T08:38:39Z,278,CloudOS.SystemBroker,23276,True,27.42,18.62,4246.54,181,5,0,53.69
2026-09-06T08:38:39Z,278,cloudos_flutter_shell,10800,True,221.96,1052.3,59783.92,584,53,0,190.78
2026-09-06T08:38:39Z,278,msedgewebview2,2436,True,131.33,41.59,2303475.38,1435,52,0,5.83
2026-09-06T08:38:39Z,278,msedgewebview2,15152,True,12.23,2.98,2203900.73,179,8,0,0.2
2026-09-06T08:38:39Z,278,msedgewebview2,5520,True,98.27,139.78,2254183.6,712,33,0,2.25
2026-09-06T08:38:39Z,278,msedgewebview2,7436,True,44.3,14.19,2253643.63,375,21,0,1.61
2026-09-06T08:38:39Z,278,msedgewebview2,6164,True,20.5,9.3,2253431.09,186,10,0,0.23
2026-09-06T08:38:39Z,278,msedgewebview2,14668,True,99.43,49.49,3698902.14,339,28,0,0.94
2026-09-06T08:39:40Z,279,CloudOS,17500,True,74.49,30.02,57751.42,790,14,0,84.12
2026-09-06T08:39:40Z,279,CloudOS.Supervisor,23280,True,6.86,1.38,4187.85,83,1,0,3.19
2026-09-06T08:39:40Z,279,CloudOS.SystemBroker,23276,True,27.42,18.62,4246.54,181,5,0,53.94
2026-09-06T08:39:40Z,279,cloudos_flutter_shell,10800,True,221.96,1052.3,59783.92,584,53,0,191.11
2026-09-06T08:39:40Z,279,msedgewebview2,2436,True,131.33,41.59,2303475.38,1435,52,0,5.83
2026-09-06T08:39:40Z,279,msedgewebview2,15152,True,12.24,2.99,2203900.73,179,8,0,0.2
2026-09-06T08:39:40Z,279,msedgewebview2,5520,True,98.28,139.78,2254183.6,712,33,0,2.25
2026-09-06T08:39:40Z,279,msedgewebview2,7436,True,44.31,14.2,2253643.63,375,21,0,1.61
2026-09-06T08:39:40Z,279,msedgewebview2,6164,True,20.5,9.3,2253431.09,186,10,0,0.23
2026-09-06T08:39:40Z,279,msedgewebview2,14668,True,99.43,49.49,3698902.14,339,28,0,0.94
2026-09-06T08:40:40Z,280,CloudOS,17500,True,74.49,30.02,57751.42,790,14,0,84.23
2026-09-06T08:40:40Z,280,CloudOS.Supervisor,23280,True,6.86,1.38,4187.85,83,1,0,3.19
2026-09-06T08:40:40Z,280,CloudOS.SystemBroker,23276,True,27.42,18.62,4246.54,181,5,0,54.11
2026-09-06T08:40:40Z,280,cloudos_flutter_shell,10800,True,221.96,1052.3,59783.92,584,53,0,191.33
2026-09-06T08:40:40Z,280,msedgewebview2,2436,True,131.33,41.58,2303475.38,1435,52,0,5.83
2026-09-06T08:40:40Z,280,msedgewebview2,15152,True,12.23,2.98,2203900.73,179,8,0,0.2
2026-09-06T08:40:40Z,280,msedgewebview2,5520,True,98.28,139.78,2254183.6,712,33,0,2.25
2026-09-06T08:40:40Z,280,msedgewebview2,7436,True,44.31,14.2,2253643.63,375,21,0,1.61
2026-09-06T08:40:40Z,280,msedgewebview2,6164,True,20.5,9.3,2253431.09,186,10,0,0.23
2026-09-06T08:40:40Z,280,msedgewebview2,14668,True,99.43,49.49,3698902.14,339,28,0,0.94
2026-09-06T08:41:40Z,281,CloudOS,17500,True,74.49,30.02,57751.42,790,14,0,84.36
2026-09-06T08:41:40Z,281,CloudOS.Supervisor,23280,True,6.86,1.38,4187.85,83,1,0,3.19
2026-09-06T08:41:40Z,281,CloudOS.SystemBroker,23276,True,27.42,18.62,4246.54,181,5,0,54.31
2026-09-06T08:41:40Z,281,cloudos_flutter_shell,10800,True,221.96,1052.3,59783.92,584,53,0,191.66
2026-09-06T08:41:40Z,281,msedgewebview2,2436,True,131.43,41.72,2303507.38,1438,54,0,5.86
2026-09-06T08:41:40Z,281,msedgewebview2,15152,True,12.24,2.99,2203900.73,179,8,0,0.2
2026-09-06T08:41:40Z,281,msedgewebview2,5520,True,98.28,139.78,2254183.6,712,33,0,2.25
2026-09-06T08:41:40Z,281,msedgewebview2,7436,True,44.3,14.19,2253643.63,375,21,0,1.61
2026-09-06T08:41:40Z,281,msedgewebview2,6164,True,20.5,9.3,2253431.09,186,10,0,0.23
2026-09-06T08:41:40Z,281,msedgewebview2,14668,True,99.43,49.49,3698902.14,339,28,0,0.94
2026-09-06T08:42:40Z,282,CloudOS,17500,True,74.49,30.02,57751.42,790,14,0,84.39
2026-09-06T08:42:40Z,282,CloudOS.Supervisor,23280,True,6.86,1.38,4187.85,83,1,0,3.22
2026-09-06T08:42:40Z,282,CloudOS.SystemBroker,23276,True,27.42,18.62,4246.54,181,5,0,54.52
2026-09-06T08:42:40Z,282,cloudos_flutter_shell,10800,True,221.96,1052.3,59783.92,584,53,0,191.95
2026-09-06T08:42:40Z,282,msedgewebview2,2436,True,131.39,41.69,2303507.38,1437,54,0,5.86
2026-09-06T08:42:40Z,282,msedgewebview2,15152,True,12.24,2.99,2203900.73,179,8,0,0.2
2026-09-06T08:42:40Z,282,msedgewebview2,5520,True,98.31,139.81,2254183.6,712,33,0,2.25
2026-09-06T08:42:40Z,282,msedgewebview2,7436,True,44.31,14.2,2253643.63,375,21,0,1.61
2026-09-06T08:42:40Z,282,msedgewebview2,6164,True,20.5,9.3,2253431.09,186,10,0,0.23
2026-09-06T08:42:40Z,282,msedgewebview2,14668,True,99.43,49.49,3698902.14,339,28,0,0.95
2026-09-06T08:43:40Z,283,CloudOS,17500,True,74.49,30.02,57751.42,788,14,0,84.48
2026-09-06T08:43:40Z,283,CloudOS.Supervisor,23280,True,6.86,1.38,4187.85,83,1,0,3.25
2026-09-06T08:43:40Z,283,CloudOS.SystemBroker,23276,True,27.42,18.62,4246.54,181,5,0,54.78
2026-09-06T08:43:40Z,283,cloudos_flutter_shell,10800,True,221.96,1052.3,59783.92,584,53,0,192.23
2026-09-06T08:43:40Z,283,msedgewebview2,2436,True,131.39,41.64,2303475.38,1437,52,0,5.88
2026-09-06T08:43:40Z,283,msedgewebview2,15152,True,12.23,2.98,2203900.73,179,8,0,0.2
2026-09-06T08:43:40Z,283,msedgewebview2,5520,True,98.31,139.81,2254183.6,712,33,0,2.25
2026-09-06T08:43:40Z,283,msedgewebview2,7436,True,44.39,14.28,2253643.63,377,21,0,1.61
2026-09-06T08:43:40Z,283,msedgewebview2,6164,True,20.5,9.3,2253431.09,186,10,0,0.23
2026-09-06T08:43:40Z,283,msedgewebview2,14668,True,99.43,49.49,3698902.14,339,28,0,0.95
2026-09-06T08:44:40Z,284,CloudOS,17500,True,74.49,30.02,57751.42,790,14,0,84.58
2026-09-06T08:44:40Z,284,CloudOS.Supervisor,23280,True,6.86,1.38,4187.85,83,1,0,3.28
2026-09-06T08:44:40Z,284,CloudOS.SystemBroker,23276,True,27.42,18.62,4246.54,181,5,0,55.02
2026-09-06T08:44:40Z,284,cloudos_flutter_shell,10800,True,221.96,1052.3,59783.92,584,53,0,192.48
2026-09-06T08:44:40Z,284,msedgewebview2,2436,True,131.38,41.68,2303507.38,1439,54,0,5.88
2026-09-06T08:44:40Z,284,msedgewebview2,15152,True,12.23,2.98,2203900.73,179,8,0,0.2
2026-09-06T08:44:40Z,284,msedgewebview2,5520,True,98.31,139.81,2254183.6,712,33,0,2.25
2026-09-06T08:44:40Z,284,msedgewebview2,7436,True,44.35,14.28,2253675.63,379,23,0,1.61
2026-09-06T08:44:40Z,284,msedgewebview2,6164,True,20.5,9.3,2253431.09,186,10,0,0.23
2026-09-06T08:44:40Z,284,msedgewebview2,14668,True,99.43,49.49,3698902.14,339,28,0,0.95
2026-09-06T08:45:41Z,285,CloudOS,17500,True,74.49,30.03,57751.42,788,14,0,84.61
2026-09-06T08:45:41Z,285,CloudOS.Supervisor,23280,True,6.86,1.38,4187.85,83,1,0,3.28
2026-09-06T08:45:41Z,285,CloudOS.SystemBroker,23276,True,27.42,18.62,4246.54,181,5,0,55.14
2026-09-06T08:45:41Z,285,cloudos_flutter_shell,10800,True,221.96,1052.3,59783.92,584,53,0,192.7
2026-09-06T08:45:41Z,285,msedgewebview2,2436,True,131.36,41.64,2303491.38,1437,53,0,5.88
2026-09-06T08:45:41Z,285,msedgewebview2,15152,True,12.23,2.98,2203900.73,179,8,0,0.2
2026-09-06T08:45:41Z,285,msedgewebview2,5520,True,98.31,139.81,2254183.6,712,33,0,2.25
2026-09-06T08:45:41Z,285,msedgewebview2,7436,True,44.33,14.23,2253659.63,377,22,0,1.61
2026-09-06T08:45:41Z,285,msedgewebview2,6164,True,20.5,9.3,2253431.09,186,10,0,0.23
2026-09-06T08:45:41Z,285,msedgewebview2,14668,True,99.43,49.49,3698902.14,339,28,0,0.95
2026-09-06T08:46:41Z,286,CloudOS,17500,True,74.49,30.03,57751.42,790,14,0,84.64
2026-09-06T08:46:41Z,286,CloudOS.Supervisor,23280,True,6.86,1.38,4187.85,83,1,0,3.3
2026-09-06T08:46:41Z,286,CloudOS.SystemBroker,23276,True,27.42,18.62,4246.54,181,5,0,55.3
2026-09-06T08:46:41Z,286,cloudos_flutter_shell,10800,True,221.95,1052.27,59782.92,584,52,0,193
2026-09-06T08:46:41Z,286,msedgewebview2,2436,True,131.36,41.63,2303491.38,1437,53,0,5.88
2026-09-06T08:46:41Z,286,msedgewebview2,15152,True,12.24,2.99,2203900.73,179,8,0,0.2
2026-09-06T08:46:41Z,286,msedgewebview2,5520,True,98.31,139.81,2254183.6,712,33,0,2.27
2026-09-06T08:46:41Z,286,msedgewebview2,7436,True,44.33,14.23,2253659.63,377,22,0,1.62
2026-09-06T08:46:41Z,286,msedgewebview2,6164,True,20.5,9.3,2253431.09,186,10,0,0.23
2026-09-06T08:46:41Z,286,msedgewebview2,14668,True,99.43,49.49,3698902.14,339,28,0,0.95
2026-09-06T08:47:41Z,287,CloudOS,17500,True,74.49,30.03,57751.42,790,14,0,84.72
2026-09-06T08:47:41Z,287,CloudOS.Supervisor,23280,True,6.86,1.38,4187.85,83,1,0,3.3
2026-09-06T08:47:41Z,287,CloudOS.SystemBroker,23276,True,27.42,18.62,4246.54,181,5,0,55.56
2026-09-06T08:47:41Z,287,cloudos_flutter_shell,10800,True,221.98,1052.3,59783.92,584,53,0,193.36
2026-09-06T08:47:41Z,287,msedgewebview2,2436,True,131.36,41.63,2303491.38,1437,53,0,5.88
2026-09-06T08:47:41Z,287,msedgewebview2,15152,True,12.23,2.98,2203900.73,179,8,0,0.2
2026-09-06T08:47:41Z,287,msedgewebview2,5520,True,98.29,139.78,2254183.6,712,33,0,2.28
2026-09-06T08:47:41Z,287,msedgewebview2,7436,True,44.31,14.19,2253643.63,375,21,0,1.62
2026-09-06T08:47:41Z,287,msedgewebview2,6164,True,20.5,9.3,2253431.09,186,10,0,0.23
2026-09-06T08:47:41Z,287,msedgewebview2,14668,True,99.43,49.49,3698902.14,339,28,0,0.95
2026-09-06T08:48:41Z,288,CloudOS,17500,True,74.49,30.03,57751.42,790,14,0,84.77
2026-09-06T08:48:41Z,288,CloudOS.Supervisor,23280,True,6.86,1.38,4187.85,83,1,0,3.3
2026-09-06T08:48:41Z,288,CloudOS.SystemBroker,23276,True,27.42,18.62,4246.54,181,5,0,55.72
2026-09-06T08:48:41Z,288,cloudos_flutter_shell,10800,True,221.98,1052.3,59783.92,584,53,0,193.58
2026-09-06T08:48:41Z,288,msedgewebview2,2436,True,131.34,41.59,2303475.38,1435,52,0,5.88
2026-09-06T08:48:41Z,288,msedgewebview2,15152,True,12.23,2.98,2203900.73,179,8,0,0.2
2026-09-06T08:48:41Z,288,msedgewebview2,5520,True,98.29,139.78,2254183.6,712,33,0,2.28
2026-09-06T08:48:41Z,288,msedgewebview2,7436,True,44.31,14.2,2253643.63,375,21,0,1.62
2026-09-06T08:48:41Z,288,msedgewebview2,6164,True,20.5,9.3,2253431.09,186,10,0,0.23
2026-09-06T08:48:41Z,288,msedgewebview2,14668,True,99.43,49.49,3698902.14,339,28,0,0.95
2026-09-06T08:49:41Z,289,CloudOS,17500,True,74.49,30.03,57751.42,790,14,0,84.81
2026-09-06T08:49:41Z,289,CloudOS.Supervisor,23280,True,6.86,1.38,4187.85,83,1,0,3.3
2026-09-06T08:49:41Z,289,CloudOS.SystemBroker,23276,True,27.42,18.62,4246.54,181,5,0,55.83
2026-09-06T08:49:41Z,289,cloudos_flutter_shell,10800,True,221.96,1052.3,59783.92,584,53,0,193.73
2026-09-06T08:49:41Z,289,msedgewebview2,2436,True,132.28,42.55,2303475.38,1435,52,0,5.88
2026-09-06T08:49:41Z,289,msedgewebview2,15152,True,12.23,2.98,2203900.73,179,8,0,0.2
2026-09-06T08:49:41Z,289,msedgewebview2,5520,True,98.42,139.93,2254183.6,712,33,0,2.28
2026-09-06T08:49:41Z,289,msedgewebview2,7436,True,44.3,14.19,2253643.63,375,21,0,1.62
2026-09-06T08:49:41Z,289,msedgewebview2,6164,True,20.5,9.3,2253431.09,186,10,0,0.23
2026-09-06T08:49:41Z,289,msedgewebview2,14668,True,99.43,49.49,3698902.14,339,28,0,0.95
2026-09-06T08:50:41Z,290,CloudOS,17500,True,74.49,30.03,57751.42,790,14,0,84.84
2026-09-06T08:50:41Z,290,CloudOS.Supervisor,23280,True,6.86,1.38,4187.85,83,1,0,3.31
2026-09-06T08:50:41Z,290,CloudOS.SystemBroker,23276,True,27.42,18.62,4246.54,181,5,0,55.95
2026-09-06T08:50:41Z,290,cloudos_flutter_shell,10800,True,221.96,1052.3,59783.92,584,53,0,193.98
2026-09-06T08:50:41Z,290,msedgewebview2,2436,True,131.44,41.7,2303475.38,1435,52,0,5.88
2026-09-06T08:50:41Z,290,msedgewebview2,15152,True,12.24,2.99,2203900.73,179,8,0,0.2
2026-09-06T08:50:41Z,290,msedgewebview2,5520,True,98.27,139.78,2254183.6,712,33,0,2.28
2026-09-06T08:50:41Z,290,msedgewebview2,7436,True,44.3,14.2,2253643.63,375,21,0,1.62
2026-09-06T08:50:41Z,290,msedgewebview2,6164,True,20.5,9.3,2253431.09,186,10,0,0.23
2026-09-06T08:50:41Z,290,msedgewebview2,14668,True,99.43,49.49,3698902.14,339,28,0,0.95
2026-09-06T08:51:41Z,291,CloudOS,17500,True,74.49,30.03,57751.42,790,14,0,84.89
2026-09-06T08:51:41Z,291,CloudOS.Supervisor,23280,True,6.86,1.38,4187.85,83,1,0,3.31
2026-09-06T08:51:41Z,291,CloudOS.SystemBroker,23276,True,27.42,18.62,4246.54,181,5,0,56.14
2026-09-06T08:51:41Z,291,cloudos_flutter_shell,10800,True,221.97,1052.29,59783.92,584,53,0,194.33
2026-09-06T08:51:41Z,291,msedgewebview2,2436,True,131.47,41.74,2303491.38,1435,53,0,5.88
2026-09-06T08:51:41Z,291,msedgewebview2,15152,True,12.23,2.98,2203900.73,179,8,0,0.2
2026-09-06T08:51:41Z,291,msedgewebview2,5520,True,98.28,139.78,2254183.6,712,33,0,2.28
2026-09-06T08:51:41Z,291,msedgewebview2,7436,True,44.3,14.19,2253643.63,375,21,0,1.62
2026-09-06T08:51:41Z,291,msedgewebview2,6164,True,20.5,9.3,2253431.09,186,10,0,0.23
2026-09-06T08:51:41Z,291,msedgewebview2,14668,True,99.43,49.49,3698902.14,339,28,0,0.95
2026-09-06T08:52:42Z,292,CloudOS,17500,True,74.49,30.03,57751.42,788,14,0,84.95
2026-09-06T08:52:42Z,292,CloudOS.Supervisor,23280,True,6.86,1.38,4187.85,83,1,0,3.33
2026-09-06T08:52:42Z,292,CloudOS.SystemBroker,23276,True,27.42,18.62,4246.54,181,5,0,56.28
2026-09-06T08:52:42Z,292,cloudos_flutter_shell,10800,True,221.97,1052.29,59783.92,584,53,0,194.62
2026-09-06T08:52:42Z,292,msedgewebview2,2436,True,131.47,41.75,2303491.38,1435,53,0,5.88
2026-09-06T08:52:42Z,292,msedgewebview2,15152,True,12.23,2.98,2203900.73,179,8,0,0.2
2026-09-06T08:52:42Z,292,msedgewebview2,5520,True,98.28,139.78,2254183.6,712,33,0,2.28
2026-09-06T08:52:42Z,292,msedgewebview2,7436,True,44.3,14.19,2253643.63,375,21,0,1.62
2026-09-06T08:52:42Z,292,msedgewebview2,6164,True,20.5,9.3,2253431.09,186,10,0,0.23
2026-09-06T08:52:42Z,292,msedgewebview2,14668,True,99.43,49.5,3698902.14,339,28,0,0.95
2026-09-06T08:53:42Z,293,CloudOS,17500,True,74.49,30.03,57751.42,790,14,0,85
2026-09-06T08:53:42Z,293,CloudOS.Supervisor,23280,True,6.86,1.38,4187.85,83,1,0,3.33
2026-09-06T08:53:42Z,293,CloudOS.SystemBroker,23276,True,27.42,18.62,4246.54,181,5,0,56.42
2026-09-06T08:53:42Z,293,cloudos_flutter_shell,10800,True,221.97,1052.29,59783.92,584,53,0,194.97
2026-09-06T08:53:42Z,293,msedgewebview2,2436,True,131.45,41.7,2303475.38,1435,52,0,5.89
2026-09-06T08:53:42Z,293,msedgewebview2,15152,True,12.23,2.98,2203900.73,179,8,0,0.2
2026-09-06T08:53:42Z,293,msedgewebview2,5520,True,98.26,139.73,2254167.6,712,32,0,2.28
2026-09-06T08:53:42Z,293,msedgewebview2,7436,True,44.29,14.15,2253627.63,375,20,0,1.62
2026-09-06T08:53:42Z,293,msedgewebview2,6164,True,20.5,9.3,2253431.09,186,10,0,0.23
2026-09-06T08:53:42Z,293,msedgewebview2,14668,True,99.43,49.49,3698902.14,339,28,0,0.95
2026-09-06T08:54:42Z,294,CloudOS,17500,True,74.49,30.03,57751.42,788,14,0,85.11
2026-09-06T08:54:42Z,294,CloudOS.Supervisor,23280,True,6.86,1.38,4187.85,83,1,0,3.34
2026-09-06T08:54:42Z,294,CloudOS.SystemBroker,23276,True,27.42,18.62,4246.54,181,5,0,56.64
2026-09-06T08:54:42Z,294,cloudos_flutter_shell,10800,True,221.97,1052.29,59783.92,584,53,0,195.33
2026-09-06T08:54:42Z,294,msedgewebview2,2436,True,131.49,41.79,2303507.38,1437,54,0,5.91
2026-09-06T08:54:42Z,294,msedgewebview2,15152,True,12.24,2.99,2203900.73,179,8,0,0.2
2026-09-06T08:54:42Z,294,msedgewebview2,5520,True,98.27,139.77,2254183.6,712,33,0,2.28
2026-09-06T08:54:42Z,294,msedgewebview2,7436,True,44.35,14.28,2253675.63,377,23,0,1.62
2026-09-06T08:54:42Z,294,msedgewebview2,6164,True,20.5,9.3,2253431.09,186,10,0,0.23
2026-09-06T08:54:42Z,294,msedgewebview2,14668,True,99.43,49.49,3698902.14,339,28,0,0.97
2026-09-06T08:55:42Z,295,CloudOS,17500,True,74.49,30.03,57751.42,790,14,0,85.2
2026-09-06T08:55:42Z,295,CloudOS.Supervisor,23280,True,6.86,1.38,4187.85,83,1,0,3.34
2026-09-06T08:55:42Z,295,CloudOS.SystemBroker,23276,True,27.42,18.62,4246.54,181,5,0,56.78
2026-09-06T08:55:42Z,295,cloudos_flutter_shell,10800,True,221.96,1052.27,59782.92,584,52,0,195.53
2026-09-06T08:55:42Z,295,msedgewebview2,2436,True,131.49,41.79,2303507.38,1437,54,0,5.91
2026-09-06T08:55:42Z,295,msedgewebview2,15152,True,12.23,2.98,2203900.73,179,8,0,0.2
2026-09-06T08:55:42Z,295,msedgewebview2,5520,True,98.27,139.77,2254183.6,712,33,0,2.28
2026-09-06T08:55:42Z,295,msedgewebview2,7436,True,44.35,14.28,2253675.63,377,23,0,1.62
2026-09-06T08:55:42Z,295,msedgewebview2,6164,True,20.5,9.3,2253431.09,186,10,0,0.23
2026-09-06T08:55:42Z,295,msedgewebview2,14668,True,99.43,49.5,3698902.14,339,28,0,0.97
2026-09-06T08:56:42Z,296,CloudOS,17500,True,74.48,30,57750.42,788,13,0,85.25
2026-09-06T08:56:42Z,296,CloudOS.Supervisor,23280,True,6.86,1.38,4187.85,83,1,0,3.34
2026-09-06T08:56:42Z,296,CloudOS.SystemBroker,23276,True,27.42,18.62,4246.54,181,5,0,56.88
2026-09-06T08:56:42Z,296,cloudos_flutter_shell,10800,True,221.98,1052.3,59783.92,584,53,0,195.84
2026-09-06T08:56:42Z,296,msedgewebview2,2436,True,131.54,41.83,2303507.38,1438,54,0,5.92
2026-09-06T08:56:42Z,296,msedgewebview2,15152,True,12.24,2.99,2203900.73,179,8,0,0.2
2026-09-06T08:56:42Z,296,msedgewebview2,5520,True,98.27,139.74,2254167.6,712,32,0,2.28
2026-09-06T08:56:42Z,296,msedgewebview2,7436,True,44.29,14.15,2253627.63,375,20,0,1.62
2026-09-06T08:56:42Z,296,msedgewebview2,6164,True,20.5,9.3,2253431.09,186,10,0,0.23
2026-09-06T08:56:42Z,296,msedgewebview2,14668,True,99.43,49.5,3698902.14,339,28,0,0.97
2026-09-06T08:57:42Z,297,CloudOS,17500,True,74.49,30.03,57751.42,790,14,0,85.33
2026-09-06T08:57:42Z,297,CloudOS.Supervisor,23280,True,6.86,1.38,4187.85,83,1,0,3.34
2026-09-06T08:57:42Z,297,CloudOS.SystemBroker,23276,True,27.42,18.62,4246.54,181,5,0,57.14
2026-09-06T08:57:42Z,297,cloudos_flutter_shell,10800,True,221.98,1052.3,59783.92,584,53,0,196.11
2026-09-06T08:57:42Z,297,msedgewebview2,2436,True,131.5,41.79,2303507.38,1437,54,0,5.92
2026-09-06T08:57:42Z,297,msedgewebview2,15152,True,12.23,2.98,2203900.73,179,8,0,0.2
2026-09-06T08:57:42Z,297,msedgewebview2,5520,True,98.28,139.78,2254183.6,712,33,0,2.28
2026-09-06T08:57:42Z,297,msedgewebview2,7436,True,44.29,14.15,2253627.63,375,20,0,1.62
2026-09-06T08:57:42Z,297,msedgewebview2,6164,True,20.5,9.3,2253431.09,186,10,0,0.23
2026-09-06T08:57:42Z,297,msedgewebview2,14668,True,99.43,49.49,3698902.14,339,28,0,0.97
2026-09-06T08:58:43Z,298,CloudOS,17500,True,74.49,30.03,57751.42,790,14,0,85.42
2026-09-06T08:58:43Z,298,CloudOS.Supervisor,23280,True,6.86,1.38,4187.85,83,1,0,3.34
2026-09-06T08:58:43Z,298,CloudOS.SystemBroker,23276,True,27.42,18.62,4246.54,181,5,0,57.25
2026-09-06T08:58:43Z,298,cloudos_flutter_shell,10800,True,221.98,1052.3,59783.92,584,53,0,196.39
2026-09-06T08:58:43Z,298,msedgewebview2,2436,True,131.5,41.78,2303491.38,1439,53,0,5.92
2026-09-06T08:58:43Z,298,msedgewebview2,15152,True,12.24,2.99,2203900.73,179,8,0,0.2
2026-09-06T08:58:43Z,298,msedgewebview2,5520,True,98.28,139.78,2254183.6,712,33,0,2.28
2026-09-06T08:58:43Z,298,msedgewebview2,7436,True,44.36,14.25,2253643.63,377,21,0,1.64
2026-09-06T08:58:43Z,298,msedgewebview2,6164,True,20.5,9.3,2253431.09,186,10,0,0.23
2026-09-06T08:58:43Z,298,msedgewebview2,14668,True,99.43,49.49,3698902.14,339,28,0,0.97
2026-09-06T08:59:43Z,299,CloudOS,17500,True,74.49,30.03,57751.42,790,14,0,85.52
2026-09-06T08:59:43Z,299,CloudOS.Supervisor,23280,True,6.86,1.38,4187.85,83,1,0,3.34
2026-09-06T08:59:43Z,299,CloudOS.SystemBroker,23276,True,27.42,18.62,4246.54,181,5,0,57.36
2026-09-06T08:59:43Z,299,cloudos_flutter_shell,10800,True,221.98,1052.3,59783.92,584,53,0,196.77
2026-09-06T08:59:43Z,299,msedgewebview2,2436,True,131.5,41.79,2303507.38,1437,54,0,5.95
2026-09-06T08:59:43Z,299,msedgewebview2,15152,True,12.24,2.99,2203900.73,179,8,0,0.2
2026-09-06T08:59:43Z,299,msedgewebview2,5520,True,98.27,139.74,2254167.6,712,32,0,2.28
2026-09-06T08:59:43Z,299,msedgewebview2,7436,True,44.33,14.24,2253659.63,377,22,0,1.64
2026-09-06T08:59:43Z,299,msedgewebview2,6164,True,20.5,9.3,2253431.09,186,10,0,0.23
2026-09-06T08:59:43Z,299,msedgewebview2,14668,True,99.43,49.49,3698902.14,339,28,0,0.97
2026-09-06T09:00:43Z,300,CloudOS,17500,True,74.49,30.03,57751.42,790,14,0,85.59
2026-09-06T09:00:43Z,300,CloudOS.Supervisor,23280,True,6.86,1.38,4187.85,83,1,0,3.34
2026-09-06T09:00:43Z,300,CloudOS.SystemBroker,23276,True,27.42,18.62,4246.54,181,5,0,57.56
2026-09-06T09:00:43Z,300,cloudos_flutter_shell,10800,True,221.97,1052.29,59783.92,584,53,0,197.05
2026-09-06T09:00:43Z,300,msedgewebview2,2436,True,131.49,41.79,2303507.38,1437,54,0,5.95
2026-09-06T09:00:43Z,300,msedgewebview2,15152,True,12.23,2.98,2203900.73,179,8,0,0.2
2026-09-06T09:00:43Z,300,msedgewebview2,5520,True,98.31,139.81,2254183.6,712,33,0,2.28
2026-09-06T09:00:43Z,300,msedgewebview2,7436,True,44.35,14.28,2253675.63,377,23,0,1.64
2026-09-06T09:00:43Z,300,msedgewebview2,6164,True,20.5,9.3,2253431.09,186,10,0,0.23
2026-09-06T09:00:43Z,300,msedgewebview2,14668,True,99.43,49.49,3698902.14,339,28,0,0.97
2026-09-06T09:01:43Z,301,CloudOS,17500,True,74.49,30.03,57751.42,788,14,0,85.64
2026-09-06T09:01:43Z,301,CloudOS.Supervisor,23280,True,6.86,1.38,4187.85,83,1,0,3.34
2026-09-06T09:01:43Z,301,CloudOS.SystemBroker,23276,True,27.42,18.62,4246.54,181,5,0,57.75
2026-09-06T09:01:43Z,301,cloudos_flutter_shell,10800,True,221.97,1052.29,59783.92,584,53,0,197.3
2026-09-06T09:01:43Z,301,msedgewebview2,2436,True,131.47,41.75,2303491.38,1435,53,0,5.95
2026-09-06T09:01:43Z,301,msedgewebview2,15152,True,12.23,2.98,2203900.73,179,8,0,0.2
2026-09-06T09:01:43Z,301,msedgewebview2,5520,True,98.31,139.81,2254183.6,712,33,0,2.28
2026-09-06T09:01:43Z,301,msedgewebview2,7436,True,44.31,14.2,2253643.63,375,21,0,1.64
2026-09-06T09:01:43Z,301,msedgewebview2,6164,True,20.5,9.3,2253431.09,186,10,0,0.23
2026-09-06T09:01:43Z,301,msedgewebview2,14668,True,99.43,49.49,3698902.14,339,28,0,0.97
2026-09-06T09:02:43Z,302,CloudOS,17500,True,74.49,30.03,57751.42,790,14,0,85.7
2026-09-06T09:02:43Z,302,CloudOS.Supervisor,23280,True,6.86,1.38,4187.85,83,1,0,3.34
2026-09-06T09:02:43Z,302,CloudOS.SystemBroker,23276,True,27.42,18.62,4246.54,181,5,0,57.89
2026-09-06T09:02:43Z,302,cloudos_flutter_shell,10800,True,221.97,1052.29,59783.92,584,53,0,197.5
2026-09-06T09:02:43Z,302,msedgewebview2,2436,True,131.5,41.79,2303507.38,1437,54,0,5.97
2026-09-06T09:02:43Z,302,msedgewebview2,15152,True,12.23,2.98,2203900.73,179,8,0,0.2
2026-09-06T09:02:43Z,302,msedgewebview2,5520,True,98.32,139.81,2254183.6,712,33,0,2.28
2026-09-06T09:02:43Z,302,msedgewebview2,7436,True,44.35,14.28,2253675.63,377,23,0,1.64
2026-09-06T09:02:43Z,302,msedgewebview2,6164,True,20.5,9.3,2253431.09,186,10,0,0.23
2026-09-06T09:02:43Z,302,msedgewebview2,14668,True,99.43,49.49,3698902.14,339,28,0,0.97
2026-09-06T09:03:43Z,303,CloudOS,17500,True,74.49,30.02,57751.42,788,14,0,85.84
2026-09-06T09:03:43Z,303,CloudOS.Supervisor,23280,True,6.86,1.38,4187.85,83,1,0,3.34
2026-09-06T09:03:43Z,303,CloudOS.SystemBroker,23276,True,27.42,18.62,4246.54,181,5,0,58.05
2026-09-06T09:03:43Z,303,cloudos_flutter_shell,10800,True,221.97,1052.29,59783.92,584,53,0,197.88
2026-09-06T09:03:43Z,303,msedgewebview2,2436,True,131.4,41.7,2303507.38,1437,54,0,5.97
2026-09-06T09:03:43Z,303,msedgewebview2,15152,True,12.23,2.98,2203900.73,179,8,0,0.2
2026-09-06T09:03:43Z,303,msedgewebview2,5520,True,98.32,139.81,2254183.6,712,33,0,2.28
2026-09-06T09:03:43Z,303,msedgewebview2,7436,True,44.35,14.28,2253675.63,377,23,0,1.64
2026-09-06T09:03:43Z,303,msedgewebview2,6164,True,20.5,9.3,2253431.09,186,10,0,0.23
2026-09-06T09:03:43Z,303,msedgewebview2,14668,True,99.43,49.49,3698902.14,339,28,0,0.97
2026-09-06T09:04:44Z,304,CloudOS,17500,True,74.49,30.02,57751.42,790,14,0,85.94
2026-09-06T09:04:44Z,304,CloudOS.Supervisor,23280,True,6.86,1.38,4187.85,83,1,0,3.34
2026-09-06T09:04:44Z,304,CloudOS.SystemBroker,23276,True,27.42,18.62,4246.54,181,5,0,58.28
2026-09-06T09:04:44Z,304,cloudos_flutter_shell,10800,True,221.95,1052.27,59782.92,584,52,0,198.19
2026-09-06T09:04:44Z,304,msedgewebview2,2436,True,131.38,41.66,2303491.38,1437,53,0,5.97
2026-09-06T09:04:44Z,304,msedgewebview2,15152,True,12.23,2.98,2203900.73,179,8,0,0.2
2026-09-06T09:04:44Z,304,msedgewebview2,5520,True,98.25,139.74,2254167.6,712,32,0,2.28
2026-09-06T09:04:44Z,304,msedgewebview2,7436,True,44.32,14.23,2253659.63,377,22,0,1.66
2026-09-06T09:04:44Z,304,msedgewebview2,6164,True,20.5,9.3,2253431.09,186,10,0,0.25
2026-09-06T09:04:44Z,304,msedgewebview2,14668,True,99.43,49.49,3698902.14,339,28,0,0.97
2026-09-06T09:05:44Z,305,CloudOS,17500,True,74.47,30,57750.42,788,13,0,85.98
2026-09-06T09:05:44Z,305,CloudOS.Supervisor,23280,True,6.86,1.38,4187.85,83,1,0,3.36
2026-09-06T09:05:44Z,305,CloudOS.SystemBroker,23276,True,27.42,18.62,4246.54,181,5,0,58.53
2026-09-06T09:05:44Z,305,cloudos_flutter_shell,10800,True,221.97,1052.29,59783.92,584,53,0,198.47
2026-09-06T09:05:44Z,305,msedgewebview2,2436,True,131.38,41.66,2303491.38,1437,53,0,6.02
2026-09-06T09:05:44Z,305,msedgewebview2,15152,True,12.23,2.98,2203900.73,179,8,0,0.2
2026-09-06T09:05:44Z,305,msedgewebview2,5520,True,98.3,139.81,2254183.6,712,33,0,2.28
2026-09-06T09:05:44Z,305,msedgewebview2,7436,True,44.32,14.24,2253659.63,377,22,0,1.66
2026-09-06T09:05:44Z,305,msedgewebview2,6164,True,20.5,9.3,2253431.09,186,10,0,0.25
2026-09-06T09:05:44Z,305,msedgewebview2,14668,True,99.43,49.49,3698902.14,339,28,0,0.97
2026-09-06T09:06:44Z,306,CloudOS,17500,True,74.49,30.02,57751.42,790,14,0,86.08
2026-09-06T09:06:44Z,306,CloudOS.Supervisor,23280,True,6.86,1.38,4187.85,83,1,0,3.38
2026-09-06T09:06:44Z,306,CloudOS.SystemBroker,23276,True,27.42,18.62,4246.54,181,5,0,58.8
2026-09-06T09:06:44Z,306,cloudos_flutter_shell,10800,True,221.97,1052.29,59783.92,584,53,0,198.77
2026-09-06T09:06:44Z,306,msedgewebview2,2436,True,131.37,41.65,2303491.38,1435,53,0,6.02
2026-09-06T09:06:44Z,306,msedgewebview2,15152,True,12.23,2.98,2203900.73,179,8,0,0.2
2026-09-06T09:06:44Z,306,msedgewebview2,5520,True,98.3,139.81,2254183.6,712,33,0,2.28
2026-09-06T09:06:44Z,306,msedgewebview2,7436,True,44.3,14.19,2253643.63,375,21,0,1.66
2026-09-06T09:06:44Z,306,msedgewebview2,6164,True,20.5,9.3,2253431.09,186,10,0,0.25
2026-09-06T09:06:44Z,306,msedgewebview2,14668,True,99.43,49.49,3698902.14,339,28,0,0.97
2026-09-06T09:07:44Z,307,CloudOS,17500,True,74.49,30.02,57751.42,790,14,0,86.17
2026-09-06T09:07:44Z,307,CloudOS.Supervisor,23280,True,6.86,1.38,4187.85,83,1,0,3.38
2026-09-06T09:07:44Z,307,CloudOS.SystemBroker,23276,True,27.42,18.62,4246.54,181,5,0,59.03
2026-09-06T09:07:44Z,307,cloudos_flutter_shell,10800,True,221.97,1052.29,59783.92,584,53,0,199.06
2026-09-06T09:07:44Z,307,msedgewebview2,2436,True,131.38,41.65,2303491.38,1435,53,0,6.02
2026-09-06T09:07:44Z,307,msedgewebview2,15152,True,12.23,2.98,2203900.73,179,8,0,0.2
2026-09-06T09:07:44Z,307,msedgewebview2,5520,True,98.3,139.81,2254183.6,712,33,0,2.28
2026-09-06T09:07:44Z,307,msedgewebview2,7436,True,44.3,14.19,2253643.63,375,21,0,1.66
2026-09-06T09:07:44Z,307,msedgewebview2,6164,True,20.5,9.3,2253431.09,186,10,0,0.25
2026-09-06T09:07:44Z,307,msedgewebview2,14668,True,99.43,49.49,3698902.14,339,28,0,0.97
2026-09-06T09:08:44Z,308,CloudOS,17500,True,74.49,30.03,57751.42,790,14,0,86.2
2026-09-06T09:08:44Z,308,CloudOS.Supervisor,23280,True,6.86,1.38,4187.85,83,1,0,3.39
2026-09-06T09:08:44Z,308,CloudOS.SystemBroker,23276,True,27.42,18.62,4246.54,181,5,0,59.3
2026-09-06T09:08:44Z,308,cloudos_flutter_shell,10800,True,221.97,1052.29,59783.92,584,53,0,199.47
2026-09-06T09:08:44Z,308,msedgewebview2,2436,True,131.35,41.61,2303475.38,1435,52,0,6.03
2026-09-06T09:08:44Z,308,msedgewebview2,15152,True,12.23,2.98,2203900.73,179,8,0,0.2
2026-09-06T09:08:44Z,308,msedgewebview2,5520,True,98.3,139.81,2254183.6,712,33,0,2.28
2026-09-06T09:08:44Z,308,msedgewebview2,7436,True,44.3,14.19,2253643.63,375,21,0,1.66
2026-09-06T09:08:44Z,308,msedgewebview2,6164,True,20.5,9.3,2253431.09,186,10,0,0.25
2026-09-06T09:08:44Z,308,msedgewebview2,14668,True,99.43,49.49,3698902.14,339,28,0,0.97
2026-09-06T09:09:44Z,309,CloudOS,17500,True,74.49,30.03,57751.42,790,14,0,86.3
2026-09-06T09:09:44Z,309,CloudOS.Supervisor,23280,True,6.86,1.38,4187.85,83,1,0,3.39
2026-09-06T09:09:44Z,309,CloudOS.SystemBroker,23276,True,27.42,18.62,4246.54,181,5,0,59.5
2026-09-06T09:09:44Z,309,cloudos_flutter_shell,10800,True,221.97,1052.29,59783.92,584,53,0,199.7
2026-09-06T09:09:44Z,309,msedgewebview2,2436,True,131.48,41.7,2303475.38,1435,52,0,6.05
2026-09-06T09:09:44Z,309,msedgewebview2,15152,True,12.23,2.98,2203900.73,179,8,0,0.2
2026-09-06T09:09:44Z,309,msedgewebview2,5520,True,98.43,139.94,2254183.6,712,33,0,2.28
2026-09-06T09:09:44Z,309,msedgewebview2,7436,True,44.31,14.19,2253643.63,375,21,0,1.66
2026-09-06T09:09:44Z,309,msedgewebview2,6164,True,20.5,9.3,2253431.09,186,10,0,0.25
2026-09-06T09:09:44Z,309,msedgewebview2,14668,True,99.43,49.49,3698902.14,339,28,0,0.97
2026-09-06T09:10:45Z,310,CloudOS,17500,True,74.49,30.02,57751.42,790,14,0,86.36
2026-09-06T09:10:45Z,310,CloudOS.Supervisor,23280,True,6.86,1.38,4187.85,83,1,0,3.41
2026-09-06T09:10:45Z,310,CloudOS.SystemBroker,23276,True,27.42,18.62,4246.54,181,5,0,59.61
2026-09-06T09:10:45Z,310,cloudos_flutter_shell,10800,True,221.97,1052.29,59783.92,584,53,0,199.86
2026-09-06T09:10:45Z,310,msedgewebview2,2436,True,131.47,41.7,2303475.38,1435,52,0,6.05
2026-09-06T09:10:45Z,310,msedgewebview2,15152,True,12.23,2.98,2203900.73,179,8,0,0.2
2026-09-06T09:10:45Z,310,msedgewebview2,5520,True,98.28,139.78,2254183.6,712,33,0,2.28
2026-09-06T09:10:45Z,310,msedgewebview2,7436,True,44.31,14.19,2253643.63,375,21,0,1.66
2026-09-06T09:10:45Z,310,msedgewebview2,6164,True,20.5,9.3,2253431.09,186,10,0,0.25
2026-09-06T09:10:45Z,310,msedgewebview2,14668,True,99.43,49.49,3698902.14,339,28,0,0.97
2026-09-06T09:11:45Z,311,CloudOS,17500,True,74.49,30.02,57751.42,790,14,0,86.48
2026-09-06T09:11:45Z,311,CloudOS.Supervisor,23280,True,6.86,1.38,4187.85,83,1,0,3.41
2026-09-06T09:11:45Z,311,CloudOS.SystemBroker,23276,True,27.42,18.62,4246.54,181,5,0,59.84
2026-09-06T09:11:45Z,311,cloudos_flutter_shell,10800,True,221.97,1052.29,59783.92,584,53,0,199.97
2026-09-06T09:11:45Z,311,msedgewebview2,2436,True,131.56,41.83,2303507.38,1440,54,0,6.05
2026-09-06T09:11:45Z,311,msedgewebview2,15152,True,12.24,2.99,2203900.73,179,8,0,0.2
2026-09-06T09:11:45Z,311,msedgewebview2,5520,True,98.28,139.78,2254183.6,712,33,0,2.28
2026-09-06T09:11:45Z,311,msedgewebview2,7436,True,44.31,14.2,2253643.63,375,21,0,1.66
2026-09-06T09:11:45Z,311,msedgewebview2,6164,True,20.5,9.3,2253431.09,186,10,0,0.25
2026-09-06T09:11:45Z,311,msedgewebview2,14668,True,99.43,49.49,3698902.14,339,28,0,0.97
2026-09-06T09:12:45Z,312,CloudOS,17500,True,74.49,30.02,57751.42,788,14,0,86.58
2026-09-06T09:12:45Z,312,CloudOS.Supervisor,23280,True,6.86,1.38,4187.85,83,1,0,3.42
2026-09-06T09:12:45Z,312,CloudOS.SystemBroker,23276,True,27.42,18.62,4246.54,181,5,0,59.95
2026-09-06T09:12:45Z,312,cloudos_flutter_shell,10800,True,221.97,1052.29,59783.92,584,53,0,200.19
2026-09-06T09:12:45Z,312,msedgewebview2,2436,True,131.52,41.79,2303507.38,1439,54,0,6.06
2026-09-06T09:12:45Z,312,msedgewebview2,15152,True,12.23,2.98,2203900.73,179,8,0,0.2
2026-09-06T09:12:45Z,312,msedgewebview2,5520,True,98.28,139.78,2254183.6,712,33,0,2.28
2026-09-06T09:12:45Z,312,msedgewebview2,7436,True,44.31,14.19,2253643.63,375,21,0,1.66
2026-09-06T09:12:45Z,312,msedgewebview2,6164,True,20.5,9.3,2253431.09,186,10,0,0.25
2026-09-06T09:12:45Z,312,msedgewebview2,14668,True,99.44,49.49,3698902.14,339,28,0,0.97
2026-09-06T09:13:45Z,313,CloudOS,17500,True,74.49,30.02,57751.42,790,14,0,86.67
2026-09-06T09:13:45Z,313,CloudOS.Supervisor,23280,True,6.86,1.38,4187.85,83,1,0,3.42
2026-09-06T09:13:45Z,313,CloudOS.SystemBroker,23276,True,27.42,18.62,4246.54,181,5,0,60.12
2026-09-06T09:13:45Z,313,cloudos_flutter_shell,10800,True,221.97,1052.29,59783.92,584,53,0,200.58
2026-09-06T09:13:45Z,313,msedgewebview2,2436,True,131.51,41.73,2303475.38,1437,52,0,6.08
2026-09-06T09:13:45Z,313,msedgewebview2,15152,True,12.24,2.99,2203900.73,179,8,0,0.2
2026-09-06T09:13:45Z,313,msedgewebview2,5520,True,98.26,139.73,2254167.6,712,32,0,2.28
2026-09-06T09:13:45Z,313,msedgewebview2,7436,True,44.38,14.27,2253643.63,377,21,0,1.67
2026-09-06T09:13:45Z,313,msedgewebview2,6164,True,20.5,9.3,2253431.09,186,10,0,0.25
2026-09-06T09:13:45Z,313,msedgewebview2,14668,True,99.44,49.5,3698902.14,339,28,0,0.97
2026-09-06T09:14:45Z,314,CloudOS,17500,True,74.49,30.03,57751.42,788,14,0,86.78
2026-09-06T09:14:45Z,314,CloudOS.Supervisor,23280,True,6.86,1.38,4187.85,83,1,0,3.42
2026-09-06T09:14:45Z,314,CloudOS.SystemBroker,23276,True,27.42,18.62,4246.54,181,5,0,60.23
2026-09-06T09:14:45Z,314,cloudos_flutter_shell,10800,True,221.97,1052.29,59783.92,584,53,0,200.88
2026-09-06T09:14:45Z,314,msedgewebview2,2436,True,131.52,41.79,2303507.38,1439,54,0,6.08
2026-09-06T09:14:45Z,314,msedgewebview2,15152,True,12.24,2.99,2203900.73,179,8,0,0.2
2026-09-06T09:14:45Z,314,msedgewebview2,5520,True,98.31,139.81,2254183.6,712,33,0,2.28
2026-09-06T09:14:45Z,314,msedgewebview2,7436,True,44.35,14.28,2253675.63,379,23,0,1.67
2026-09-06T09:14:45Z,314,msedgewebview2,6164,True,20.5,9.3,2253431.09,186,10,0,0.25
2026-09-06T09:14:45Z,314,msedgewebview2,14668,True,99.44,49.5,3698902.14,339,28,0,0.97
2026-09-06T09:15:45Z,315,CloudOS,17500,True,74.49,30.03,57751.42,790,14,0,86.84
2026-09-06T09:15:45Z,315,CloudOS.Supervisor,23280,True,6.86,1.38,4187.85,83,1,0,3.42
2026-09-06T09:15:45Z,315,CloudOS.SystemBroker,23276,True,27.42,18.62,4246.54,181,5,0,60.44
2026-09-06T09:15:45Z,315,cloudos_flutter_shell,10800,True,221.97,1052.29,59783.92,584,53,0,201.19
2026-09-06T09:15:45Z,315,msedgewebview2,2436,True,131.52,41.79,2303507.38,1439,54,0,6.11
2026-09-06T09:15:45Z,315,msedgewebview2,15152,True,12.23,2.98,2203900.73,179,8,0,0.2
2026-09-06T09:15:45Z,315,msedgewebview2,5520,True,98.31,139.81,2254183.6,712,33,0,2.28
2026-09-06T09:15:45Z,315,msedgewebview2,7436,True,44.35,14.28,2253675.63,379,23,0,1.67
2026-09-06T09:15:45Z,315,msedgewebview2,6164,True,20.5,9.3,2253431.09,186,10,0,0.25
2026-09-06T09:15:45Z,315,msedgewebview2,14668,True,99.44,49.49,3698902.14,339,28,0,0.97
2026-09-06T09:16:46Z,316,CloudOS,17500,True,74.48,30,57750.42,788,13,0,86.92
2026-09-06T09:16:46Z,316,CloudOS.Supervisor,23280,True,6.86,1.38,4187.85,83,1,0,3.42
2026-09-06T09:16:46Z,316,CloudOS.SystemBroker,23276,True,27.42,18.62,4246.54,181,5,0,60.56
2026-09-06T09:16:46Z,316,cloudos_flutter_shell,10800,True,221.97,1052.29,59783.92,584,53,0,201.42
2026-09-06T09:16:46Z,316,msedgewebview2,2436,True,131.5,41.74,2303491.38,1435,53,0,6.11
2026-09-06T09:16:46Z,316,msedgewebview2,15152,True,12.23,2.98,2203900.73,179,8,0,0.2
2026-09-06T09:16:46Z,316,msedgewebview2,5520,True,98.31,139.81,2254183.6,712,33,0,2.3
2026-09-06T09:16:46Z,316,msedgewebview2,7436,True,44.31,14.19,2253643.63,375,21,0,1.67
2026-09-06T09:16:46Z,316,msedgewebview2,6164,True,20.5,9.3,2253431.09,186,10,0,0.25
2026-09-06T09:16:46Z,316,msedgewebview2,14668,True,99.44,49.49,3698902.14,339,28,0,0.97
2026-09-06T09:17:46Z,317,CloudOS,17500,True,74.49,30.02,57751.42,790,14,0,86.98
2026-09-06T09:17:46Z,317,CloudOS.Supervisor,23280,True,6.86,1.38,4187.85,83,1,0,3.42
2026-09-06T09:17:46Z,317,CloudOS.SystemBroker,23276,True,27.42,18.62,4246.54,181,5,0,60.86
2026-09-06T09:17:46Z,317,cloudos_flutter_shell,10800,True,221.97,1052.29,59783.92,584,53,0,201.69
2026-09-06T09:17:46Z,317,msedgewebview2,2436,True,131.5,41.74,2303491.38,1435,53,0,6.11
2026-09-06T09:17:46Z,317,msedgewebview2,15152,True,12.23,2.98,2203900.73,179,8,0,0.2
2026-09-06T09:17:46Z,317,msedgewebview2,5520,True,98.31,139.81,2254183.6,712,33,0,2.3
2026-09-06T09:17:46Z,317,msedgewebview2,7436,True,44.31,14.19,2253643.63,375,21,0,1.67
2026-09-06T09:17:46Z,317,msedgewebview2,6164,True,20.5,9.3,2253431.09,186,10,0,0.25
2026-09-06T09:17:46Z,317,msedgewebview2,14668,True,99.44,49.49,3698902.14,339,28,0,0.97
2026-09-06T09:18:46Z,318,CloudOS,17500,True,74.49,30.02,57751.42,790,14,0,87.09
2026-09-06T09:18:46Z,318,CloudOS.Supervisor,23280,True,6.86,1.38,4187.85,83,1,0,3.42
2026-09-06T09:18:46Z,318,CloudOS.SystemBroker,23276,True,27.42,18.62,4246.54,181,5,0,60.97
2026-09-06T09:18:46Z,318,cloudos_flutter_shell,10800,True,221.98,1052.29,59783.92,584,53,0,202.11
2026-09-06T09:18:46Z,318,msedgewebview2,2436,True,131.48,41.7,2303475.38,1435,52,0,6.11
2026-09-06T09:18:46Z,318,msedgewebview2,15152,True,12.23,2.98,2203900.73,179,8,0,0.2
2026-09-06T09:18:46Z,318,msedgewebview2,5520,True,98.28,139.78,2254183.6,712,33,0,2.3
2026-09-06T09:18:46Z,318,msedgewebview2,7436,True,44.31,14.19,2253643.63,375,21,0,1.67
2026-09-06T09:18:46Z,318,msedgewebview2,6164,True,20.5,9.3,2253431.09,186,10,0,0.25
2026-09-06T09:18:46Z,318,msedgewebview2,14668,True,99.44,49.49,3698902.14,339,28,0,0.97
2026-09-06T09:19:46Z,319,CloudOS,17500,True,74.48,30.02,57751.42,790,14,0,87.12
2026-09-06T09:19:46Z,319,CloudOS.Supervisor,23280,True,6.86,1.38,4187.85,83,1,0,3.42
2026-09-06T09:19:46Z,319,CloudOS.SystemBroker,23276,True,27.42,18.62,4246.54,181,5,0,61.14
2026-09-06T09:19:46Z,319,cloudos_flutter_shell,10800,True,221.96,1052.29,59783.92,584,53,0,202.3
2026-09-06T09:19:46Z,319,msedgewebview2,2436,True,131.38,41.61,2303475.38,1435,52,0,6.11
2026-09-06T09:19:46Z,319,msedgewebview2,15152,True,12.23,2.98,2203900.73,179,8,0,0.2
2026-09-06T09:19:46Z,319,msedgewebview2,5520,True,98.27,139.78,2254183.6,712,33,0,2.3
2026-09-06T09:19:46Z,319,msedgewebview2,7436,True,44.3,14.19,2253643.63,375,21,0,1.69
2026-09-06T09:19:46Z,319,msedgewebview2,6164,True,20.5,9.3,2253431.09,186,10,0,0.25
2026-09-06T09:19:46Z,319,msedgewebview2,14668,True,99.44,49.49,3698902.14,339,28,0,0.97
2026-09-06T09:20:46Z,320,CloudOS,17500,True,74.48,30.02,57751.42,790,14,0,87.23
2026-09-06T09:20:46Z,320,CloudOS.Supervisor,23280,True,6.86,1.38,4187.85,83,1,0,3.42
2026-09-06T09:20:46Z,320,CloudOS.SystemBroker,23276,True,27.42,18.62,4246.54,181,5,0,61.3
2026-09-06T09:20:46Z,320,cloudos_flutter_shell,10800,True,221.96,1052.29,59783.92,584,53,0,202.58
2026-09-06T09:20:46Z,320,msedgewebview2,2436,True,131.37,41.6,2303475.38,1435,52,0,6.11
2026-09-06T09:20:46Z,320,msedgewebview2,15152,True,12.24,2.99,2203900.73,179,8,0,0.2
2026-09-06T09:20:46Z,320,msedgewebview2,5520,True,98.27,139.78,2254183.6,712,33,0,2.3
2026-09-06T09:20:46Z,320,msedgewebview2,7436,True,44.3,14.19,2253643.63,375,21,0,1.69
2026-09-06T09:20:46Z,320,msedgewebview2,6164,True,20.5,9.3,2253431.09,186,10,0,0.25
2026-09-06T09:20:46Z,320,msedgewebview2,14668,True,99.44,49.49,3698902.14,339,28,0,0.97
2026-09-06T09:21:46Z,321,CloudOS,17500,True,74.49,30.02,57751.42,788,14,0,87.28
2026-09-06T09:21:46Z,321,CloudOS.Supervisor,23280,True,6.86,1.38,4187.85,83,1,0,3.42
2026-09-06T09:21:46Z,321,CloudOS.SystemBroker,23276,True,27.42,18.62,4246.54,181,5,0,61.52
2026-09-06T09:21:46Z,321,cloudos_flutter_shell,10800,True,221.97,1052.29,59783.92,584,53,0,202.88
2026-09-06T09:21:46Z,321,msedgewebview2,2436,True,131.41,41.66,2303491.38,1435,53,0,6.11
2026-09-06T09:21:46Z,321,msedgewebview2,15152,True,12.23,2.98,2203900.73,179,8,0,0.2
2026-09-06T09:21:46Z,321,msedgewebview2,5520,True,98.27,139.78,2254183.6,712,33,0,2.3
2026-09-06T09:21:46Z,321,msedgewebview2,7436,True,44.3,14.19,2253643.63,375,21,0,1.69
2026-09-06T09:21:46Z,321,msedgewebview2,6164,True,20.5,9.3,2253431.09,186,10,0,0.25
2026-09-06T09:21:46Z,321,msedgewebview2,14668,True,99.44,49.5,3698902.14,339,28,0,0.97
2026-09-06T09:22:46Z,322,CloudOS,17500,True,74.49,30.02,57751.42,790,14,0,87.31
2026-09-06T09:22:46Z,322,CloudOS.Supervisor,23280,True,6.86,1.38,4187.85,83,1,0,3.42
2026-09-06T09:22:46Z,322,CloudOS.SystemBroker,23276,True,27.42,18.62,4246.54,181,5,0,61.73
2026-09-06T09:22:46Z,322,cloudos_flutter_shell,10800,True,221.97,1052.29,59783.92,584,53,0,203.08
2026-09-06T09:22:46Z,322,msedgewebview2,2436,True,131.41,41.66,2303491.38,1435,53,0,6.14
2026-09-06T09:22:46Z,322,msedgewebview2,15152,True,12.23,2.98,2203900.73,179,8,0,0.2
2026-09-06T09:22:46Z,322,msedgewebview2,5520,True,98.25,139.73,2254167.6,712,32,0,2.3
2026-09-06T09:22:46Z,322,msedgewebview2,7436,True,44.3,14.19,2253643.63,375,21,0,1.69
2026-09-06T09:22:46Z,322,msedgewebview2,6164,True,20.5,9.3,2253431.09,186,10,0,0.25
2026-09-06T09:22:46Z,322,msedgewebview2,14668,True,99.44,49.49,3698902.14,339,28,0,0.97
2026-09-06T09:23:47Z,323,CloudOS,17500,True,74.49,30.03,57751.42,788,14,0,87.41
2026-09-06T09:23:47Z,323,CloudOS.Supervisor,23280,True,6.86,1.38,4187.85,83,1,0,3.44
2026-09-06T09:23:47Z,323,CloudOS.SystemBroker,23276,True,27.42,18.62,4246.54,181,5,0,61.83
2026-09-06T09:23:47Z,323,cloudos_flutter_shell,10800,True,221.97,1052.29,59783.92,584,53,0,203.27
2026-09-06T09:23:47Z,323,msedgewebview2,2436,True,131.38,41.61,2303475.38,1435,52,0,6.16
2026-09-06T09:23:47Z,323,msedgewebview2,15152,True,12.23,2.98,2203900.73,179,8,0,0.2
2026-09-06T09:23:47Z,323,msedgewebview2,5520,True,98.28,139.78,2254183.6,712,33,0,2.3
2026-09-06T09:23:47Z,323,msedgewebview2,7436,True,44.3,14.19,2253643.63,375,21,0,1.69
2026-09-06T09:23:47Z,323,msedgewebview2,6164,True,20.5,9.3,2253431.09,186,10,0,0.25
2026-09-06T09:23:47Z,323,msedgewebview2,14668,True,99.44,49.49,3698902.14,339,28,0,0.97
2026-09-06T09:24:47Z,324,CloudOS,17500,True,74.49,30.03,57751.42,790,14,0,87.52
2026-09-06T09:24:47Z,324,CloudOS.Supervisor,23280,True,6.86,1.38,4187.85,83,1,0,3.44
2026-09-06T09:24:47Z,324,CloudOS.SystemBroker,23276,True,27.42,18.62,4246.54,181,5,0,61.98
2026-09-06T09:24:47Z,324,cloudos_flutter_shell,10800,True,221.97,1052.29,59783.92,584,53,0,203.47
2026-09-06T09:24:47Z,324,msedgewebview2,2436,True,131.42,41.7,2303507.38,1437,54,0,6.17
2026-09-06T09:24:47Z,324,msedgewebview2,15152,True,12.24,2.99,2203900.73,179,8,0,0.2
2026-09-06T09:24:47Z,324,msedgewebview2,5520,True,98.28,139.78,2254183.6,712,33,0,2.3
2026-09-06T09:24:47Z,324,msedgewebview2,7436,True,44.35,14.28,2253675.63,377,23,0,1.7
2026-09-06T09:24:47Z,324,msedgewebview2,6164,True,20.5,9.3,2253431.09,186,10,0,0.25
2026-09-06T09:24:47Z,324,msedgewebview2,14668,True,99.44,49.49,3698902.14,339,28,0,0.97
2026-09-06T09:25:47Z,325,CloudOS,17500,True,74.48,30,57750.42,788,13,0,87.61
2026-09-06T09:25:47Z,325,CloudOS.Supervisor,23280,True,6.86,1.38,4187.85,83,1,0,3.47
2026-09-06T09:25:47Z,325,CloudOS.SystemBroker,23276,True,27.42,18.62,4246.54,181,5,0,62.28
2026-09-06T09:25:47Z,325,cloudos_flutter_shell,10800,True,221.96,1052.27,59782.92,584,52,0,203.83
2026-09-06T09:25:47Z,325,msedgewebview2,2436,True,131.42,41.7,2303507.38,1437,54,0,6.19
2026-09-06T09:25:47Z,325,msedgewebview2,15152,True,12.23,2.98,2203900.73,179,8,0,0.2
2026-09-06T09:25:47Z,325,msedgewebview2,5520,True,98.28,139.78,2254183.6,712,33,0,2.31
2026-09-06T09:25:47Z,325,msedgewebview2,7436,True,44.35,14.28,2253675.63,377,23,0,1.72
2026-09-06T09:25:47Z,325,msedgewebview2,6164,True,20.5,9.3,2253431.09,186,10,0,0.25
2026-09-06T09:25:47Z,325,msedgewebview2,14668,True,99.44,49.49,3698902.14,339,28,0,0.97
2026-09-06T09:26:47Z,326,CloudOS,17500,True,74.49,30.02,57751.42,790,14,0,87.66
2026-09-06T09:26:47Z,326,CloudOS.Supervisor,23280,True,6.86,1.38,4187.85,83,1,0,3.47
2026-09-06T09:26:47Z,326,CloudOS.SystemBroker,23276,True,27.42,18.62,4246.54,181,5,0,62.42
2026-09-06T09:26:47Z,326,cloudos_flutter_shell,10800,True,221.98,1052.29,59783.92,584,53,0,204.06
2026-09-06T09:26:47Z,326,msedgewebview2,2436,True,131.46,41.73,2303507.38,1438,54,0,6.19
2026-09-06T09:26:47Z,326,msedgewebview2,15152,True,12.24,2.99,2203900.73,179,8,0,0.2
2026-09-06T09:26:47Z,326,msedgewebview2,5520,True,98.28,139.78,2254183.6,712,33,0,2.31
2026-09-06T09:26:47Z,326,msedgewebview2,7436,True,44.31,14.2,2253643.63,375,21,0,1.72
2026-09-06T09:26:47Z,326,msedgewebview2,6164,True,20.5,9.3,2253431.09,186,10,0,0.25
2026-09-06T09:26:47Z,326,msedgewebview2,14668,True,99.44,49.49,3698902.14,339,28,0,0.97
2026-09-06T09:27:47Z,327,CloudOS,17500,True,74.49,30.02,57751.42,790,14,0,87.69
2026-09-06T09:27:47Z,327,CloudOS.Supervisor,23280,True,6.86,1.38,4187.85,83,1,0,3.47
2026-09-06T09:27:47Z,327,CloudOS.SystemBroker,23276,True,27.42,18.62,4246.54,181,5,0,62.66
2026-09-06T09:27:47Z,327,cloudos_flutter_shell,10800,True,221.98,1052.29,59783.92,584,53,0,204.38
2026-09-06T09:27:47Z,327,msedgewebview2,2436,True,131.43,41.7,2303507.38,1437,54,0,6.19
2026-09-06T09:27:47Z,327,msedgewebview2,15152,True,12.23,2.98,2203900.73,179,8,0,0.2
2026-09-06T09:27:47Z,327,msedgewebview2,5520,True,98.31,139.81,2254183.6,712,33,0,2.31
2026-09-06T09:27:47Z,327,msedgewebview2,7436,True,44.31,14.2,2253643.63,375,21,0,1.72
2026-09-06T09:27:47Z,327,msedgewebview2,6164,True,20.5,9.3,2253431.09,186,10,0,0.25
2026-09-06T09:27:47Z,327,msedgewebview2,14668,True,99.44,49.49,3698902.14,339,28,0,0.97
2026-09-06T09:28:47Z,328,CloudOS,17500,True,74.48,30.02,57751.42,790,14,0,87.73
2026-09-06T09:28:47Z,328,CloudOS.Supervisor,23280,True,6.86,1.38,4187.85,83,1,0,3.48
2026-09-06T09:28:47Z,328,CloudOS.SystemBroker,23276,True,27.42,18.62,4246.54,181,5,0,62.8
2026-09-06T09:28:47Z,328,cloudos_flutter_shell,10800,True,221.98,1052.29,59783.92,584,53,0,204.7
2026-09-06T09:28:47Z,328,msedgewebview2,2436,True,131.45,41.7,2303491.38,1439,53,0,6.2
2026-09-06T09:28:47Z,328,msedgewebview2,15152,True,12.23,2.98,2203900.73,179,8,0,0.2
2026-09-06T09:28:47Z,328,msedgewebview2,5520,True,98.3,139.81,2254183.6,712,33,0,2.31
2026-09-06T09:28:47Z,328,msedgewebview2,7436,True,44.38,14.27,2253643.63,377,21,0,1.72
2026-09-06T09:28:47Z,328,msedgewebview2,6164,True,20.5,9.3,2253431.09,186,10,0,0.25
2026-09-06T09:28:47Z,328,msedgewebview2,14668,True,99.45,49.5,3698902.14,339,28,0,0.97
2026-09-06T09:29:47Z,329,CloudOS,17500,True,74.48,30.02,57751.42,790,14,0,87.83
2026-09-06T09:29:47Z,329,CloudOS.Supervisor,23280,True,6.86,1.38,4187.85,83,1,0,3.5
2026-09-06T09:29:47Z,329,CloudOS.SystemBroker,23276,True,27.42,18.62,4246.54,181,5,0,63.02
2026-09-06T09:29:47Z,329,cloudos_flutter_shell,10800,True,221.98,1052.29,59783.92,584,53,0,204.95
2026-09-06T09:29:47Z,329,msedgewebview2,2436,True,131.43,41.7,2303507.38,1437,54,0,6.2
2026-09-06T09:29:47Z,329,msedgewebview2,15152,True,12.23,2.98,2203900.73,179,8,0,0.2
2026-09-06T09:29:47Z,329,msedgewebview2,5520,True,98.3,139.81,2254183.6,712,33,0,2.31
2026-09-06T09:29:47Z,329,msedgewebview2,7436,True,44.35,14.28,2253675.63,377,23,0,1.72
2026-09-06T09:29:47Z,329,msedgewebview2,6164,True,20.5,9.3,2253431.09,186,10,0,0.25
2026-09-06T09:29:47Z,329,msedgewebview2,14668,True,99.44,49.49,3698902.14,339,28,0,0.97
2026-09-06T09:30:48Z,330,CloudOS,17500,True,74.48,30.02,57751.42,788,14,0,87.92
2026-09-06T09:30:48Z,330,CloudOS.Supervisor,23280,True,6.86,1.38,4187.85,83,1,0,3.53
2026-09-06T09:30:48Z,330,CloudOS.SystemBroker,23276,True,27.42,18.62,4246.54,181,5,0,63.25
2026-09-06T09:30:48Z,330,cloudos_flutter_shell,10800,True,221.98,1052.29,59783.92,584,53,0,205.34
2026-09-06T09:30:48Z,330,msedgewebview2,2436,True,131.38,41.6,2303475.38,1435,52,0,6.2
2026-09-06T09:30:48Z,330,msedgewebview2,15152,True,12.24,2.99,2203900.73,179,8,0,0.2
2026-09-06T09:30:48Z,330,msedgewebview2,5520,True,98.3,139.81,2254183.6,712,33,0,2.31
2026-09-06T09:30:48Z,330,msedgewebview2,7436,True,44.31,14.2,2253643.63,375,21,0,1.72
2026-09-06T09:30:48Z,330,msedgewebview2,6164,True,20.5,9.3,2253431.09,186,10,0,0.25
2026-09-06T09:30:48Z,330,msedgewebview2,14668,True,99.44,49.49,3698902.14,339,28,0,0.97
2026-09-06T09:31:48Z,331,CloudOS,17500,True,74.48,30.02,57751.42,790,14,0,88.02
2026-09-06T09:31:48Z,331,CloudOS.Supervisor,23280,True,6.86,1.38,4187.85,83,1,0,3.53
2026-09-06T09:31:48Z,331,CloudOS.SystemBroker,23276,True,27.42,18.62,4246.54,181,5,0,63.5
2026-09-06T09:31:48Z,331,cloudos_flutter_shell,10800,True,221.98,1052.29,59783.92,584,53,0,205.72
2026-09-06T09:31:48Z,331,msedgewebview2,2436,True,131.4,41.65,2303491.38,1435,53,0,6.2
2026-09-06T09:31:48Z,331,msedgewebview2,15152,True,12.24,2.99,2203900.73,179,8,0,0.2
2026-09-06T09:31:48Z,331,msedgewebview2,5520,True,98.26,139.74,2254167.6,712,32,0,2.31
2026-09-06T09:31:48Z,331,msedgewebview2,7436,True,44.31,14.19,2253643.63,375,21,0,1.72
2026-09-06T09:31:48Z,331,msedgewebview2,6164,True,20.5,9.3,2253431.09,186,10,0,0.25
2026-09-06T09:31:48Z,331,msedgewebview2,14668,True,99.44,49.49,3698902.14,339,28,0,0.97
2026-09-06T09:32:48Z,332,CloudOS,17500,True,74.49,30.02,57751.42,788,14,0,88.08
2026-09-06T09:32:48Z,332,CloudOS.Supervisor,23280,True,6.86,1.38,4187.85,83,1,0,3.53
2026-09-06T09:32:48Z,332,CloudOS.SystemBroker,23276,True,27.42,18.62,4246.54,181,5,0,63.7
2026-09-06T09:32:48Z,332,cloudos_flutter_shell,10800,True,221.98,1052.29,59783.92,584,53,0,206.03
2026-09-06T09:32:48Z,332,msedgewebview2,2436,True,131.4,41.65,2303491.38,1435,53,0,6.2
2026-09-06T09:32:48Z,332,msedgewebview2,15152,True,12.23,2.98,2203900.73,179,8,0,0.2
2026-09-06T09:32:48Z,332,msedgewebview2,5520,True,98.34,139.84,2254183.6,712,33,0,2.31
2026-09-06T09:32:48Z,332,msedgewebview2,7436,True,44.31,14.19,2253643.63,375,21,0,1.72
2026-09-06T09:32:48Z,332,msedgewebview2,6164,True,20.5,9.3,2253431.09,186,10,0,0.25
2026-09-06T09:32:48Z,332,msedgewebview2,14668,True,99.45,49.49,3698902.14,339,28,0,0.97
2026-09-06T09:33:48Z,333,CloudOS,17500,True,74.49,30.02,57751.42,790,14,0,88.16
2026-09-06T09:33:48Z,333,CloudOS.Supervisor,23280,True,6.86,1.38,4187.85,83,1,0,3.53
2026-09-06T09:33:48Z,333,CloudOS.SystemBroker,23276,True,27.42,18.62,4246.54,181,5,0,63.89
2026-09-06T09:33:48Z,333,cloudos_flutter_shell,10800,True,221.98,1052.29,59783.92,584,53,0,206.42
2026-09-06T09:33:48Z,333,msedgewebview2,2436,True,131.38,41.6,2303475.38,1435,52,0,6.23
2026-09-06T09:33:48Z,333,msedgewebview2,15152,True,12.23,2.98,2203900.73,179,8,0,0.2
2026-09-06T09:33:48Z,333,msedgewebview2,5520,True,98.34,139.84,2254183.6,712,33,0,2.31
2026-09-06T09:33:48Z,333,msedgewebview2,7436,True,44.31,14.19,2253643.63,375,21,0,1.72
2026-09-06T09:33:48Z,333,msedgewebview2,6164,True,20.5,9.3,2253431.09,186,10,0,0.25
2026-09-06T09:33:48Z,333,msedgewebview2,14668,True,99.45,49.49,3698902.14,339,28,0,0.97
2026-09-06T09:34:48Z,334,CloudOS,17500,True,74.48,30,57750.42,788,13,0,88.22
2026-09-06T09:34:48Z,334,CloudOS.Supervisor,23280,True,6.86,1.38,4187.85,83,1,0,3.53
2026-09-06T09:34:48Z,334,CloudOS.SystemBroker,23276,True,27.42,18.62,4246.54,181,5,0,64.12
2026-09-06T09:34:48Z,334,cloudos_flutter_shell,10800,True,221.95,1052.27,59782.92,584,52,0,206.67
2026-09-06T09:34:48Z,334,msedgewebview2,2436,True,131.42,41.7,2303507.38,1437,54,0,6.23
2026-09-06T09:34:48Z,334,msedgewebview2,15152,True,12.23,2.98,2203900.73,179,8,0,0.2
2026-09-06T09:34:48Z,334,msedgewebview2,5520,True,98.27,139.84,2254183.6,712,33,0,2.31
2026-09-06T09:34:48Z,334,msedgewebview2,7436,True,44.34,14.27,2253675.63,377,23,0,1.72
2026-09-06T09:34:48Z,334,msedgewebview2,6164,True,20.5,9.3,2253431.09,186,10,0,0.25
2026-09-06T09:34:48Z,334,msedgewebview2,14668,True,99.45,49.49,3698902.14,339,28,0,0.97
2026-09-06T09:35:48Z,335,CloudOS,17500,True,74.49,30.02,57751.42,790,14,0,88.31
2026-09-06T09:35:48Z,335,CloudOS.Supervisor,23280,True,6.86,1.38,4187.85,83,1,0,3.53
2026-09-06T09:35:48Z,335,CloudOS.SystemBroker,23276,True,27.42,18.62,4246.54,181,5,0,64.34
2026-09-06T09:35:48Z,335,cloudos_flutter_shell,10800,True,221.97,1052.29,59783.92,584,53,0,206.94
2026-09-06T09:35:48Z,335,msedgewebview2,2436,True,131.41,41.69,2303507.38,1437,54,0,6.23
2026-09-06T09:35:48Z,335,msedgewebview2,15152,True,12.23,2.98,2203900.73,179,8,0,0.2
2026-09-06T09:35:48Z,335,msedgewebview2,5520,True,98.27,139.78,2254183.6,712,33,0,2.31
2026-09-06T09:35:48Z,335,msedgewebview2,7436,True,44.34,14.27,2253675.63,377,23,0,1.72
2026-09-06T09:35:48Z,335,msedgewebview2,6164,True,20.5,9.3,2253431.09,186,10,0,0.25
2026-09-06T09:35:48Z,335,msedgewebview2,14668,True,99.45,49.49,3698902.14,339,28,0,0.97
2026-09-06T09:36:49Z,336,CloudOS,17500,True,74.49,30.02,57751.42,790,14,0,88.38
2026-09-06T09:36:49Z,336,CloudOS.Supervisor,23280,True,6.86,1.38,4187.85,83,1,0,3.53
2026-09-06T09:36:49Z,336,CloudOS.SystemBroker,23276,True,27.42,18.62,4246.54,181,5,0,64.58
2026-09-06T09:36:49Z,336,cloudos_flutter_shell,10800,True,221.97,1052.29,59783.92,584,53,0,207.3
2026-09-06T09:36:49Z,336,msedgewebview2,2436,True,131.4,41.65,2303491.38,1435,53,0,6.23
2026-09-06T09:36:49Z,336,msedgewebview2,15152,True,12.23,2.98,2203900.73,179,8,0,0.2
2026-09-06T09:36:49Z,336,msedgewebview2,5520,True,98.27,139.78,2254183.6,712,33,0,2.31
2026-09-06T09:36:49Z,336,msedgewebview2,7436,True,44.3,14.19,2253643.63,375,21,0,1.73
2026-09-06T09:36:49Z,336,msedgewebview2,6164,True,20.5,9.3,2253431.09,186,10,0,0.25
2026-09-06T09:36:49Z,336,msedgewebview2,14668,True,99.45,49.5,3698902.14,339,28,0,0.98
2026-09-06T09:37:49Z,337,CloudOS,17500,True,74.49,30.02,57751.42,790,14,0,88.48
2026-09-06T09:37:49Z,337,CloudOS.Supervisor,23280,True,6.86,1.38,4187.85,83,1,0,3.53
2026-09-06T09:37:49Z,337,CloudOS.SystemBroker,23276,True,27.42,18.62,4246.54,181,5,0,64.78
2026-09-06T09:37:49Z,337,cloudos_flutter_shell,10800,True,221.97,1052.29,59783.92,584,53,0,207.55
2026-09-06T09:37:49Z,337,msedgewebview2,2436,True,131.4,41.65,2303491.38,1435,53,0,6.25
2026-09-06T09:37:49Z,337,msedgewebview2,15152,True,12.23,2.98,2203900.73,179,8,0,0.2
2026-09-06T09:37:49Z,337,msedgewebview2,5520,True,98.28,139.78,2254183.6,712,33,0,2.31
2026-09-06T09:37:49Z,337,msedgewebview2,7436,True,44.3,14.19,2253643.63,375,21,0,1.73
2026-09-06T09:37:49Z,337,msedgewebview2,6164,True,20.5,9.3,2253431.09,186,10,0,0.25
2026-09-06T09:37:49Z,337,msedgewebview2,14668,True,99.45,49.5,3698902.14,339,28,0,0.98
2026-09-06T09:38:49Z,338,CloudOS,17500,True,74.49,30.02,57751.42,790,14,0,88.58
2026-09-06T09:38:49Z,338,CloudOS.Supervisor,23280,True,6.86,1.38,4187.85,83,1,0,3.53
2026-09-06T09:38:49Z,338,CloudOS.SystemBroker,23276,True,27.42,18.62,4246.54,181,5,0,65.02
2026-09-06T09:38:49Z,338,cloudos_flutter_shell,10800,True,221.97,1052.29,59783.92,584,53,0,207.81
2026-09-06T09:38:49Z,338,msedgewebview2,2436,True,131.38,41.6,2303475.38,1435,52,0,6.25
2026-09-06T09:38:49Z,338,msedgewebview2,15152,True,12.23,2.98,2203900.73,179,8,0,0.2
2026-09-06T09:38:49Z,338,msedgewebview2,5520,True,98.27,139.78,2254183.6,712,33,0,2.31
2026-09-06T09:38:49Z,338,msedgewebview2,7436,True,44.3,14.19,2253643.63,375,21,0,1.73
2026-09-06T09:38:49Z,338,msedgewebview2,6164,True,20.5,9.3,2253431.09,186,10,0,0.25
2026-09-06T09:38:49Z,338,msedgewebview2,14668,True,99.45,49.49,3698902.14,339,28,0,0.98
2026-09-06T09:39:49Z,339,CloudOS,17500,True,74.49,30.02,57751.42,788,14,0,88.66
2026-09-06T09:39:49Z,339,CloudOS.Supervisor,23280,True,6.86,1.38,4187.85,83,1,0,3.53
2026-09-06T09:39:49Z,339,CloudOS.SystemBroker,23276,True,27.42,18.62,4246.54,181,5,0,65.2
2026-09-06T09:39:49Z,339,cloudos_flutter_shell,10800,True,221.98,1052.3,59783.92,584,53,0,208.06
2026-09-06T09:39:49Z,339,msedgewebview2,2436,True,131.38,41.6,2303475.38,1435,52,0,6.25
2026-09-06T09:39:49Z,339,msedgewebview2,15152,True,12.23,2.98,2203900.73,179,8,0,0.2
2026-09-06T09:39:49Z,339,msedgewebview2,5520,True,98.27,139.78,2254183.6,712,33,0,2.31
2026-09-06T09:39:49Z,339,msedgewebview2,7436,True,44.3,14.19,2253643.63,375,21,0,1.73
2026-09-06T09:39:49Z,339,msedgewebview2,6164,True,20.5,9.3,2253431.09,186,10,0,0.25
2026-09-06T09:39:49Z,339,msedgewebview2,14668,True,99.45,49.5,3698902.14,339,28,0,0.98
2026-09-06T09:40:49Z,340,CloudOS,17500,True,74.49,30.02,57751.42,790,14,0,88.78
2026-09-06T09:40:49Z,340,CloudOS.Supervisor,23280,True,6.86,1.38,4187.85,83,1,0,3.53
2026-09-06T09:40:49Z,340,CloudOS.SystemBroker,23276,True,27.42,18.62,4246.54,181,5,0,65.34
2026-09-06T09:40:49Z,340,cloudos_flutter_shell,10800,True,221.98,1052.3,59783.92,584,53,0,208.33
2026-09-06T09:40:49Z,340,msedgewebview2,2436,True,131.38,41.6,2303475.38,1435,52,0,6.27
2026-09-06T09:40:49Z,340,msedgewebview2,15152,True,12.24,2.99,2203900.73,179,8,0,0.2
2026-09-06T09:40:49Z,340,msedgewebview2,5520,True,98.28,139.78,2254183.6,712,33,0,2.31
2026-09-06T09:40:49Z,340,msedgewebview2,7436,True,44.3,14.19,2253643.63,375,21,0,1.73
2026-09-06T09:40:49Z,340,msedgewebview2,6164,True,20.5,9.3,2253431.09,186,10,0,0.25
2026-09-06T09:40:49Z,340,msedgewebview2,14668,True,99.45,49.49,3698902.14,339,28,0,0.98
2026-09-06T09:41:49Z,341,CloudOS,17500,True,74.48,30.02,57751.42,788,14,0,88.83
2026-09-06T09:41:49Z,341,CloudOS.Supervisor,23280,True,6.86,1.38,4187.85,83,1,0,3.55
2026-09-06T09:41:49Z,341,CloudOS.SystemBroker,23276,True,27.42,18.62,4246.54,181,5,0,65.48
2026-09-06T09:41:49Z,341,cloudos_flutter_shell,10800,True,221.98,1052.3,59783.92,584,53,0,208.67
2026-09-06T09:41:49Z,341,msedgewebview2,2436,True,131.47,41.74,2303507.38,1438,54,0,6.27
2026-09-06T09:41:49Z,341,msedgewebview2,15152,True,12.23,2.98,2203900.73,179,8,0,0.2
2026-09-06T09:41:49Z,341,msedgewebview2,5520,True,98.27,139.78,2254183.6,712,33,0,2.31
2026-09-06T09:41:49Z,341,msedgewebview2,7436,True,44.3,14.19,2253643.63,375,21,0,1.73
2026-09-06T09:41:49Z,341,msedgewebview2,6164,True,20.5,9.3,2253431.09,186,10,0,0.25
2026-09-06T09:41:49Z,341,msedgewebview2,14668,True,99.45,49.5,3698902.14,339,28,0,0.98
2026-09-06T09:42:50Z,342,CloudOS,17500,True,74.48,30.02,57751.42,790,14,0,88.97
2026-09-06T09:42:50Z,342,CloudOS.Supervisor,23280,True,6.86,1.38,4187.85,83,1,0,3.56
2026-09-06T09:42:50Z,342,CloudOS.SystemBroker,23276,True,27.42,18.62,4246.54,181,5,0,65.73
2026-09-06T09:42:50Z,342,cloudos_flutter_shell,10800,True,221.98,1052.3,59783.92,584,53,0,208.98
2026-09-06T09:42:50Z,342,msedgewebview2,2436,True,131.43,41.7,2303507.38,1437,54,0,6.27
2026-09-06T09:42:50Z,342,msedgewebview2,15152,True,12.23,2.98,2203900.73,179,8,0,0.2
2026-09-06T09:42:50Z,342,msedgewebview2,5520,True,98.27,139.78,2254183.6,712,33,0,2.31
2026-09-06T09:42:50Z,342,msedgewebview2,7436,True,44.3,14.19,2253643.63,375,21,0,1.73
2026-09-06T09:42:50Z,342,msedgewebview2,6164,True,20.5,9.3,2253431.09,186,10,0,0.25
2026-09-06T09:42:50Z,342,msedgewebview2,14668,True,99.45,49.49,3698902.14,339,28,0,0.98
2026-09-06T09:43:50Z,343,CloudOS,17500,True,74.49,30.02,57751.42,788,14,0,89.05
2026-09-06T09:43:50Z,343,CloudOS.Supervisor,23280,True,6.86,1.38,4187.85,83,1,0,3.56
2026-09-06T09:43:50Z,343,CloudOS.SystemBroker,23276,True,27.42,18.62,4246.54,181,5,0,65.88
2026-09-06T09:43:50Z,343,cloudos_flutter_shell,10800,True,221.96,1052.27,59782.92,584,52,0,209.33
2026-09-06T09:43:50Z,343,msedgewebview2,2436,True,131.41,41.63,2303475.38,1437,52,0,6.27
2026-09-06T09:43:50Z,343,msedgewebview2,15152,True,12.23,2.98,2203900.73,179,8,0,0.2
2026-09-06T09:43:50Z,343,msedgewebview2,5520,True,98.27,139.78,2254183.6,712,33,0,2.31
2026-09-06T09:43:50Z,343,msedgewebview2,7436,True,44.38,14.26,2253643.63,377,21,0,1.73
2026-09-06T09:43:50Z,343,msedgewebview2,6164,True,20.5,9.3,2253431.09,186,10,0,0.25
2026-09-06T09:43:50Z,343,msedgewebview2,14668,True,99.45,49.49,3698902.14,339,28,0,0.98
2026-09-06T09:44:50Z,344,CloudOS,17500,True,74.49,30.02,57751.42,790,14,0,89.11
2026-09-06T09:44:50Z,344,CloudOS.Supervisor,23280,True,6.86,1.38,4187.85,83,1,0,3.56
2026-09-06T09:44:50Z,344,CloudOS.SystemBroker,23276,True,27.42,18.62,4246.54,181,5,0,66.03
2026-09-06T09:44:50Z,344,cloudos_flutter_shell,10800,True,221.97,1052.29,59783.92,584,53,0,209.69
2026-09-06T09:44:50Z,344,msedgewebview2,2436,True,131.42,41.69,2303507.38,1439,54,0,6.27
2026-09-06T09:44:50Z,344,msedgewebview2,15152,True,12.24,2.99,2203900.73,179,8,0,0.2
2026-09-06T09:44:50Z,344,msedgewebview2,5520,True,98.27,139.78,2254183.6,712,33,0,2.31
2026-09-06T09:44:50Z,344,msedgewebview2,7436,True,44.35,14.28,2253675.63,379,23,0,1.73
2026-09-06T09:44:50Z,344,msedgewebview2,6164,True,20.5,9.3,2253431.09,186,10,0,0.25
2026-09-06T09:44:50Z,344,msedgewebview2,14668,True,99.45,49.49,3698902.14,339,28,0,0.98
2026-09-06T09:45:50Z,345,CloudOS,17500,True,74.48,30,57750.42,788,13,0,89.19
2026-09-06T09:45:50Z,345,CloudOS.Supervisor,23280,True,6.86,1.38,4187.85,83,1,0,3.58
2026-09-06T09:45:50Z,345,CloudOS.SystemBroker,23276,True,27.42,18.62,4246.54,181,5,0,66.22
2026-09-06T09:45:50Z,345,cloudos_flutter_shell,10800,True,221.97,1052.29,59783.92,584,53,0,210
2026-09-06T09:45:50Z,345,msedgewebview2,2436,True,131.42,41.69,2303507.38,1439,54,0,6.27
2026-09-06T09:45:50Z,345,msedgewebview2,15152,True,12.23,2.98,2203900.73,179,8,0,0.2
2026-09-06T09:45:50Z,345,msedgewebview2,5520,True,98.27,139.78,2254183.6,712,33,0,2.31
2026-09-06T09:45:50Z,345,msedgewebview2,7436,True,44.35,14.28,2253675.63,379,23,0,1.73
2026-09-06T09:45:50Z,345,msedgewebview2,6164,True,20.5,9.3,2253431.09,186,10,0,0.25
2026-09-06T09:45:50Z,345,msedgewebview2,14668,True,99.45,49.49,3698902.14,339,28,0,0.98
2026-09-06T09:46:50Z,346,CloudOS,17500,True,74.49,30.03,57751.42,790,14,0,89.25
2026-09-06T09:46:50Z,346,CloudOS.Supervisor,23280,True,6.86,1.38,4187.85,83,1,0,3.58
2026-09-06T09:46:50Z,346,CloudOS.SystemBroker,23276,True,27.42,18.62,4246.54,181,5,0,66.39
2026-09-06T09:46:50Z,346,cloudos_flutter_shell,10800,True,221.97,1052.29,59783.92,584,53,0,210.22
2026-09-06T09:46:50Z,346,msedgewebview2,2436,True,131.41,41.65,2303491.38,1435,53,0,6.28
2026-09-06T09:46:50Z,346,msedgewebview2,15152,True,12.23,2.98,2203900.73,179,8,0,0.2
2026-09-06T09:46:50Z,346,msedgewebview2,5520,True,98.27,139.78,2254183.6,712,33,0,2.31
2026-09-06T09:46:50Z,346,msedgewebview2,7436,True,44.31,14.19,2253643.63,375,21,0,1.73
2026-09-06T09:46:50Z,346,msedgewebview2,6164,True,20.5,9.3,2253431.09,186,10,0,0.25
2026-09-06T09:46:50Z,346,msedgewebview2,14668,True,99.45,49.49,3698902.14,339,28,0,0.98
2026-09-06T09:47:50Z,347,CloudOS,17500,True,74.49,30.03,57751.42,790,14,0,89.28
2026-09-06T09:47:50Z,347,CloudOS.Supervisor,23280,True,6.86,1.38,4187.85,83,1,0,3.58
2026-09-06T09:47:50Z,347,CloudOS.SystemBroker,23276,True,27.42,18.62,4246.54,181,5,0,66.59
2026-09-06T09:47:50Z,347,cloudos_flutter_shell,10800,True,221.97,1052.29,59783.92,584,53,0,210.62
2026-09-06T09:47:50Z,347,msedgewebview2,2436,True,131.41,41.66,2303491.38,1435,53,0,6.31
2026-09-06T09:47:50Z,347,msedgewebview2,15152,True,12.23,2.98,2203900.73,179,8,0,0.2
2026-09-06T09:47:50Z,347,msedgewebview2,5520,True,98.28,139.78,2254183.6,712,33,0,2.31
2026-09-06T09:47:50Z,347,msedgewebview2,7436,True,44.31,14.19,2253643.63,375,21,0,1.73
2026-09-06T09:47:50Z,347,msedgewebview2,6164,True,20.5,9.3,2253431.09,186,10,0,0.25
2026-09-06T09:47:50Z,347,msedgewebview2,14668,True,99.45,49.49,3698902.14,339,28,0,0.98
2026-09-06T09:48:50Z,348,CloudOS,17500,True,74.49,30.02,57751.42,790,14,0,89.36
2026-09-06T09:48:50Z,348,CloudOS.Supervisor,23280,True,6.86,1.38,4187.85,83,1,0,3.58
2026-09-06T09:48:50Z,348,CloudOS.SystemBroker,23276,True,27.42,18.62,4246.54,181,5,0,66.88
2026-09-06T09:48:50Z,348,cloudos_flutter_shell,10800,True,221.97,1052.29,59783.92,584,53,0,210.91
2026-09-06T09:48:50Z,348,msedgewebview2,2436,True,131.39,41.61,2303475.38,1435,52,0,6.33
2026-09-06T09:48:50Z,348,msedgewebview2,15152,True,12.23,2.98,2203900.73,179,8,0,0.2
2026-09-06T09:48:50Z,348,msedgewebview2,5520,True,98.34,139.84,2254183.6,712,33,0,2.31
2026-09-06T09:48:50Z,348,msedgewebview2,7436,True,44.31,14.19,2253643.63,375,21,0,1.73
2026-09-06T09:48:50Z,348,msedgewebview2,6164,True,20.5,9.3,2253431.09,186,10,0,0.25
2026-09-06T09:48:50Z,348,msedgewebview2,14668,True,99.45,49.49,3698902.14,339,28,0,0.98
2026-09-06T09:49:51Z,349,CloudOS,17500,True,74.49,30.02,57751.42,790,14,0,89.42
2026-09-06T09:49:51Z,349,CloudOS.Supervisor,23280,True,6.86,1.38,4187.85,83,1,0,3.58
2026-09-06T09:49:51Z,349,CloudOS.SystemBroker,23276,True,27.42,18.62,4246.54,181,5,0,67.02
2026-09-06T09:49:51Z,349,cloudos_flutter_shell,10800,True,221.96,1052.29,59783.92,584,53,0,211.09
2026-09-06T09:49:51Z,349,msedgewebview2,2436,True,131.38,41.61,2303475.38,1435,52,0,6.33
2026-09-06T09:49:51Z,349,msedgewebview2,15152,True,12.23,2.98,2203900.73,179,8,0,0.2
2026-09-06T09:49:51Z,349,msedgewebview2,5520,True,98.27,139.84,2254183.6,712,33,0,2.31
2026-09-06T09:49:51Z,349,msedgewebview2,7436,True,44.3,14.19,2253643.63,375,21,0,1.73
2026-09-06T09:49:51Z,349,msedgewebview2,6164,True,20.5,9.3,2253431.09,186,10,0,0.25
2026-09-06T09:49:51Z,349,msedgewebview2,14668,True,99.45,49.49,3698902.14,339,28,0,0.98
2026-09-06T09:50:51Z,350,CloudOS,17500,True,74.48,30.02,57751.42,788,14,0,89.58
2026-09-06T09:50:51Z,350,CloudOS.Supervisor,23280,True,6.86,1.38,4187.85,83,1,0,3.58
2026-09-06T09:50:51Z,350,CloudOS.SystemBroker,23276,True,27.42,18.62,4246.54,181,5,0,67.12
2026-09-06T09:50:51Z,350,cloudos_flutter_shell,10800,True,221.96,1052.29,59783.92,584,53,0,211.3
2026-09-06T09:50:51Z,350,msedgewebview2,2436,True,131.38,41.61,2303475.38,1435,52,0,6.33
2026-09-06T09:50:51Z,350,msedgewebview2,15152,True,12.23,2.98,2203900.73,179,8,0,0.2
2026-09-06T09:50:51Z,350,msedgewebview2,5520,True,98.27,139.84,2254183.6,712,33,0,2.31
2026-09-06T09:50:51Z,350,msedgewebview2,7436,True,44.3,14.19,2253643.63,375,21,0,1.73
2026-09-06T09:50:51Z,350,msedgewebview2,6164,True,20.5,9.3,2253431.09,186,10,0,0.25
2026-09-06T09:50:51Z,350,msedgewebview2,14668,True,99.45,49.49,3698902.14,339,28,0,0.98
2026-09-06T09:51:51Z,351,CloudOS,17500,True,74.48,30.02,57751.42,790,14,0,89.67
2026-09-06T09:51:51Z,351,CloudOS.Supervisor,23280,True,6.86,1.38,4187.85,83,1,0,3.58
2026-09-06T09:51:51Z,351,CloudOS.SystemBroker,23276,True,27.42,18.62,4246.54,181,5,0,67.2
2026-09-06T09:51:51Z,351,cloudos_flutter_shell,10800,True,221.96,1052.29,59783.92,584,53,0,211.5
2026-09-06T09:51:51Z,351,msedgewebview2,2436,True,131.4,41.65,2303491.38,1435,53,0,6.33
2026-09-06T09:51:51Z,351,msedgewebview2,15152,True,12.24,2.99,2203900.73,179,8,0,0.2
2026-09-06T09:51:51Z,351,msedgewebview2,5520,True,98.27,139.84,2254183.6,712,33,0,2.31
2026-09-06T09:51:51Z,351,msedgewebview2,7436,True,44.3,14.2,2253643.63,375,21,0,1.73
2026-09-06T09:51:51Z,351,msedgewebview2,6164,True,20.5,9.3,2253431.09,186,10,0,0.25
2026-09-06T09:51:51Z,351,msedgewebview2,14668,True,99.45,49.49,3698902.14,339,28,0,0.98
2026-09-06T09:52:51Z,352,CloudOS,17500,True,74.48,30.02,57751.42,788,14,0,89.7
2026-09-06T09:52:51Z,352,CloudOS.Supervisor,23280,True,6.86,1.38,4187.85,83,1,0,3.58
2026-09-06T09:52:51Z,352,CloudOS.SystemBroker,23276,True,27.42,18.62,4246.54,181,5,0,67.44
2026-09-06T09:52:51Z,352,cloudos_flutter_shell,10800,True,221.96,1052.29,59783.92,584,53,0,211.69
2026-09-06T09:52:51Z,352,msedgewebview2,2436,True,131.4,41.65,2303491.38,1435,53,0,6.33
2026-09-06T09:52:51Z,352,msedgewebview2,15152,True,12.24,2.99,2203900.73,179,8,0,0.2
2026-09-06T09:52:51Z,352,msedgewebview2,5520,True,98.3,139.81,2254183.6,712,33,0,2.31
2026-09-06T09:52:51Z,352,msedgewebview2,7436,True,44.3,14.19,2253643.63,375,21,0,1.73
2026-09-06T09:52:51Z,352,msedgewebview2,6164,True,20.5,9.3,2253431.09,186,10,0,0.25
2026-09-06T09:52:51Z,352,msedgewebview2,14668,True,99.45,49.49,3698902.14,339,28,0,0.98
2026-09-06T09:53:51Z,353,CloudOS,17500,True,74.48,30.02,57751.42,790,14,0,89.75
2026-09-06T09:53:51Z,353,CloudOS.Supervisor,23280,True,6.86,1.38,4187.85,83,1,0,3.58
2026-09-06T09:53:51Z,353,CloudOS.SystemBroker,23276,True,27.42,18.62,4246.54,181,5,0,67.58
2026-09-06T09:53:51Z,353,cloudos_flutter_shell,10800,True,221.96,1052.29,59783.92,584,53,0,212.06
2026-09-06T09:53:51Z,353,msedgewebview2,2436,True,131.38,41.6,2303475.38,1435,52,0,6.34
2026-09-06T09:53:51Z,353,msedgewebview2,15152,True,12.24,2.99,2203900.73,179,8,0,0.2
2026-09-06T09:53:51Z,353,msedgewebview2,5520,True,98.3,139.81,2254183.6,712,33,0,2.31
2026-09-06T09:53:51Z,353,msedgewebview2,7436,True,44.3,14.19,2253643.63,375,21,0,1.73
2026-09-06T09:53:51Z,353,msedgewebview2,6164,True,20.5,9.3,2253431.09,186,10,0,0.25
2026-09-06T09:53:51Z,353,msedgewebview2,14668,True,99.45,49.49,3698902.14,339,28,0,0.98
2026-09-06T09:54:51Z,354,CloudOS,17500,True,74.47,30,57750.42,788,13,0,89.81
2026-09-06T09:54:51Z,354,CloudOS.Supervisor,23280,True,6.86,1.38,4187.85,83,1,0,3.58
2026-09-06T09:54:51Z,354,CloudOS.SystemBroker,23276,True,27.42,18.62,4246.54,181,5,0,67.75
2026-09-06T09:54:51Z,354,cloudos_flutter_shell,10800,True,221.96,1052.29,59783.92,584,53,0,212.47
2026-09-06T09:54:51Z,354,msedgewebview2,2436,True,131.43,41.7,2303507.38,1437,54,0,6.34
2026-09-06T09:54:51Z,354,msedgewebview2,15152,True,12.23,2.98,2203900.73,179,8,0,0.2
2026-09-06T09:54:51Z,354,msedgewebview2,5520,True,98.3,139.81,2254183.6,712,33,0,2.31
2026-09-06T09:54:51Z,354,msedgewebview2,7436,True,44.35,14.28,2253675.63,377,23,0,1.73
2026-09-06T09:54:51Z,354,msedgewebview2,6164,True,20.5,9.3,2253431.09,186,10,0,0.25
2026-09-06T09:54:51Z,354,msedgewebview2,14668,True,99.45,49.5,3698902.14,339,28,0,0.98
2026-09-06T09:55:52Z,355,CloudOS,17500,True,74.49,30.02,57751.42,790,14,0,89.94
2026-09-06T09:55:52Z,355,CloudOS.Supervisor,23280,True,6.86,1.38,4187.85,83,1,0,3.58
2026-09-06T09:55:52Z,355,CloudOS.SystemBroker,23276,True,27.42,18.62,4246.54,181,5,0,68
2026-09-06T09:55:52Z,355,cloudos_flutter_shell,10800,True,221.96,1052.29,59783.92,584,53,0,212.81
2026-09-06T09:55:52Z,355,msedgewebview2,2436,True,131.43,41.71,2303507.38,1437,54,0,6.34
2026-09-06T09:55:52Z,355,msedgewebview2,15152,True,12.23,2.98,2203900.73,179,8,0,0.2
2026-09-06T09:55:52Z,355,msedgewebview2,5520,True,98.3,139.81,2254183.6,712,33,0,2.31
2026-09-06T09:55:52Z,355,msedgewebview2,7436,True,44.35,14.28,2253675.63,377,23,0,1.73
2026-09-06T09:55:52Z,355,msedgewebview2,6164,True,20.5,9.3,2253431.09,186,10,0,0.25
2026-09-06T09:55:52Z,355,msedgewebview2,14668,True,99.45,49.49,3698902.14,339,28,0,0.98
2026-09-06T09:56:52Z,356,CloudOS,17500,True,74.49,30.02,57751.42,790,14,0,90
2026-09-06T09:56:52Z,356,CloudOS.Supervisor,23280,True,6.86,1.38,4187.85,83,1,0,3.58
2026-09-06T09:56:52Z,356,CloudOS.SystemBroker,23276,True,27.42,18.62,4246.54,181,5,0,68.06
2026-09-06T09:56:52Z,356,cloudos_flutter_shell,10800,True,221.96,1052.29,59783.92,584,53,0,212.98
2026-09-06T09:56:52Z,356,msedgewebview2,2436,True,131.47,41.75,2303507.38,1438,54,0,6.34
2026-09-06T09:56:52Z,356,msedgewebview2,15152,True,12.24,2.99,2203900.73,179,8,0,0.2
2026-09-06T09:56:52Z,356,msedgewebview2,5520,True,98.3,139.81,2254183.6,712,33,0,2.31
2026-09-06T09:56:52Z,356,msedgewebview2,7436,True,44.31,14.19,2253643.63,375,21,0,1.73
2026-09-06T09:56:52Z,356,msedgewebview2,6164,True,20.5,9.3,2253431.09,186,10,0,0.25
2026-09-06T09:56:52Z,356,msedgewebview2,14668,True,99.45,49.49,3698902.14,339,28,0,0.98
2026-09-06T09:57:52Z,357,CloudOS,17500,True,74.49,30.02,57751.42,790,14,0,90.05
2026-09-06T09:57:52Z,357,CloudOS.Supervisor,23280,True,6.86,1.38,4187.85,83,1,0,3.59
2026-09-06T09:57:52Z,357,CloudOS.SystemBroker,23276,True,27.42,18.62,4246.54,181,5,0,68.28
2026-09-06T09:57:52Z,357,cloudos_flutter_shell,10800,True,221.96,1052.29,59783.92,584,53,0,213.17
2026-09-06T09:57:52Z,357,msedgewebview2,2436,True,131.43,41.7,2303507.38,1437,54,0,6.34
2026-09-06T09:57:52Z,357,msedgewebview2,15152,True,12.23,2.98,2203900.73,179,8,0,0.2
2026-09-06T09:57:52Z,357,msedgewebview2,5520,True,98.28,139.78,2254183.6,712,33,0,2.31
2026-09-06T09:57:52Z,357,msedgewebview2,7436,True,44.31,14.19,2253643.63,375,21,0,1.73
2026-09-06T09:57:52Z,357,msedgewebview2,6164,True,20.5,9.3,2253431.09,186,10,0,0.25
2026-09-06T09:57:52Z,357,msedgewebview2,14668,True,99.45,49.49,3698902.14,339,28,0,0.98
2026-09-06T09:58:52Z,358,CloudOS,17500,True,74.49,30.02,57751.42,790,14,0,90.12
2026-09-06T09:58:52Z,358,CloudOS.Supervisor,23280,True,6.86,1.38,4187.85,83,1,0,3.59
2026-09-06T09:58:52Z,358,CloudOS.SystemBroker,23276,True,27.42,18.62,4246.54,181,5,0,68.39
2026-09-06T09:58:52Z,358,cloudos_flutter_shell,10800,True,221.96,1052.29,59783.92,584,53,0,213.5
2026-09-06T09:58:52Z,358,msedgewebview2,2436,True,131.41,41.64,2303475.38,1437,52,0,6.34
2026-09-06T09:58:52Z,358,msedgewebview2,15152,True,12.23,2.98,2203900.73,179,8,0,0.2
2026-09-06T09:58:52Z,358,msedgewebview2,5520,True,98.28,139.78,2254183.6,712,33,0,2.31
2026-09-06T09:58:52Z,358,msedgewebview2,7436,True,44.38,14.27,2253643.63,377,21,0,1.73
2026-09-06T09:58:52Z,358,msedgewebview2,6164,True,20.5,9.3,2253431.09,186,10,0,0.25
2026-09-06T09:58:52Z,358,msedgewebview2,14668,True,99.45,49.49,3698902.14,339,28,0,0.98
2026-09-06T09:59:52Z,359,CloudOS,17500,True,74.48,30.02,57751.42,788,14,0,90.2
2026-09-06T09:59:52Z,359,CloudOS.Supervisor,23280,True,6.86,1.38,4187.85,83,1,0,3.59
2026-09-06T09:59:52Z,359,CloudOS.SystemBroker,23276,True,27.42,18.62,4246.54,181,5,0,68.59
2026-09-06T09:59:52Z,359,cloudos_flutter_shell,10800,True,221.96,1052.29,59783.92,584,53,0,213.67
2026-09-06T09:59:52Z,359,msedgewebview2,2436,True,131.43,41.7,2303507.38,1437,54,0,6.34
2026-09-06T09:59:52Z,359,msedgewebview2,15152,True,12.23,2.98,2203900.73,179,8,0,0.2
2026-09-06T09:59:52Z,359,msedgewebview2,5520,True,98.28,139.78,2254183.6,712,33,0,2.31
2026-09-06T09:59:52Z,359,msedgewebview2,7436,True,44.35,14.28,2253675.63,377,23,0,1.73
2026-09-06T09:59:52Z,359,msedgewebview2,6164,True,20.5,9.3,2253431.09,186,10,0,0.25
2026-09-06T09:59:52Z,359,msedgewebview2,14668,True,99.45,49.49,3698902.14,339,28,0,0.98
2026-09-06T10:00:52Z,360,CloudOS,17500,True,74.48,30.02,57751.42,790,14,0,90.33
2026-09-06T10:00:52Z,360,CloudOS.Supervisor,23280,True,6.86,1.38,4187.85,83,1,0,3.61
2026-09-06T10:00:52Z,360,CloudOS.SystemBroker,23276,True,27.42,18.62,4246.54,181,5,0,68.88
2026-09-06T10:00:52Z,360,cloudos_flutter_shell,10800,True,221.97,1052.3,59783.92,584,53,0,214.02
2026-09-06T10:00:52Z,360,msedgewebview2,2436,True,131.38,41.61,2303475.38,1435,52,0,6.36
2026-09-06T10:00:52Z,360,msedgewebview2,15152,True,12.23,2.98,2203900.73,179,8,0,0.2
2026-09-06T10:00:52Z,360,msedgewebview2,5520,True,98.28,139.78,2254183.6,712,33,0,2.31
2026-09-06T10:00:52Z,360,msedgewebview2,7436,True,44.31,14.19,2253643.63,375,21,0,1.73
2026-09-06T10:00:52Z,360,msedgewebview2,6164,True,20.5,9.3,2253431.09,186,10,0,0.25
2026-09-06T10:00:52Z,360,msedgewebview2,14668,True,99.45,49.49,3698902.14,339,28,0,0.98
2026-09-06T10:01:52Z,361,CloudOS,17500,True,74.49,30.02,57751.42,788,14,0,90.44
2026-09-06T10:01:52Z,361,CloudOS.Supervisor,23280,True,6.86,1.38,4187.85,83,1,0,3.61
2026-09-06T10:01:52Z,361,CloudOS.SystemBroker,23276,True,27.42,18.62,4246.54,181,5,0,69.09
2026-09-06T10:01:52Z,361,cloudos_flutter_shell,10800,True,221.97,1052.3,59783.92,584,53,0,214.38
2026-09-06T10:01:52Z,361,msedgewebview2,2436,True,131.41,41.66,2303491.38,1435,53,0,6.36
2026-09-06T10:01:52Z,361,msedgewebview2,15152,True,12.23,2.98,2203900.73,179,8,0,0.2
2026-09-06T10:01:52Z,361,msedgewebview2,5520,True,98.28,139.78,2254183.6,712,33,0,2.33
2026-09-06T10:01:52Z,361,msedgewebview2,7436,True,44.31,14.19,2253643.63,375,21,0,1.73
2026-09-06T10:01:52Z,361,msedgewebview2,6164,True,20.5,9.3,2253431.09,186,10,0,0.25
2026-09-06T10:01:52Z,361,msedgewebview2,14668,True,99.45,49.49,3698902.14,339,28,0,0.98
2026-09-06T10:02:53Z,362,CloudOS,17500,True,74.49,30.02,57751.42,790,14,0,90.59
2026-09-06T10:02:53Z,362,CloudOS.Supervisor,23280,True,6.86,1.38,4187.85,83,1,0,3.61
2026-09-06T10:02:53Z,362,CloudOS.SystemBroker,23276,True,27.42,18.62,4246.54,181,5,0,69.31
2026-09-06T10:02:53Z,362,cloudos_flutter_shell,10800,True,221.97,1052.3,59783.92,584,53,0,214.56
2026-09-06T10:02:53Z,362,msedgewebview2,2436,True,131.45,41.72,2303507.38,1437,54,0,6.38
2026-09-06T10:02:53Z,362,msedgewebview2,15152,True,12.24,2.99,2203900.73,179,8,0,0.2
2026-09-06T10:02:53Z,362,msedgewebview2,5520,True,98.28,139.78,2254183.6,712,33,0,2.33
2026-09-06T10:02:53Z,362,msedgewebview2,7436,True,44.35,14.28,2253675.63,377,23,0,1.75
2026-09-06T10:02:53Z,362,msedgewebview2,6164,True,20.5,9.3,2253431.09,186,10,0,0.25
2026-09-06T10:02:53Z,362,msedgewebview2,14668,True,99.45,49.49,3698902.14,339,28,0,0.98
2026-09-06T10:03:53Z,363,CloudOS,17500,True,74.48,30,57750.42,788,13,0,90.64
2026-09-06T10:03:53Z,363,CloudOS.Supervisor,23280,True,6.86,1.38,4187.85,83,1,0,3.61
2026-09-06T10:03:53Z,363,CloudOS.SystemBroker,23276,True,27.42,18.62,4246.54,181,5,0,69.5
2026-09-06T10:03:53Z,363,cloudos_flutter_shell,10800,True,221.97,1052.3,59783.92,584,53,0,214.83
2026-09-06T10:03:53Z,363,msedgewebview2,2436,True,131.38,41.61,2303475.38,1435,52,0,6.38
2026-09-06T10:03:53Z,363,msedgewebview2,15152,True,12.23,2.98,2203900.73,179,8,0,0.2
2026-09-06T10:03:53Z,363,msedgewebview2,5520,True,98.28,139.78,2254183.6,712,33,0,2.33
2026-09-06T10:03:53Z,363,msedgewebview2,7436,True,44.31,14.2,2253643.63,375,21,0,1.75
2026-09-06T10:03:53Z,363,msedgewebview2,6164,True,20.5,9.3,2253431.09,186,10,0,0.25
2026-09-06T10:03:53Z,363,msedgewebview2,14668,True,99.46,49.5,3698902.14,339,28,0,0.98
2026-09-06T10:04:53Z,364,CloudOS,17500,True,74.49,30.02,57751.42,790,14,0,90.73
2026-09-06T10:04:53Z,364,CloudOS.Supervisor,23280,True,6.86,1.38,4187.85,83,1,0,3.62
2026-09-06T10:04:53Z,364,CloudOS.SystemBroker,23276,True,27.42,18.62,4246.54,181,5,0,69.66
2026-09-06T10:04:53Z,364,cloudos_flutter_shell,10800,True,221.97,1052.3,59783.92,584,53,0,215.11
2026-09-06T10:04:53Z,364,msedgewebview2,2436,True,131.43,41.7,2303507.38,1437,54,0,6.38
2026-09-06T10:04:53Z,364,msedgewebview2,15152,True,12.23,2.98,2203900.73,179,8,0,0.2
2026-09-06T10:04:53Z,364,msedgewebview2,5520,True,98.27,139.78,2254183.6,712,33,0,2.33
2026-09-06T10:04:53Z,364,msedgewebview2,7436,True,44.34,14.28,2253675.63,377,23,0,1.75
2026-09-06T10:04:53Z,364,msedgewebview2,6164,True,20.5,9.3,2253431.09,186,10,0,0.25
2026-09-06T10:04:53Z,364,msedgewebview2,14668,True,99.45,49.49,3698902.14,339,28,0,1
2026-09-06T10:05:53Z,365,CloudOS,17500,True,74.47,30,57750.42,788,13,0,90.83
2026-09-06T10:05:53Z,365,CloudOS.Supervisor,23280,True,6.86,1.38,4187.85,83,1,0,3.62
2026-09-06T10:05:53Z,365,CloudOS.SystemBroker,23276,True,27.42,18.62,4246.54,181,5,0,69.8
2026-09-06T10:05:53Z,365,cloudos_flutter_shell,10800,True,221.97,1052.3,59783.92,584,53,0,215.52
2026-09-06T10:05:53Z,365,msedgewebview2,2436,True,131.43,41.7,2303507.38,1437,54,0,6.38
2026-09-06T10:05:53Z,365,msedgewebview2,15152,True,12.24,2.99,2203900.73,179,8,0,0.2
2026-09-06T10:05:53Z,365,msedgewebview2,5520,True,98.27,139.78,2254183.6,712,33,0,2.33
2026-09-06T10:05:53Z,365,msedgewebview2,7436,True,44.34,14.27,2253675.63,377,23,0,1.75
2026-09-06T10:05:53Z,365,msedgewebview2,6164,True,20.5,9.3,2253431.09,186,10,0,0.25
2026-09-06T10:05:53Z,365,msedgewebview2,14668,True,99.45,49.49,3698902.14,339,28,0,1
2026-09-06T10:06:53Z,366,CloudOS,17500,True,74.49,30.02,57751.42,790,14,0,90.94
2026-09-06T10:06:53Z,366,CloudOS.Supervisor,23280,True,6.86,1.38,4187.85,83,1,0,3.64
2026-09-06T10:06:53Z,366,CloudOS.SystemBroker,23276,True,27.42,18.62,4246.54,181,5,0,69.94
2026-09-06T10:06:53Z,366,cloudos_flutter_shell,10800,True,221.97,1052.3,59783.92,584,53,0,215.94
2026-09-06T10:06:53Z,366,msedgewebview2,2436,True,131.41,41.66,2303491.38,1435,53,0,6.38
2026-09-06T10:06:53Z,366,msedgewebview2,15152,True,12.24,2.99,2203900.73,179,8,0,0.2
2026-09-06T10:06:53Z,366,msedgewebview2,5520,True,98.28,139.78,2254183.6,712,33,0,2.33
2026-09-06T10:06:53Z,366,msedgewebview2,7436,True,44.3,14.19,2253643.63,375,21,0,1.75
2026-09-06T10:06:53Z,366,msedgewebview2,6164,True,20.5,9.3,2253431.09,186,10,0,0.25
2026-09-06T10:06:53Z,366,msedgewebview2,14668,True,99.45,49.49,3698902.14,339,28,0,1
2026-09-06T10:07:53Z,367,CloudOS,17500,True,74.49,30.02,57751.42,790,14,0,90.98
2026-09-06T10:07:53Z,367,CloudOS.Supervisor,23280,True,6.86,1.38,4187.85,83,1,0,3.64
2026-09-06T10:07:53Z,367,CloudOS.SystemBroker,23276,True,27.42,18.62,4246.54,181,5,0,70.09
2026-09-06T10:07:53Z,367,cloudos_flutter_shell,10800,True,221.97,1052.3,59783.92,584,53,0,216.12
2026-09-06T10:07:53Z,367,msedgewebview2,2436,True,131.4,41.65,2303491.38,1435,53,0,6.39
2026-09-06T10:07:53Z,367,msedgewebview2,15152,True,12.23,2.98,2203900.73,179,8,0,0.2
2026-09-06T10:07:53Z,367,msedgewebview2,5520,True,98.28,139.78,2254183.6,712,33,0,2.34
2026-09-06T10:07:53Z,367,msedgewebview2,7436,True,44.31,14.2,2253643.63,375,21,0,1.75
2026-09-06T10:07:53Z,367,msedgewebview2,6164,True,20.5,9.3,2253431.09,186,10,0,0.25
2026-09-06T10:07:53Z,367,msedgewebview2,14668,True,99.45,49.49,3698902.14,339,28,0,1
2026-09-06T10:08:54Z,368,CloudOS,17500,True,74.49,30.02,57751.42,788,14,0,91.17
2026-09-06T10:08:54Z,368,CloudOS.Supervisor,23280,True,6.86,1.38,4187.85,83,1,0,3.64
2026-09-06T10:08:54Z,368,CloudOS.SystemBroker,23276,True,27.42,18.62,4246.54,181,5,0,70.25
2026-09-06T10:08:54Z,368,cloudos_flutter_shell,10800,True,221.97,1052.3,59783.92,584,53,0,216.42
2026-09-06T10:08:54Z,368,msedgewebview2,2436,True,131.38,41.61,2303475.38,1435,52,0,6.39
2026-09-06T10:08:54Z,368,msedgewebview2,15152,True,12.23,2.98,2203900.73,179,8,0,0.2
2026-09-06T10:08:54Z,368,msedgewebview2,5520,True,98.28,139.78,2254183.6,712,33,0,2.34
2026-09-06T10:08:54Z,368,msedgewebview2,7436,True,44.3,14.19,2253643.63,375,21,0,1.75
2026-09-06T10:08:54Z,368,msedgewebview2,6164,True,20.5,9.3,2253431.09,186,10,0,0.25
2026-09-06T10:08:54Z,368,msedgewebview2,14668,True,99.46,49.5,3698902.14,339,28,0,1
2026-09-06T10:09:54Z,369,CloudOS,17500,True,74.49,30.02,57751.42,790,14,0,91.27
2026-09-06T10:09:54Z,369,CloudOS.Supervisor,23280,True,6.86,1.38,4187.85,83,1,0,3.64
2026-09-06T10:09:54Z,369,CloudOS.SystemBroker,23276,True,27.42,18.62,4246.54,181,5,0,70.45
2026-09-06T10:09:54Z,369,cloudos_flutter_shell,10800,True,221.97,1052.3,59783.92,584,53,0,216.58
2026-09-06T10:09:54Z,369,msedgewebview2,2436,True,131.38,41.61,2303475.38,1435,52,0,6.42
2026-09-06T10:09:54Z,369,msedgewebview2,15152,True,12.24,2.99,2203900.73,179,8,0,0.2
2026-09-06T10:09:54Z,369,msedgewebview2,5520,True,98.28,139.78,2254183.6,712,33,0,2.34
2026-09-06T10:09:54Z,369,msedgewebview2,7436,True,44.3,14.19,2253643.63,375,21,0,1.75
2026-09-06T10:09:54Z,369,msedgewebview2,6164,True,20.5,9.3,2253431.09,186,10,0,0.25
2026-09-06T10:09:54Z,369,msedgewebview2,14668,True,99.45,49.49,3698902.14,339,28,0,1
2026-09-06T10:10:54Z,370,CloudOS,17500,True,74.49,30.02,57751.42,788,14,0,91.34
2026-09-06T10:10:54Z,370,CloudOS.Supervisor,23280,True,6.86,1.38,4187.85,83,1,0,3.64
2026-09-06T10:10:54Z,370,CloudOS.SystemBroker,23276,True,27.42,18.62,4246.54,181,5,0,70.72
2026-09-06T10:10:54Z,370,cloudos_flutter_shell,10800,True,221.97,1052.3,59783.92,584,53,0,216.92
2026-09-06T10:10:54Z,370,msedgewebview2,2436,True,131.38,41.61,2303475.38,1435,52,0,6.42
2026-09-06T10:10:54Z,370,msedgewebview2,15152,True,12.24,2.99,2203900.73,179,8,0,0.2
2026-09-06T10:10:54Z,370,msedgewebview2,5520,True,98.28,139.78,2254183.6,712,33,0,2.34
2026-09-06T10:10:54Z,370,msedgewebview2,7436,True,44.31,14.2,2253643.63,375,21,0,1.75
2026-09-06T10:10:54Z,370,msedgewebview2,6164,True,20.5,9.3,2253431.09,186,10,0,0.25
2026-09-06T10:10:54Z,370,msedgewebview2,14668,True,99.45,49.49,3698902.14,339,28,0,1
2026-09-06T10:11:54Z,371,CloudOS,17500,True,74.49,30.02,57751.42,790,14,0,91.44
2026-09-06T10:11:54Z,371,CloudOS.Supervisor,23280,True,6.86,1.38,4187.85,83,1,0,3.66
2026-09-06T10:11:54Z,371,CloudOS.SystemBroker,23276,True,27.42,18.62,4246.54,181,5,0,70.91
2026-09-06T10:11:54Z,371,cloudos_flutter_shell,10800,True,221.97,1052.3,59783.92,584,53,0,217.28
2026-09-06T10:11:54Z,371,msedgewebview2,2436,True,131.47,41.75,2303507.38,1440,54,0,6.42
2026-09-06T10:11:54Z,371,msedgewebview2,15152,True,12.24,2.99,2203900.73,179,8,0,0.22
2026-09-06T10:11:54Z,371,msedgewebview2,5520,True,98.28,139.78,2254183.6,712,33,0,2.34
2026-09-06T10:11:54Z,371,msedgewebview2,7436,True,44.3,14.19,2253643.63,375,21,0,1.75
2026-09-06T10:11:54Z,371,msedgewebview2,6164,True,20.5,9.3,2253431.09,186,10,0,0.25
2026-09-06T10:11:54Z,371,msedgewebview2,14668,True,99.45,49.49,3698902.14,339,28,0,1
2026-09-06T10:12:54Z,372,CloudOS,17500,True,74.48,30,57750.42,788,13,0,91.48
2026-09-06T10:12:54Z,372,CloudOS.Supervisor,23280,True,6.86,1.38,4187.85,83,1,0,3.67
2026-09-06T10:12:54Z,372,CloudOS.SystemBroker,23276,True,27.42,18.62,4246.54,181,5,0,71.19
2026-09-06T10:12:54Z,372,cloudos_flutter_shell,10800,True,221.97,1052.3,59783.92,584,53,0,217.53
2026-09-06T10:12:54Z,372,msedgewebview2,2436,True,131.41,41.66,2303491.38,1437,53,0,6.42
2026-09-06T10:12:54Z,372,msedgewebview2,15152,True,12.23,2.98,2203900.73,179,8,0,0.22
2026-09-06T10:12:54Z,372,msedgewebview2,5520,True,98.28,139.78,2254183.6,712,33,0,2.34
2026-09-06T10:12:54Z,372,msedgewebview2,7436,True,44.3,14.19,2253643.63,375,21,0,1.75
2026-09-06T10:12:54Z,372,msedgewebview2,6164,True,20.5,9.3,2253431.09,186,10,0,0.25
2026-09-06T10:12:54Z,372,msedgewebview2,14668,True,99.46,49.5,3698902.14,339,28,0,1
2026-09-06T10:13:54Z,373,CloudOS,17500,True,74.49,30.03,57751.42,790,14,0,91.58
2026-09-06T10:13:54Z,373,CloudOS.Supervisor,23280,True,6.86,1.38,4187.85,83,1,0,3.67
2026-09-06T10:13:54Z,373,CloudOS.SystemBroker,23276,True,27.42,18.62,4246.54,181,5,0,71.36
2026-09-06T10:13:54Z,373,cloudos_flutter_shell,10800,True,221.98,1052.29,59783.92,584,53,0,217.81
2026-09-06T10:13:54Z,373,msedgewebview2,2436,True,131.44,41.66,2303475.38,1437,52,0,6.42
2026-09-06T10:13:54Z,373,msedgewebview2,15152,True,12.23,2.98,2203900.73,179,8,0,0.22
2026-09-06T10:13:54Z,373,msedgewebview2,5520,True,98.28,139.78,2254183.6,712,33,0,2.34
2026-09-06T10:13:54Z,373,msedgewebview2,7436,True,44.39,14.28,2253643.63,377,21,0,1.75
2026-09-06T10:13:54Z,373,msedgewebview2,6164,True,20.5,9.3,2253431.09,186,10,0,0.25
2026-09-06T10:13:54Z,373,msedgewebview2,14668,True,99.45,49.49,3698902.14,339,28,0,1
2026-09-06T10:14:54Z,374,CloudOS,17500,True,74.48,30,57750.42,788,13,0,91.64
2026-09-06T10:14:54Z,374,CloudOS.Supervisor,23280,True,6.86,1.38,4187.85,83,1,0,3.67
2026-09-06T10:14:54Z,374,CloudOS.SystemBroker,23276,True,27.42,18.62,4246.54,181,5,0,71.7
2026-09-06T10:14:54Z,374,cloudos_flutter_shell,10800,True,221.98,1052.29,59783.92,584,53,0,218.11
2026-09-06T10:14:54Z,374,msedgewebview2,2436,True,131.43,41.7,2303507.38,1439,54,0,6.44
2026-09-06T10:14:54Z,374,msedgewebview2,15152,True,12.23,2.98,2203900.73,179,8,0,0.22
2026-09-06T10:14:54Z,374,msedgewebview2,5520,True,98.29,139.78,2254183.6,712,33,0,2.34
2026-09-06T10:14:54Z,374,msedgewebview2,7436,True,44.35,14.28,2253675.63,379,23,0,1.75
2026-09-06T10:14:54Z,374,msedgewebview2,6164,True,20.5,9.3,2253431.09,186,10,0,0.25
2026-09-06T10:14:54Z,374,msedgewebview2,14668,True,99.46,49.5,3698902.14,339,28,0,1
2026-09-06T10:15:55Z,375,CloudOS,17500,True,74.49,30.03,57751.42,790,14,0,91.64
2026-09-06T10:15:55Z,375,CloudOS.Supervisor,23280,True,6.86,1.38,4187.85,83,1,0,3.7
2026-09-06T10:15:55Z,375,CloudOS.SystemBroker,23276,True,27.42,18.62,4246.54,181,5,0,71.77
2026-09-06T10:15:55Z,375,cloudos_flutter_shell,10800,True,221.98,1052.29,59783.92,584,53,0,218.34
2026-09-06T10:15:55Z,375,msedgewebview2,2436,True,131.43,41.7,2303507.38,1439,54,0,6.45
2026-09-06T10:15:55Z,375,msedgewebview2,15152,True,12.24,2.99,2203900.73,179,8,0,0.22
2026-09-06T10:15:55Z,375,msedgewebview2,5520,True,98.29,139.78,2254183.6,712,33,0,2.34
2026-09-06T10:15:55Z,375,msedgewebview2,7436,True,44.35,14.28,2253675.63,379,23,0,1.75
2026-09-06T10:15:55Z,375,msedgewebview2,6164,True,20.5,9.3,2253431.09,186,10,0,0.25
2026-09-06T10:15:55Z,375,msedgewebview2,14668,True,99.45,49.49,3698902.14,339,28,0,1.02
2026-09-06T10:16:55Z,376,CloudOS,17500,True,74.49,30.03,57751.42,790,14,0,91.7
2026-09-06T10:16:55Z,376,CloudOS.Supervisor,23280,True,6.86,1.38,4187.85,83,1,0,3.7
2026-09-06T10:16:55Z,376,CloudOS.SystemBroker,23276,True,27.42,18.62,4246.54,181,5,0,72
2026-09-06T10:16:55Z,376,cloudos_flutter_shell,10800,True,221.98,1052.29,59783.92,584,53,0,218.64
2026-09-06T10:16:55Z,376,msedgewebview2,2436,True,131.4,41.65,2303491.38,1435,53,0,6.47
2026-09-06T10:16:55Z,376,msedgewebview2,15152,True,12.24,2.99,2203900.73,179,8,0,0.22
2026-09-06T10:16:55Z,376,msedgewebview2,5520,True,98.29,139.78,2254183.6,712,33,0,2.34
2026-09-06T10:16:55Z,376,msedgewebview2,7436,True,44.31,14.2,2253643.63,375,21,0,1.75
2026-09-06T10:16:55Z,376,msedgewebview2,6164,True,20.5,9.3,2253431.09,186,10,0,0.25
2026-09-06T10:16:55Z,376,msedgewebview2,14668,True,99.45,49.49,3698902.14,339,28,0,1.02
2026-09-06T10:17:55Z,377,CloudOS,17500,True,74.49,30.03,57751.42,790,14,0,91.78
2026-09-06T10:17:55Z,377,CloudOS.Supervisor,23280,True,6.86,1.38,4187.85,83,1,0,3.7
2026-09-06T10:17:55Z,377,CloudOS.SystemBroker,23276,True,27.42,18.62,4246.54,181,5,0,72.17
2026-09-06T10:17:55Z,377,cloudos_flutter_shell,10800,True,221.98,1052.29,59783.92,584,53,0,218.88
2026-09-06T10:17:55Z,377,msedgewebview2,2436,True,131.4,41.65,2303491.38,1435,53,0,6.47
2026-09-06T10:17:55Z,377,msedgewebview2,15152,True,12.23,2.98,2203900.73,179,8,0,0.22
2026-09-06T10:17:55Z,377,msedgewebview2,5520,True,98.29,139.78,2254183.6,712,33,0,2.34
2026-09-06T10:17:55Z,377,msedgewebview2,7436,True,44.31,14.19,2253643.63,375,21,0,1.75
2026-09-06T10:17:55Z,377,msedgewebview2,6164,True,20.5,9.3,2253431.09,186,10,0,0.25
2026-09-06T10:17:55Z,377,msedgewebview2,14668,True,99.45,49.49,3698902.14,339,28,0,1.02
2026-09-06T10:18:55Z,378,CloudOS,17500,True,74.49,30.03,57751.42,790,14,0,91.84
2026-09-06T10:18:55Z,378,CloudOS.Supervisor,23280,True,6.86,1.38,4187.85,83,1,0,3.7
2026-09-06T10:18:55Z,378,CloudOS.SystemBroker,23276,True,27.42,18.62,4246.54,181,5,0,72.44
2026-09-06T10:18:55Z,378,cloudos_flutter_shell,10800,True,221.98,1052.29,59783.92,584,53,0,219.11
2026-09-06T10:18:55Z,378,msedgewebview2,2436,True,131.38,41.61,2303475.38,1435,52,0,6.48
2026-09-06T10:18:55Z,378,msedgewebview2,15152,True,12.23,2.98,2203900.73,179,8,0,0.22
2026-09-06T10:18:55Z,378,msedgewebview2,5520,True,98.29,139.78,2254183.6,712,33,0,2.34
2026-09-06T10:18:55Z,378,msedgewebview2,7436,True,44.31,14.2,2253643.63,375,21,0,1.75
2026-09-06T10:18:55Z,378,msedgewebview2,6164,True,20.5,9.3,2253431.09,186,10,0,0.25
2026-09-06T10:18:55Z,378,msedgewebview2,14668,True,99.45,49.49,3698902.14,339,28,0,1.02
2026-09-06T10:19:55Z,379,CloudOS,17500,True,74.49,30.03,57751.42,788,14,0,91.92
2026-09-06T10:19:55Z,379,CloudOS.Supervisor,23280,True,6.86,1.38,4187.85,83,1,0,3.72
2026-09-06T10:19:55Z,379,CloudOS.SystemBroker,23276,True,27.42,18.62,4246.54,181,5,0,72.64
2026-09-06T10:19:55Z,379,cloudos_flutter_shell,10800,True,221.96,1052.29,59783.92,584,53,0,219.31
2026-09-06T10:19:55Z,379,msedgewebview2,2436,True,131.38,41.61,2303475.38,1435,52,0,6.48
2026-09-06T10:19:55Z,379,msedgewebview2,15152,True,12.23,2.98,2203900.73,179,8,0,0.22
2026-09-06T10:19:55Z,379,msedgewebview2,5520,True,98.27,139.78,2254183.6,712,33,0,2.34
2026-09-06T10:19:55Z,379,msedgewebview2,7436,True,44.3,14.19,2253643.63,375,21,0,1.75
2026-09-06T10:19:55Z,379,msedgewebview2,6164,True,20.5,9.3,2253431.09,186,10,0,0.25
2026-09-06T10:19:55Z,379,msedgewebview2,14668,True,99.45,49.49,3698902.14,339,28,0,1.02
2026-09-06T10:20:55Z,380,CloudOS,17500,True,74.49,30.03,57751.42,790,14,0,92.02
2026-09-06T10:20:55Z,380,CloudOS.Supervisor,23280,True,6.86,1.38,4187.85,83,1,0,3.72
2026-09-06T10:20:55Z,380,CloudOS.SystemBroker,23276,True,27.42,18.62,4246.54,181,5,0,72.83
2026-09-06T10:20:55Z,380,cloudos_flutter_shell,10800,True,221.96,1052.29,59783.92,584,53,0,219.45
2026-09-06T10:20:55Z,380,msedgewebview2,2436,True,131.38,41.61,2303475.38,1435,52,0,6.48
2026-09-06T10:20:55Z,380,msedgewebview2,15152,True,12.23,2.98,2203900.73,179,8,0,0.22
2026-09-06T10:20:55Z,380,msedgewebview2,5520,True,98.27,139.78,2254183.6,712,33,0,2.34
2026-09-06T10:20:55Z,380,msedgewebview2,7436,True,44.3,14.2,2253643.63,375,21,0,1.75
2026-09-06T10:20:55Z,380,msedgewebview2,6164,True,20.5,9.3,2253431.09,186,10,0,0.25
2026-09-06T10:20:55Z,380,msedgewebview2,14668,True,99.46,49.5,3698902.14,339,28,0,1.02
2026-09-06T10:21:56Z,381,CloudOS,17500,True,74.48,30.02,57751.42,788,14,0,92.08
2026-09-06T10:21:56Z,381,CloudOS.Supervisor,23280,True,6.86,1.38,4187.85,83,1,0,3.72
2026-09-06T10:21:56Z,381,CloudOS.SystemBroker,23276,True,27.42,18.62,4246.54,181,5,0,73.03
2026-09-06T10:21:56Z,381,cloudos_flutter_shell,10800,True,221.96,1052.29,59783.92,584,53,0,219.75
2026-09-06T10:21:56Z,381,msedgewebview2,2436,True,131.4,41.65,2303491.38,1435,53,0,6.5
2026-09-06T10:21:56Z,381,msedgewebview2,15152,True,12.23,2.98,2203900.73,179,8,0,0.22
2026-09-06T10:21:56Z,381,msedgewebview2,5520,True,98.27,139.78,2254183.6,712,33,0,2.34
2026-09-06T10:21:56Z,381,msedgewebview2,7436,True,44.3,14.19,2253643.63,375,21,0,1.75
2026-09-06T10:21:56Z,381,msedgewebview2,6164,True,20.5,9.3,2253431.09,186,10,0,0.25
2026-09-06T10:21:56Z,381,msedgewebview2,14668,True,99.45,49.49,3698902.14,339,28,0,1.02
2026-09-06T10:22:56Z,382,CloudOS,17500,True,74.48,30.02,57751.42,790,14,0,92.12
2026-09-06T10:22:56Z,382,CloudOS.Supervisor,23280,True,6.86,1.38,4187.85,83,1,0,3.72
2026-09-06T10:22:56Z,382,CloudOS.SystemBroker,23276,True,27.42,18.62,4246.54,181,5,0,73.19
2026-09-06T10:22:56Z,382,cloudos_flutter_shell,10800,True,221.96,1052.29,59783.92,584,53,0,220.12
2026-09-06T10:22:56Z,382,msedgewebview2,2436,True,131.38,41.61,2303475.38,1435,52,0,6.5
2026-09-06T10:22:56Z,382,msedgewebview2,15152,True,12.23,2.98,2203900.73,179,8,0,0.22
2026-09-06T10:22:56Z,382,msedgewebview2,5520,True,98.28,139.78,2254183.6,712,33,0,2.34
2026-09-06T10:22:56Z,382,msedgewebview2,7436,True,44.3,14.19,2253643.63,375,21,0,1.75
2026-09-06T10:22:56Z,382,msedgewebview2,6164,True,20.5,9.3,2253431.09,186,10,0,0.25
2026-09-06T10:22:56Z,382,msedgewebview2,14668,True,99.45,49.49,3698902.14,339,28,0,1.02
2026-09-06T10:23:56Z,383,CloudOS,17500,True,74.47,30,57750.42,788,13,0,92.19
2026-09-06T10:23:56Z,383,CloudOS.Supervisor,23280,True,6.86,1.38,4187.85,83,1,0,3.72
2026-09-06T10:23:56Z,383,CloudOS.SystemBroker,23276,True,27.42,18.62,4246.54,181,5,0,73.39
2026-09-06T10:23:56Z,383,cloudos_flutter_shell,10800,True,221.96,1052.29,59783.92,584,53,0,220.36
2026-09-06T10:23:56Z,383,msedgewebview2,2436,True,131.38,41.61,2303475.38,1435,52,0,6.5
2026-09-06T10:23:56Z,383,msedgewebview2,15152,True,12.23,2.98,2203900.73,179,8,0,0.22
2026-09-06T10:23:56Z,383,msedgewebview2,5520,True,98.28,139.78,2254183.6,712,33,0,2.34
2026-09-06T10:23:56Z,383,msedgewebview2,7436,True,44.3,14.19,2253643.63,375,21,0,1.75
2026-09-06T10:23:56Z,383,msedgewebview2,6164,True,20.5,9.3,2253431.09,186,10,0,0.25
2026-09-06T10:23:56Z,383,msedgewebview2,14668,True,99.46,49.5,3698902.14,339,28,0,1.02
2026-09-06T10:24:56Z,384,CloudOS,17500,True,74.48,30.02,57751.42,790,14,0,92.22
2026-09-06T10:24:56Z,384,CloudOS.Supervisor,23280,True,6.86,1.38,4187.85,83,1,0,3.73
2026-09-06T10:24:56Z,384,CloudOS.SystemBroker,23276,True,27.42,18.62,4246.54,181,5,0,73.62
2026-09-06T10:24:56Z,384,cloudos_flutter_shell,10800,True,221.96,1052.29,59783.92,584,53,0,220.7
2026-09-06T10:24:56Z,384,msedgewebview2,2436,True,131.43,41.7,2303507.38,1437,54,0,6.53
2026-09-06T10:24:56Z,384,msedgewebview2,15152,True,12.24,2.99,2203900.73,179,8,0,0.23
2026-09-06T10:24:56Z,384,msedgewebview2,5520,True,98.28,139.78,2254183.6,712,33,0,2.34
2026-09-06T10:24:56Z,384,msedgewebview2,7436,True,44.35,14.28,2253675.63,377,23,0,1.75
2026-09-06T10:24:56Z,384,msedgewebview2,6164,True,20.5,9.3,2253431.09,186,10,0,0.25
2026-09-06T10:24:56Z,384,msedgewebview2,14668,True,99.45,49.49,3698902.14,339,28,0,1.02
2026-09-06T10:25:56Z,385,CloudOS,17500,True,74.48,30.02,57751.42,790,14,0,92.25
2026-09-06T10:25:56Z,385,CloudOS.Supervisor,23280,True,6.86,1.38,4187.85,83,1,0,3.75
2026-09-06T10:25:56Z,385,CloudOS.SystemBroker,23276,True,27.42,18.62,4246.54,181,5,0,73.73
2026-09-06T10:25:56Z,385,cloudos_flutter_shell,10800,True,221.96,1052.29,59783.92,584,53,0,220.94
2026-09-06T10:25:56Z,385,msedgewebview2,2436,True,131.42,41.7,2303507.38,1437,54,0,6.53
2026-09-06T10:25:56Z,385,msedgewebview2,15152,True,12.23,2.98,2203900.73,179,8,0,0.23
2026-09-06T10:25:56Z,385,msedgewebview2,5520,True,98.28,139.78,2254183.6,712,33,0,2.34
2026-09-06T10:25:56Z,385,msedgewebview2,7436,True,44.35,14.28,2253675.63,377,23,0,1.75
2026-09-06T10:25:56Z,385,msedgewebview2,6164,True,20.5,9.3,2253431.09,186,10,0,0.25
2026-09-06T10:25:56Z,385,msedgewebview2,14668,True,99.45,49.49,3698902.14,339,28,0,1.02
2026-09-06T10:26:56Z,386,CloudOS,17500,True,74.49,30.03,57751.42,790,14,0,92.27
2026-09-06T10:26:56Z,386,CloudOS.Supervisor,23280,True,6.86,1.38,4187.85,83,1,0,3.75
2026-09-06T10:26:56Z,386,CloudOS.SystemBroker,23276,True,27.42,18.62,4246.54,181,5,0,73.83
2026-09-06T10:26:56Z,386,cloudos_flutter_shell,10800,True,221.96,1052.29,59783.92,584,53,0,221.17
2026-09-06T10:26:56Z,386,msedgewebview2,2436,True,131.46,41.73,2303507.38,1438,54,0,6.53
2026-09-06T10:26:56Z,386,msedgewebview2,15152,True,12.23,2.98,2203900.73,179,8,0,0.23
2026-09-06T10:26:56Z,386,msedgewebview2,5520,True,98.29,139.78,2254183.6,712,33,0,2.34
2026-09-06T10:26:56Z,386,msedgewebview2,7436,True,44.31,14.2,2253643.63,375,21,0,1.75
2026-09-06T10:26:56Z,386,msedgewebview2,6164,True,20.5,9.3,2253431.09,186,10,0,0.25
2026-09-06T10:26:56Z,386,msedgewebview2,14668,True,99.46,49.5,3698902.14,339,28,0,1.02
2026-09-06T10:27:57Z,387,CloudOS,17500,True,74.49,30.03,57751.42,790,14,0,92.41
2026-09-06T10:27:57Z,387,CloudOS.Supervisor,23280,True,6.86,1.38,4187.85,83,1,0,3.77
2026-09-06T10:27:57Z,387,CloudOS.SystemBroker,23276,True,27.42,18.62,4246.54,181,5,0,73.97
2026-09-06T10:27:57Z,387,cloudos_flutter_shell,10800,True,221.96,1052.29,59783.92,584,53,0,221.47
2026-09-06T10:27:57Z,387,msedgewebview2,2436,True,131.43,41.7,2303507.38,1437,54,0,6.53
2026-09-06T10:27:57Z,387,msedgewebview2,15152,True,12.24,2.99,2203900.73,179,8,0,0.23
2026-09-06T10:27:57Z,387,msedgewebview2,5520,True,98.32,139.81,2254183.6,712,33,0,2.36
2026-09-06T10:27:57Z,387,msedgewebview2,7436,True,44.31,14.19,2253643.63,375,21,0,1.75
2026-09-06T10:27:57Z,387,msedgewebview2,6164,True,20.5,9.3,2253431.09,186,10,0,0.25
2026-09-06T10:27:57Z,387,msedgewebview2,14668,True,99.45,49.49,3698902.14,339,28,0,1.02
2026-09-06T10:28:57Z,388,CloudOS,17500,True,74.49,30.03,57751.42,788,14,0,92.5
2026-09-06T10:28:57Z,388,CloudOS.Supervisor,23280,True,6.86,1.38,4187.85,83,1,0,3.77
2026-09-06T10:28:57Z,388,CloudOS.SystemBroker,23276,True,27.42,18.62,4246.54,181,5,0,74.16
2026-09-06T10:28:57Z,388,cloudos_flutter_shell,10800,True,221.96,1052.29,59783.92,584,53,0,221.73
2026-09-06T10:28:57Z,388,msedgewebview2,2436,True,131.43,41.65,2303475.38,1437,52,0,6.55
2026-09-06T10:28:57Z,388,msedgewebview2,15152,True,12.23,2.98,2203900.73,179,8,0,0.23
2026-09-06T10:28:57Z,388,msedgewebview2,5520,True,98.31,139.81,2254183.6,712,33,0,2.36
2026-09-06T10:28:57Z,388,msedgewebview2,7436,True,44.38,14.27,2253643.63,377,21,0,1.75
2026-09-06T10:28:57Z,388,msedgewebview2,6164,True,20.5,9.3,2253431.09,186,10,0,0.25
2026-09-06T10:28:57Z,388,msedgewebview2,14668,True,99.45,49.49,3698902.14,339,28,0,1.02
2026-09-06T10:29:57Z,389,CloudOS,17500,True,74.49,30.03,57751.42,790,14,0,92.56
2026-09-06T10:29:57Z,389,CloudOS.Supervisor,23280,True,6.86,1.38,4187.85,83,1,0,3.78
2026-09-06T10:29:57Z,389,CloudOS.SystemBroker,23276,True,27.42,18.62,4246.54,181,5,0,74.48
2026-09-06T10:29:57Z,389,cloudos_flutter_shell,10800,True,221.96,1052.29,59783.92,584,53,0,222.17
2026-09-06T10:29:57Z,389,msedgewebview2,2436,True,131.43,41.7,2303507.38,1439,54,0,6.55
2026-09-06T10:29:57Z,389,msedgewebview2,15152,True,12.23,2.98,2203900.73,179,8,0,0.23
2026-09-06T10:29:57Z,389,msedgewebview2,5520,True,98.31,139.81,2254183.6,712,33,0,2.36
2026-09-06T10:29:57Z,389,msedgewebview2,7436,True,44.35,14.28,2253675.63,379,23,0,1.75
2026-09-06T10:29:57Z,389,msedgewebview2,6164,True,20.5,9.3,2253431.09,186,10,0,0.25
2026-09-06T10:29:57Z,389,msedgewebview2,14668,True,99.45,49.49,3698902.14,339,28,0,1.03
2026-09-06T10:30:57Z,390,CloudOS,17500,True,74.49,30.03,57751.42,788,14,0,92.62
2026-09-06T10:30:57Z,390,CloudOS.Supervisor,23280,True,6.86,1.38,4187.85,83,1,0,3.8
2026-09-06T10:30:57Z,390,CloudOS.SystemBroker,23276,True,27.42,18.62,4246.54,181,5,0,74.67
2026-09-06T10:30:57Z,390,cloudos_flutter_shell,10800,True,221.96,1052.29,59783.92,584,53,0,222.44
2026-09-06T10:30:57Z,390,msedgewebview2,2436,True,131.41,41.66,2303491.38,1437,53,0,6.56
2026-09-06T10:30:57Z,390,msedgewebview2,15152,True,12.23,2.98,2203900.73,179,8,0,0.23
2026-09-06T10:30:57Z,390,msedgewebview2,5520,True,98.31,139.81,2254183.6,712,33,0,2.36
2026-09-06T10:30:57Z,390,msedgewebview2,7436,True,44.33,14.23,2253659.63,377,22,0,1.75
2026-09-06T10:30:57Z,390,msedgewebview2,6164,True,20.5,9.3,2253431.09,186,10,0,0.25
2026-09-06T10:30:57Z,390,msedgewebview2,14668,True,99.45,49.49,3698902.14,339,28,0,1.03
2026-09-06T10:31:57Z,391,CloudOS,17500,True,74.49,30.03,57751.42,790,14,0,92.7
2026-09-06T10:31:57Z,391,CloudOS.Supervisor,23280,True,6.86,1.38,4187.85,83,1,0,3.8
2026-09-06T10:31:57Z,391,CloudOS.SystemBroker,23276,True,27.42,18.62,4246.54,181,5,0,74.81
2026-09-06T10:31:57Z,391,cloudos_flutter_shell,10800,True,221.97,1052.29,59783.92,584,53,0,222.64
2026-09-06T10:31:57Z,391,msedgewebview2,2436,True,131.41,41.66,2303491.38,1437,53,0,6.56
2026-09-06T10:31:57Z,391,msedgewebview2,15152,True,12.23,2.98,2203900.73,179,8,0,0.23
2026-09-06T10:31:57Z,391,msedgewebview2,5520,True,98.29,139.78,2254183.6,712,33,0,2.36
2026-09-06T10:31:57Z,391,msedgewebview2,7436,True,44.31,14.19,2253643.63,375,21,0,1.75
2026-09-06T10:31:57Z,391,msedgewebview2,6164,True,20.5,9.3,2253431.09,186,10,0,0.25
2026-09-06T10:31:57Z,391,msedgewebview2,14668,True,99.45,49.49,3698902.14,339,28,0,1.03
2026-09-06T10:32:57Z,392,CloudOS,17500,True,74.47,30,57750.42,788,13,0,92.73
2026-09-06T10:32:57Z,392,CloudOS.Supervisor,23280,True,6.86,1.38,4187.85,83,1,0,3.8
2026-09-06T10:32:57Z,392,CloudOS.SystemBroker,23276,True,27.42,18.62,4246.54,181,5,0,75.03
2026-09-06T10:32:57Z,392,cloudos_flutter_shell,10800,True,221.97,1052.29,59783.92,584,53,0,222.97
2026-09-06T10:32:57Z,392,msedgewebview2,2436,True,131.41,41.66,2303491.38,1437,53,0,6.56
2026-09-06T10:32:57Z,392,msedgewebview2,15152,True,12.23,2.98,2203900.73,179,8,0,0.23
2026-09-06T10:32:57Z,392,msedgewebview2,5520,True,98.29,139.78,2254183.6,712,33,0,2.38
2026-09-06T10:32:57Z,392,msedgewebview2,7436,True,44.31,14.19,2253643.63,375,21,0,1.75
2026-09-06T10:32:57Z,392,msedgewebview2,6164,True,20.5,9.3,2253431.09,186,10,0,0.25
2026-09-06T10:32:57Z,392,msedgewebview2,14668,True,99.46,49.49,3698902.14,339,28,0,1.03
2026-09-06T10:33:57Z,393,CloudOS,17500,True,74.49,30.03,57751.42,790,14,0,92.83
2026-09-06T10:33:57Z,393,CloudOS.Supervisor,23280,True,6.86,1.38,4187.85,83,1,0,3.8
2026-09-06T10:33:57Z,393,CloudOS.SystemBroker,23276,True,27.42,18.62,4246.54,181,5,0,75.19
2026-09-06T10:33:57Z,393,cloudos_flutter_shell,10800,True,221.97,1052.29,59783.92,584,53,0,223.28
2026-09-06T10:33:57Z,393,msedgewebview2,2436,True,131.41,41.66,2303491.38,1437,53,0,6.56
2026-09-06T10:33:57Z,393,msedgewebview2,15152,True,12.23,2.98,2203900.73,179,8,0,0.23
2026-09-06T10:33:57Z,393,msedgewebview2,5520,True,98.29,139.78,2254183.6,712,33,0,2.38
2026-09-06T10:33:57Z,393,msedgewebview2,7436,True,44.31,14.19,2253643.63,375,21,0,1.75
2026-09-06T10:33:57Z,393,msedgewebview2,6164,True,20.5,9.3,2253431.09,186,10,0,0.25
2026-09-06T10:33:57Z,393,msedgewebview2,14668,True,99.46,49.49,3698902.14,339,28,0,1.03
2026-09-06T10:34:58Z,394,CloudOS,17500,True,74.47,30,57750.42,788,13,0,92.92
2026-09-06T10:34:58Z,394,CloudOS.Supervisor,23280,True,6.86,1.38,4187.85,83,1,0,3.8
2026-09-06T10:34:58Z,394,CloudOS.SystemBroker,23276,True,27.42,18.62,4246.54,181,5,0,75.36
2026-09-06T10:34:58Z,394,cloudos_flutter_shell,10800,True,221.96,1052.29,59783.92,584,53,0,223.58
2026-09-06T10:34:58Z,394,msedgewebview2,2436,True,131.42,41.7,2303507.38,1437,54,0,6.58
2026-09-06T10:34:58Z,394,msedgewebview2,15152,True,12.23,2.98,2203900.73,179,8,0,0.23
2026-09-06T10:34:58Z,394,msedgewebview2,5520,True,98.27,139.78,2254183.6,712,33,0,2.38
2026-09-06T10:34:58Z,394,msedgewebview2,7436,True,44.34,14.28,2253675.63,377,23,0,1.75
2026-09-06T10:34:58Z,394,msedgewebview2,6164,True,20.5,9.3,2253431.09,186,10,0,0.25
2026-09-06T10:34:58Z,394,msedgewebview2,14668,True,99.46,49.49,3698902.14,339,28,0,1.03
2026-09-06T10:35:58Z,395,CloudOS,17500,True,74.49,30.03,57751.42,790,14,0,93.02
2026-09-06T10:35:58Z,395,CloudOS.Supervisor,23280,True,6.86,1.38,4187.85,83,1,0,3.81
2026-09-06T10:35:58Z,395,CloudOS.SystemBroker,23276,True,27.42,18.62,4246.54,181,5,0,75.48
2026-09-06T10:35:58Z,395,cloudos_flutter_shell,10800,True,221.96,1052.29,59783.92,584,53,0,223.98
2026-09-06T10:35:58Z,395,msedgewebview2,2436,True,131.42,41.7,2303507.38,1437,54,0,6.58
2026-09-06T10:35:58Z,395,msedgewebview2,15152,True,12.23,2.98,2203900.73,179,8,0,0.23
2026-09-06T10:35:58Z,395,msedgewebview2,5520,True,98.27,139.78,2254183.6,712,33,0,2.38
2026-09-06T10:35:58Z,395,msedgewebview2,7436,True,44.34,14.28,2253675.63,377,23,0,1.75
2026-09-06T10:35:58Z,395,msedgewebview2,6164,True,20.5,9.3,2253431.09,186,10,0,0.25
2026-09-06T10:35:58Z,395,msedgewebview2,14668,True,99.46,49.49,3698902.14,339,28,0,1.03
2026-09-06T10:36:58Z,396,CloudOS,17500,True,74.49,30.03,57751.42,790,14,0,93.11
2026-09-06T10:36:58Z,396,CloudOS.Supervisor,23280,True,6.86,1.38,4187.85,83,1,0,3.81
2026-09-06T10:36:58Z,396,CloudOS.SystemBroker,23276,True,27.42,18.62,4246.54,181,5,0,75.8
2026-09-06T10:36:58Z,396,cloudos_flutter_shell,10800,True,221.97,1052.3,59783.92,584,53,0,224.2
2026-09-06T10:36:58Z,396,msedgewebview2,2436,True,131.41,41.66,2303491.38,1435,53,0,6.58
2026-09-06T10:36:58Z,396,msedgewebview2,15152,True,12.23,2.98,2203900.73,179,8,0,0.23
2026-09-06T10:36:58Z,396,msedgewebview2,5520,True,98.28,139.78,2254183.6,712,33,0,2.38
2026-09-06T10:36:58Z,396,msedgewebview2,7436,True,44.31,14.2,2253643.63,375,21,0,1.75
2026-09-06T10:36:58Z,396,msedgewebview2,6164,True,20.5,9.3,2253431.09,186,10,0,0.25
2026-09-06T10:36:58Z,396,msedgewebview2,14668,True,99.46,49.49,3698902.14,339,28,0,1.03
2026-09-06T10:37:58Z,397,CloudOS,17500,True,74.49,30.03,57751.42,788,14,0,93.22
2026-09-06T10:37:58Z,397,CloudOS.Supervisor,23280,True,6.86,1.38,4187.85,83,1,0,3.81
2026-09-06T10:37:58Z,397,CloudOS.SystemBroker,23276,True,27.42,18.62,4246.54,181,5,0,76.02
2026-09-06T10:37:58Z,397,cloudos_flutter_shell,10800,True,221.97,1052.3,59783.92,584,53,0,224.59
2026-09-06T10:37:58Z,397,msedgewebview2,2436,True,131.41,41.66,2303491.38,1435,53,0,6.58
2026-09-06T10:37:58Z,397,msedgewebview2,15152,True,12.23,2.98,2203900.73,179,8,0,0.23
2026-09-06T10:37:58Z,397,msedgewebview2,5520,True,98.28,139.78,2254183.6,712,33,0,2.38
2026-09-06T10:37:58Z,397,msedgewebview2,7436,True,44.3,14.19,2253643.63,375,21,0,1.75
2026-09-06T10:37:58Z,397,msedgewebview2,6164,True,20.5,9.3,2253431.09,186,10,0,0.25
2026-09-06T10:37:58Z,397,msedgewebview2,14668,True,99.46,49.5,3698902.14,339,28,0,1.03
2026-09-06T10:38:58Z,398,CloudOS,17500,True,74.49,30.03,57751.42,790,14,0,93.33
2026-09-06T10:38:58Z,398,CloudOS.Supervisor,23280,True,6.86,1.38,4187.85,83,1,0,3.83
2026-09-06T10:38:58Z,398,CloudOS.SystemBroker,23276,True,27.42,18.62,4246.54,181,5,0,76.36
2026-09-06T10:38:58Z,398,cloudos_flutter_shell,10800,True,221.97,1052.3,59783.92,584,53,0,224.89
2026-09-06T10:38:58Z,398,msedgewebview2,2436,True,131.38,41.61,2303475.38,1435,52,0,6.59
2026-09-06T10:38:58Z,398,msedgewebview2,15152,True,12.24,2.99,2203900.73,179,8,0,0.23
2026-09-06T10:38:58Z,398,msedgewebview2,5520,True,98.28,139.78,2254183.6,712,33,0,2.38
2026-09-06T10:38:58Z,398,msedgewebview2,7436,True,44.3,14.19,2253643.63,375,21,0,1.75
2026-09-06T10:38:58Z,398,msedgewebview2,6164,True,20.5,9.3,2253431.09,186,10,0,0.25
2026-09-06T10:38:58Z,398,msedgewebview2,14668,True,99.46,49.49,3698902.14,339,28,0,1.03
2026-09-06T10:39:58Z,399,CloudOS,17500,True,74.49,30.03,57751.42,788,14,0,93.44
2026-09-06T10:39:58Z,399,CloudOS.Supervisor,23280,True,6.86,1.38,4187.85,83,1,0,3.84
2026-09-06T10:39:58Z,399,CloudOS.SystemBroker,23276,True,27.42,18.62,4246.54,181,5,0,76.58
2026-09-06T10:39:58Z,399,cloudos_flutter_shell,10800,True,221.97,1052.3,59783.92,584,53,0,225.2
2026-09-06T10:39:58Z,399,msedgewebview2,2436,True,131.38,41.61,2303475.38,1435,52,0,6.59
2026-09-06T10:39:58Z,399,msedgewebview2,15152,True,12.23,2.98,2203900.73,179,8,0,0.23
2026-09-06T10:39:58Z,399,msedgewebview2,5520,True,98.28,139.78,2254183.6,712,33,0,2.38
2026-09-06T10:39:58Z,399,msedgewebview2,7436,True,44.3,14.19,2253643.63,375,21,0,1.75
2026-09-06T10:39:58Z,399,msedgewebview2,6164,True,20.5,9.3,2253431.09,186,10,0,0.25
2026-09-06T10:39:58Z,399,msedgewebview2,14668,True,99.46,49.5,3698902.14,339,28,0,1.03
2026-09-06T10:40:59Z,400,CloudOS,17500,True,74.49,30.03,57751.42,790,14,0,93.58
2026-09-06T10:40:59Z,400,CloudOS.Supervisor,23280,True,6.86,1.38,4187.85,83,1,0,3.86
2026-09-06T10:40:59Z,400,CloudOS.SystemBroker,23276,True,27.42,18.62,4246.54,181,5,0,76.75
2026-09-06T10:40:59Z,400,cloudos_flutter_shell,10800,True,221.97,1052.3,59783.92,584,53,0,225.52
2026-09-06T10:40:59Z,400,msedgewebview2,2436,True,131.38,41.6,2303475.38,1435,52,0,6.59
2026-09-06T10:40:59Z,400,msedgewebview2,15152,True,12.23,2.98,2203900.73,179,8,0,0.23
2026-09-06T10:40:59Z,400,msedgewebview2,5520,True,98.28,139.78,2254183.6,712,33,0,2.38
2026-09-06T10:40:59Z,400,msedgewebview2,7436,True,44.3,14.19,2253643.63,375,21,0,1.75
2026-09-06T10:40:59Z,400,msedgewebview2,6164,True,20.5,9.3,2253431.09,186,10,0,0.25
2026-09-06T10:40:59Z,400,msedgewebview2,14668,True,99.46,49.5,3698902.14,339,28,0,1.03
2026-09-06T10:41:59Z,401,CloudOS,17500,True,74.48,30,57750.42,788,13,0,93.61
2026-09-06T10:41:59Z,401,CloudOS.Supervisor,23280,True,6.86,1.38,4187.85,83,1,0,3.86
2026-09-06T10:41:59Z,401,CloudOS.SystemBroker,23276,True,27.42,18.62,4246.54,181,5,0,76.97
2026-09-06T10:41:59Z,401,cloudos_flutter_shell,10800,True,221.97,1052.3,59783.92,584,53,0,225.78
2026-09-06T10:41:59Z,401,msedgewebview2,2436,True,131.46,41.73,2303507.38,1438,54,0,6.64
2026-09-06T10:41:59Z,401,msedgewebview2,15152,True,12.23,2.98,2203900.73,179,8,0,0.23
2026-09-06T10:41:59Z,401,msedgewebview2,5520,True,98.28,139.78,2254183.6,712,33,0,2.38
2026-09-06T10:41:59Z,401,msedgewebview2,7436,True,44.3,14.19,2253643.63,375,21,0,1.75
2026-09-06T10:41:59Z,401,msedgewebview2,6164,True,20.5,9.3,2253431.09,186,10,0,0.25
2026-09-06T10:41:59Z,401,msedgewebview2,14668,True,99.46,49.49,3698902.14,339,28,0,1.03
2026-09-06T10:42:59Z,402,CloudOS,17500,True,74.49,30.03,57751.42,790,14,0,93.69
2026-09-06T10:42:59Z,402,CloudOS.Supervisor,23280,True,6.86,1.38,4187.85,83,1,0,3.86
2026-09-06T10:42:59Z,402,CloudOS.SystemBroker,23276,True,27.42,18.62,4246.54,181,5,0,77.12
2026-09-06T10:42:59Z,402,cloudos_flutter_shell,10800,True,221.97,1052.3,59783.92,584,53,0,226.09
2026-09-06T10:42:59Z,402,msedgewebview2,2436,True,131.4,41.65,2303491.38,1437,53,0,6.64
2026-09-06T10:42:59Z,402,msedgewebview2,15152,True,12.23,2.98,2203900.73,179,8,0,0.23
2026-09-06T10:42:59Z,402,msedgewebview2,5520,True,98.28,139.78,2254183.6,712,33,0,2.38
2026-09-06T10:42:59Z,402,msedgewebview2,7436,True,44.31,14.2,2253643.63,375,21,0,1.75
2026-09-06T10:42:59Z,402,msedgewebview2,6164,True,20.5,9.3,2253431.09,186,10,0,0.25
2026-09-06T10:42:59Z,402,msedgewebview2,14668,True,99.46,49.49,3698902.14,339,28,0,1.03
2026-09-06T10:43:59Z,403,CloudOS,17500,True,74.48,30,57750.42,788,13,0,93.8
2026-09-06T10:43:59Z,403,CloudOS.Supervisor,23280,True,6.86,1.38,4187.85,83,1,0,3.86
2026-09-06T10:43:59Z,403,CloudOS.SystemBroker,23276,True,27.42,18.62,4246.54,181,5,0,77.36
2026-09-06T10:43:59Z,403,cloudos_flutter_shell,10800,True,221.97,1052.3,59783.92,584,53,0,226.41
2026-09-06T10:43:59Z,403,msedgewebview2,2436,True,131.57,41.82,2303491.38,1439,53,0,6.64
2026-09-06T10:43:59Z,403,msedgewebview2,15152,True,12.23,2.98,2203900.73,179,8,0,0.23
2026-09-06T10:43:59Z,403,msedgewebview2,5520,True,98.28,139.78,2254183.6,712,33,0,2.38
2026-09-06T10:43:59Z,403,msedgewebview2,7436,True,44.43,14.32,2253643.63,377,21,0,1.77
2026-09-06T10:43:59Z,403,msedgewebview2,6164,True,20.5,9.3,2253431.09,186,10,0,0.25
2026-09-06T10:43:59Z,403,msedgewebview2,14668,True,99.46,49.49,3698902.14,339,28,0,1.03
2026-09-06T10:44:59Z,404,CloudOS,17500,True,74.49,30.03,57751.42,790,14,0,93.89
2026-09-06T10:44:59Z,404,CloudOS.Supervisor,23280,True,6.86,1.38,4187.85,83,1,0,3.88
2026-09-06T10:44:59Z,404,CloudOS.SystemBroker,23276,True,27.42,18.62,4246.54,181,5,0,77.53
2026-09-06T10:44:59Z,404,cloudos_flutter_shell,10800,True,221.97,1052.3,59783.92,584,53,0,226.7
2026-09-06T10:44:59Z,404,msedgewebview2,2436,True,131.43,41.7,2303507.38,1439,54,0,6.67
2026-09-06T10:44:59Z,404,msedgewebview2,15152,True,12.23,2.98,2203900.73,179,8,0,0.23
2026-09-06T10:44:59Z,404,msedgewebview2,5520,True,98.28,139.78,2254183.6,712,33,0,2.38
2026-09-06T10:44:59Z,404,msedgewebview2,7436,True,44.35,14.28,2253675.63,379,23,0,1.77
2026-09-06T10:44:59Z,404,msedgewebview2,6164,True,20.5,9.3,2253431.09,186,10,0,0.25
2026-09-06T10:44:59Z,404,msedgewebview2,14668,True,99.46,49.49,3698902.14,339,28,0,1.03
2026-09-06T10:45:59Z,405,CloudOS,17500,True,74.49,30.03,57751.42,790,14,0,94.03
2026-09-06T10:45:59Z,405,CloudOS.Supervisor,23280,True,6.86,1.38,4187.85,83,1,0,3.88
2026-09-06T10:45:59Z,405,CloudOS.SystemBroker,23276,True,27.42,18.62,4246.54,181,5,0,77.75
2026-09-06T10:45:59Z,405,cloudos_flutter_shell,10800,True,221.98,1052.3,59783.92,584,53,0,227.02
2026-09-06T10:45:59Z,405,msedgewebview2,2436,True,131.43,41.7,2303507.38,1439,54,0,6.67
2026-09-06T10:45:59Z,405,msedgewebview2,15152,True,12.23,2.98,2203900.73,179,8,0,0.23
2026-09-06T10:45:59Z,405,msedgewebview2,5520,True,98.29,139.78,2254183.6,712,33,0,2.38
2026-09-06T10:45:59Z,405,msedgewebview2,7436,True,44.34,14.27,2253675.63,379,23,0,1.77
2026-09-06T10:45:59Z,405,msedgewebview2,6164,True,20.5,9.3,2253431.09,186,10,0,0.25
2026-09-06T10:45:59Z,405,msedgewebview2,14668,True,99.46,49.49,3698902.14,339,28,0,1.03
2026-09-06T10:47:00Z,406,CloudOS,17500,True,74.49,30.02,57751.42,788,14,0,94.11
2026-09-06T10:47:00Z,406,CloudOS.Supervisor,23280,True,6.86,1.38,4187.85,83,1,0,3.88
2026-09-06T10:47:00Z,406,CloudOS.SystemBroker,23276,True,27.42,18.62,4246.54,181,5,0,77.92
2026-09-06T10:47:00Z,406,cloudos_flutter_shell,10800,True,221.98,1052.3,59783.92,584,53,0,227.28
2026-09-06T10:47:00Z,406,msedgewebview2,2436,True,131.4,41.65,2303491.38,1435,53,0,6.67
2026-09-06T10:47:00Z,406,msedgewebview2,15152,True,12.23,2.98,2203900.73,179,8,0,0.23
2026-09-06T10:47:00Z,406,msedgewebview2,5520,True,98.29,139.78,2254183.6,712,33,0,2.38
2026-09-06T10:47:00Z,406,msedgewebview2,7436,True,44.31,14.19,2253643.63,375,21,0,1.77
2026-09-06T10:47:00Z,406,msedgewebview2,6164,True,20.5,9.3,2253431.09,186,10,0,0.25
2026-09-06T10:47:00Z,406,msedgewebview2,14668,True,99.46,49.49,3698902.14,339,28,0,1.03
2026-09-06T10:48:00Z,407,CloudOS,17500,True,74.49,30.02,57751.42,790,14,0,94.27
2026-09-06T10:48:00Z,407,CloudOS.Supervisor,23280,True,6.86,1.38,4187.85,83,1,0,3.88
2026-09-06T10:48:00Z,407,CloudOS.SystemBroker,23276,True,27.42,18.62,4246.54,181,5,0,78.08
2026-09-06T10:48:00Z,407,cloudos_flutter_shell,10800,True,221.98,1052.3,59783.92,584,53,0,227.58
2026-09-06T10:48:00Z,407,msedgewebview2,2436,True,131.4,41.65,2303491.38,1435,53,0,6.69
2026-09-06T10:48:00Z,407,msedgewebview2,15152,True,12.23,2.98,2203900.73,179,8,0,0.23
2026-09-06T10:48:00Z,407,msedgewebview2,5520,True,98.29,139.78,2254183.6,712,33,0,2.38
2026-09-06T10:48:00Z,407,msedgewebview2,7436,True,44.31,14.19,2253643.63,375,21,0,1.77
2026-09-06T10:48:00Z,407,msedgewebview2,6164,True,20.5,9.3,2253431.09,186,10,0,0.25
2026-09-06T10:48:00Z,407,msedgewebview2,14668,True,99.46,49.49,3698902.14,339,28,0,1.05
2026-09-06T10:49:00Z,408,CloudOS,17500,True,74.49,30.02,57751.42,788,14,0,94.41
2026-09-06T10:49:00Z,408,CloudOS.Supervisor,23280,True,6.86,1.38,4187.85,83,1,0,3.88
2026-09-06T10:49:00Z,408,CloudOS.SystemBroker,23276,True,27.42,18.62,4246.54,181,5,0,78.39
2026-09-06T10:49:00Z,408,cloudos_flutter_shell,10800,True,221.98,1052.3,59783.92,584,53,0,228
2026-09-06T10:49:00Z,408,msedgewebview2,2436,True,131.38,41.6,2303475.38,1435,52,0,6.69
2026-09-06T10:49:00Z,408,msedgewebview2,15152,True,12.23,2.98,2203900.73,179,8,0,0.23
2026-09-06T10:49:00Z,408,msedgewebview2,5520,True,98.29,139.78,2254183.6,712,33,0,2.38
2026-09-06T10:49:00Z,408,msedgewebview2,7436,True,44.31,14.19,2253643.63,375,21,0,1.77
2026-09-06T10:49:00Z,408,msedgewebview2,6164,True,20.5,9.3,2253431.09,186,10,0,0.25
2026-09-06T10:49:00Z,408,msedgewebview2,14668,True,99.46,49.49,3698902.14,339,28,0,1.05
2026-09-06T10:50:00Z,409,CloudOS,17500,True,74.49,30.02,57751.42,790,14,0,94.53
2026-09-06T10:50:00Z,409,CloudOS.Supervisor,23280,True,6.86,1.38,4187.85,83,1,0,3.88
2026-09-06T10:50:00Z,409,CloudOS.SystemBroker,23276,True,27.42,18.62,4246.54,181,5,0,78.5
2026-09-06T10:50:00Z,409,cloudos_flutter_shell,10800,True,221.97,1052.29,59783.92,584,53,0,228.31
2026-09-06T10:50:00Z,409,msedgewebview2,2436,True,131.38,41.61,2303475.38,1435,52,0,6.69
2026-09-06T10:50:00Z,409,msedgewebview2,15152,True,12.23,2.98,2203900.73,179,8,0,0.23
2026-09-06T10:50:00Z,409,msedgewebview2,5520,True,98.3,139.81,2254183.6,712,33,0,2.38
2026-09-06T10:50:00Z,409,msedgewebview2,7436,True,44.3,14.2,2253643.63,375,21,0,1.77
2026-09-06T10:50:00Z,409,msedgewebview2,6164,True,20.5,9.3,2253431.09,186,10,0,0.25
2026-09-06T10:50:00Z,409,msedgewebview2,14668,True,99.46,49.5,3698902.14,339,28,0,1.05
2026-09-06T10:51:00Z,410,CloudOS,17500,True,74.49,30.02,57751.42,788,14,0,94.62
2026-09-06T10:51:00Z,410,CloudOS.Supervisor,23280,True,6.86,1.38,4187.85,83,1,0,3.88
2026-09-06T10:51:00Z,410,CloudOS.SystemBroker,23276,True,27.42,18.62,4246.54,181,5,0,78.69
2026-09-06T10:51:00Z,410,cloudos_flutter_shell,10800,True,221.97,1052.29,59783.92,584,53,0,228.53
2026-09-06T10:51:00Z,410,msedgewebview2,2436,True,131.37,41.6,2303475.38,1435,52,0,6.69
2026-09-06T10:51:00Z,410,msedgewebview2,15152,True,12.24,2.99,2203900.73,179,8,0,0.23
2026-09-06T10:51:00Z,410,msedgewebview2,5520,True,98.3,139.81,2254183.6,712,33,0,2.38
2026-09-06T10:51:00Z,410,msedgewebview2,7436,True,44.3,14.19,2253643.63,375,21,0,1.77
2026-09-06T10:51:00Z,410,msedgewebview2,6164,True,20.5,9.3,2253431.09,186,10,0,0.25
2026-09-06T10:51:00Z,410,msedgewebview2,14668,True,99.46,49.49,3698902.14,339,28,0,1.05
2026-09-06T10:52:00Z,411,CloudOS,17500,True,74.49,30.02,57751.42,790,14,0,94.77
2026-09-06T10:52:00Z,411,CloudOS.Supervisor,23280,True,6.86,1.38,4187.85,83,1,0,3.89
2026-09-06T10:52:00Z,411,CloudOS.SystemBroker,23276,True,27.42,18.62,4246.54,181,5,0,78.91
2026-09-06T10:52:00Z,411,cloudos_flutter_shell,10800,True,221.97,1052.29,59783.92,584,53,0,228.98
2026-09-06T10:52:00Z,411,msedgewebview2,2436,True,131.4,41.65,2303491.38,1435,53,0,6.69
2026-09-06T10:52:00Z,411,msedgewebview2,15152,True,12.23,2.98,2203900.73,179,8,0,0.23
2026-09-06T10:52:00Z,411,msedgewebview2,5520,True,98.3,139.81,2254183.6,712,33,0,2.38
2026-09-06T10:52:00Z,411,msedgewebview2,7436,True,44.3,14.19,2253643.63,375,21,0,1.77
2026-09-06T10:52:00Z,411,msedgewebview2,6164,True,20.5,9.3,2253431.09,186,10,0,0.25
2026-09-06T10:52:00Z,411,msedgewebview2,14668,True,99.46,49.5,3698902.14,339,28,0,1.05
2026-09-06T10:53:00Z,412,CloudOS,17500,True,74.47,30,57750.42,788,13,0,94.86
2026-09-06T10:53:00Z,412,CloudOS.Supervisor,23280,True,6.86,1.38,4187.85,83,1,0,3.89
2026-09-06T10:53:00Z,412,CloudOS.SystemBroker,23276,True,27.42,18.62,4246.54,181,5,0,79.05
2026-09-06T10:53:00Z,412,cloudos_flutter_shell,10800,True,221.97,1052.29,59783.92,584,53,0,229.2
2026-09-06T10:53:00Z,412,msedgewebview2,2436,True,131.4,41.65,2303491.38,1435,53,0,6.69
2026-09-06T10:53:00Z,412,msedgewebview2,15152,True,12.23,2.98,2203900.73,179,8,0,0.23
2026-09-06T10:53:00Z,412,msedgewebview2,5520,True,98.3,139.81,2254183.6,712,33,0,2.38
2026-09-06T10:53:00Z,412,msedgewebview2,7436,True,44.3,14.2,2253643.63,375,21,0,1.77
2026-09-06T10:53:00Z,412,msedgewebview2,6164,True,20.5,9.3,2253431.09,186,10,0,0.25
2026-09-06T10:53:00Z,412,msedgewebview2,14668,True,99.46,49.49,3698902.14,339,28,0,1.05
2026-09-06T10:54:01Z,413,CloudOS,17500,True,74.49,30.02,57751.42,790,14,0,95
2026-09-06T10:54:01Z,413,CloudOS.Supervisor,23280,True,6.86,1.38,4187.85,83,1,0,3.89
2026-09-06T10:54:01Z,413,CloudOS.SystemBroker,23276,True,27.42,18.62,4246.54,181,5,0,79.27
2026-09-06T10:54:01Z,413,cloudos_flutter_shell,10800,True,221.97,1052.29,59783.92,584,53,0,229.59
2026-09-06T10:54:01Z,413,msedgewebview2,2436,True,131.43,41.68,2303491.38,1437,53,0,6.7
2026-09-06T10:54:01Z,413,msedgewebview2,15152,True,12.24,2.99,2203900.73,179,8,0,0.23
2026-09-06T10:54:01Z,413,msedgewebview2,5520,True,98.3,139.81,2254183.6,712,33,0,2.38
2026-09-06T10:54:01Z,413,msedgewebview2,7436,True,44.38,14.27,2253643.63,377,21,0,1.78
2026-09-06T10:54:01Z,413,msedgewebview2,6164,True,20.5,9.3,2253431.09,186,10,0,0.25
2026-09-06T10:54:01Z,413,msedgewebview2,14668,True,99.46,49.49,3698902.14,339,28,0,1.05
2026-09-06T10:55:01Z,414,CloudOS,17500,True,74.48,30,57750.42,788,13,0,95.14
2026-09-06T10:55:01Z,414,CloudOS.Supervisor,23280,True,6.86,1.38,4187.85,83,1,0,3.89
2026-09-06T10:55:01Z,414,CloudOS.SystemBroker,23276,True,27.42,18.62,4246.54,181,5,0,79.44
2026-09-06T10:55:01Z,414,cloudos_flutter_shell,10800,True,221.97,1052.29,59783.92,584,53,0,229.97
2026-09-06T10:55:01Z,414,msedgewebview2,2436,True,131.43,41.7,2303507.38,1437,54,0,6.72
2026-09-06T10:55:01Z,414,msedgewebview2,15152,True,12.23,2.98,2203900.73,179,8,0,0.23
2026-09-06T10:55:01Z,414,msedgewebview2,5520,True,98.3,139.81,2254183.6,712,33,0,2.38
2026-09-06T10:55:01Z,414,msedgewebview2,7436,True,44.35,14.28,2253675.63,377,23,0,1.78
2026-09-06T10:55:01Z,414,msedgewebview2,6164,True,20.5,9.3,2253431.09,186,10,0,0.25
2026-09-06T10:55:01Z,414,msedgewebview2,14668,True,99.46,49.5,3698902.14,339,28,0,1.05
2026-09-06T10:56:01Z,415,CloudOS,17500,True,74.49,30.03,57751.42,790,14,0,95.23
2026-09-06T10:56:01Z,415,CloudOS.Supervisor,23280,True,6.86,1.38,4187.85,83,1,0,3.89
2026-09-06T10:56:01Z,415,CloudOS.SystemBroker,23276,True,27.42,18.62,4246.54,181,5,0,79.66
2026-09-06T10:56:01Z,415,cloudos_flutter_shell,10800,True,221.97,1052.29,59783.92,584,53,0,230.27
2026-09-06T10:56:01Z,415,msedgewebview2,2436,True,131.42,41.69,2303507.38,1437,54,0,6.72
2026-09-06T10:56:01Z,415,msedgewebview2,15152,True,12.23,2.98,2203900.73,179,8,0,0.23
2026-09-06T10:56:01Z,415,msedgewebview2,5520,True,98.3,139.81,2254183.6,712,33,0,2.38
2026-09-06T10:56:01Z,415,msedgewebview2,7436,True,44.35,14.28,2253675.63,377,23,0,1.78
2026-09-06T10:56:01Z,415,msedgewebview2,6164,True,20.5,9.3,2253431.09,186,10,0,0.25
2026-09-06T10:56:01Z,415,msedgewebview2,14668,True,99.46,49.5,3698902.14,339,28,0,1.05
2026-09-06T10:57:01Z,416,CloudOS,17500,True,74.49,30.03,57751.42,790,14,0,95.31
2026-09-06T10:57:01Z,416,CloudOS.Supervisor,23280,True,6.86,1.38,4187.85,83,1,0,3.89
2026-09-06T10:57:01Z,416,CloudOS.SystemBroker,23276,True,27.42,18.62,4246.54,181,5,0,79.75
2026-09-06T10:57:01Z,416,cloudos_flutter_shell,10800,True,221.97,1052.29,59783.92,584,53,0,230.47
2026-09-06T10:57:01Z,416,msedgewebview2,2436,True,131.45,41.73,2303507.38,1440,54,0,6.73
2026-09-06T10:57:01Z,416,msedgewebview2,15152,True,12.24,2.99,2203900.73,179,8,0,0.23
2026-09-06T10:57:01Z,416,msedgewebview2,5520,True,98.3,139.81,2254183.6,712,33,0,2.38
2026-09-06T10:57:01Z,416,msedgewebview2,7436,True,44.31,14.19,2253643.63,375,21,0,1.78
2026-09-06T10:57:01Z,416,msedgewebview2,6164,True,20.5,9.3,2253431.09,186,10,0,0.25
2026-09-06T10:57:01Z,416,msedgewebview2,14668,True,99.46,49.49,3698902.14,339,28,0,1.05
2026-09-06T10:58:01Z,417,CloudOS,17500,True,74.49,30.03,57751.42,788,14,0,95.39
2026-09-06T10:58:01Z,417,CloudOS.Supervisor,23280,True,6.86,1.38,4187.85,83,1,0,3.89
2026-09-06T10:58:01Z,417,CloudOS.SystemBroker,23276,True,27.42,18.62,4246.54,181,5,0,79.97
2026-09-06T10:58:01Z,417,cloudos_flutter_shell,10800,True,221.97,1052.29,59783.92,584,53,0,230.66
2026-09-06T10:58:01Z,417,msedgewebview2,2436,True,131.42,41.69,2303507.38,1439,54,0,6.75
2026-09-06T10:58:01Z,417,msedgewebview2,15152,True,12.23,2.98,2203900.73,179,8,0,0.23
2026-09-06T10:58:01Z,417,msedgewebview2,5520,True,98.3,139.81,2254183.6,712,33,0,2.38
2026-09-06T10:58:01Z,417,msedgewebview2,7436,True,44.31,14.19,2253643.63,375,21,0,1.8
2026-09-06T10:58:01Z,417,msedgewebview2,6164,True,20.5,9.3,2253431.09,186,10,0,0.25
2026-09-06T10:58:01Z,417,msedgewebview2,14668,True,99.46,49.49,3698902.14,339,28,0,1.05
2026-09-06T10:59:01Z,418,CloudOS,17500,True,74.49,30.03,57751.42,790,14,0,95.52
2026-09-06T10:59:01Z,418,CloudOS.Supervisor,23280,True,6.86,1.38,4187.85,83,1,0,3.91
2026-09-06T10:59:01Z,418,CloudOS.SystemBroker,23276,True,27.42,18.62,4246.54,181,5,0,80.12
2026-09-06T10:59:01Z,418,cloudos_flutter_shell,10800,True,221.97,1052.29,59783.92,584,53,0,231.05
2026-09-06T10:59:01Z,418,msedgewebview2,2436,True,131.41,41.64,2303475.38,1437,52,0,6.77
2026-09-06T10:59:01Z,418,msedgewebview2,15152,True,12.23,2.98,2203900.73,179,8,0,0.23
2026-09-06T10:59:01Z,418,msedgewebview2,5520,True,98.3,139.81,2254183.6,712,33,0,2.38
2026-09-06T10:59:01Z,418,msedgewebview2,7436,True,44.37,14.25,2253643.63,377,21,0,1.83
2026-09-06T10:59:01Z,418,msedgewebview2,6164,True,20.5,9.3,2253431.09,186,10,0,0.25
2026-09-06T10:59:01Z,418,msedgewebview2,14668,True,99.46,49.49,3698902.14,339,28,0,1.05
2026-09-06T11:00:02Z,419,CloudOS,17500,True,74.49,30.03,57751.42,788,14,0,95.56
2026-09-06T11:00:02Z,419,CloudOS.Supervisor,23280,True,6.86,1.38,4187.85,83,1,0,3.92
2026-09-06T11:00:02Z,419,CloudOS.SystemBroker,23276,True,27.42,18.62,4246.54,181,5,0,80.31
2026-09-06T11:00:02Z,419,cloudos_flutter_shell,10800,True,221.97,1052.29,59783.92,584,53,0,231.34
2026-09-06T11:00:02Z,419,msedgewebview2,2436,True,131.42,41.7,2303507.38,1439,54,0,6.77
2026-09-06T11:00:02Z,419,msedgewebview2,15152,True,12.24,2.99,2203900.73,179,8,0,0.23
2026-09-06T11:00:02Z,419,msedgewebview2,5520,True,98.3,139.81,2254183.6,712,33,0,2.38
2026-09-06T11:00:02Z,419,msedgewebview2,7436,True,44.35,14.28,2253675.63,377,23,0,1.83
2026-09-06T11:00:02Z,419,msedgewebview2,6164,True,20.5,9.3,2253431.09,186,10,0,0.25
2026-09-06T11:00:02Z,419,msedgewebview2,14668,True,99.46,49.49,3698902.14,339,28,0,1.05
2026-09-06T11:01:02Z,420,CloudOS,17500,True,74.49,30.03,57751.42,790,14,0,95.61
2026-09-06T11:01:02Z,420,CloudOS.Supervisor,23280,True,6.86,1.38,4187.85,83,1,0,3.92
2026-09-06T11:01:02Z,420,CloudOS.SystemBroker,23276,True,27.42,18.62,4246.54,181,5,0,80.56
2026-09-06T11:01:02Z,420,cloudos_flutter_shell,10800,True,221.97,1052.29,59783.92,584,53,0,231.62
2026-09-06T11:01:02Z,420,msedgewebview2,2436,True,131.38,41.6,2303475.38,1435,52,0,6.8
2026-09-06T11:01:02Z,420,msedgewebview2,15152,True,12.23,2.98,2203900.73,179,8,0,0.23
2026-09-06T11:01:02Z,420,msedgewebview2,5520,True,98.3,139.81,2254183.6,712,33,0,2.38
2026-09-06T11:01:02Z,420,msedgewebview2,7436,True,44.31,14.2,2253643.63,375,21,0,1.84
2026-09-06T11:01:02Z,420,msedgewebview2,6164,True,20.5,9.3,2253431.09,186,10,0,0.25
2026-09-06T11:01:02Z,420,msedgewebview2,14668,True,99.46,49.49,3698902.14,339,28,0,1.05
2026-09-06T11:02:02Z,421,CloudOS,17500,True,74.48,30,57750.42,788,13,0,95.73
2026-09-06T11:02:02Z,421,CloudOS.Supervisor,23280,True,6.86,1.38,4187.85,83,1,0,3.92
2026-09-06T11:02:02Z,421,CloudOS.SystemBroker,23276,True,27.42,18.62,4246.54,181,5,0,80.7
2026-09-06T11:02:02Z,421,cloudos_flutter_shell,10800,True,221.98,1052.29,59783.92,584,53,0,231.95
2026-09-06T11:02:02Z,421,msedgewebview2,2436,True,131.4,41.65,2303491.38,1435,53,0,6.83
2026-09-06T11:02:02Z,421,msedgewebview2,15152,True,12.23,2.98,2203900.73,179,8,0,0.25
2026-09-06T11:02:02Z,421,msedgewebview2,5520,True,98.3,139.81,2254183.6,712,33,0,2.38
2026-09-06T11:02:02Z,421,msedgewebview2,7436,True,44.31,14.19,2253643.63,375,21,0,1.84
2026-09-06T11:02:02Z,421,msedgewebview2,6164,True,20.5,9.3,2253431.09,186,10,0,0.25
2026-09-06T11:02:02Z,421,msedgewebview2,14668,True,99.46,49.5,3698902.14,339,28,0,1.05
2026-09-06T11:03:02Z,422,CloudOS,17500,True,74.49,30.03,57751.42,790,14,0,95.8
2026-09-06T11:03:02Z,422,CloudOS.Supervisor,23280,True,6.86,1.38,4187.85,83,1,0,3.92
2026-09-06T11:03:02Z,422,CloudOS.SystemBroker,23276,True,27.42,18.62,4246.54,181,5,0,80.92
2026-09-06T11:03:02Z,422,cloudos_flutter_shell,10800,True,221.98,1052.29,59783.92,584,53,0,232.2
2026-09-06T11:03:02Z,422,msedgewebview2,2436,True,131.44,41.71,2303507.38,1437,54,0,6.83
2026-09-06T11:03:02Z,422,msedgewebview2,15152,True,12.23,2.98,2203900.73,179,8,0,0.25
2026-09-06T11:03:02Z,422,msedgewebview2,5520,True,98.3,139.81,2254183.6,712,33,0,2.38
2026-09-06T11:03:02Z,422,msedgewebview2,7436,True,44.35,14.28,2253675.63,377,23,0,1.84
2026-09-06T11:03:02Z,422,msedgewebview2,6164,True,20.5,9.3,2253431.09,186,10,0,0.25
2026-09-06T11:03:02Z,422,msedgewebview2,14668,True,99.46,49.49,3698902.14,339,28,0,1.05
2026-09-06T11:04:02Z,423,CloudOS,17500,True,74.48,30,57750.42,788,13,0,95.94
2026-09-06T11:04:02Z,423,CloudOS.Supervisor,23280,True,6.86,1.38,4187.85,83,1,0,3.92
2026-09-06T11:04:02Z,423,CloudOS.SystemBroker,23276,True,27.42,18.62,4246.54,181,5,0,81.14
2026-09-06T11:04:02Z,423,cloudos_flutter_shell,10800,True,221.98,1052.29,59783.92,584,53,0,232.55
2026-09-06T11:04:02Z,423,msedgewebview2,2436,True,131.46,41.73,2303507.38,1439,54,0,6.83
2026-09-06T11:04:02Z,423,msedgewebview2,15152,True,12.23,2.98,2203900.73,179,8,0,0.25
2026-09-06T11:04:02Z,423,msedgewebview2,5520,True,98.3,139.81,2254183.6,712,33,0,2.38
2026-09-06T11:04:02Z,423,msedgewebview2,7436,True,44.42,14.35,2253675.63,379,23,0,1.84
2026-09-06T11:04:02Z,423,msedgewebview2,6164,True,20.5,9.3,2253431.09,186,10,0,0.25
2026-09-06T11:04:02Z,423,msedgewebview2,14668,True,99.46,49.49,3698902.14,339,28,0,1.05
2026-09-06T11:05:02Z,424,CloudOS,17500,True,74.49,30.03,57751.42,790,14,0,95.98
2026-09-06T11:05:02Z,424,CloudOS.Supervisor,23280,True,6.86,1.38,4187.85,83,1,0,3.92
2026-09-06T11:05:02Z,424,CloudOS.SystemBroker,23276,True,27.42,18.62,4246.54,181,5,0,81.25
2026-09-06T11:05:02Z,424,cloudos_flutter_shell,10800,True,221.96,1052.29,59783.92,584,53,0,232.81
2026-09-06T11:05:02Z,424,msedgewebview2,2436,True,131.42,41.7,2303507.38,1437,54,0,6.83
2026-09-06T11:05:02Z,424,msedgewebview2,15152,True,12.23,2.98,2203900.73,179,8,0,0.25
2026-09-06T11:05:02Z,424,msedgewebview2,5520,True,98.27,139.81,2254183.6,712,33,0,2.38
2026-09-06T11:05:02Z,424,msedgewebview2,7436,True,44.34,14.28,2253675.63,377,23,0,1.88
2026-09-06T11:05:02Z,424,msedgewebview2,6164,True,20.5,9.3,2253431.09,186,10,0,0.25
2026-09-06T11:05:02Z,424,msedgewebview2,14668,True,99.46,49.49,3698902.14,339,28,0,1.05
2026-09-06T11:06:02Z,425,CloudOS,17500,True,74.49,30.03,57751.42,790,14,0,96.03
2026-09-06T11:06:02Z,425,CloudOS.Supervisor,23280,True,6.86,1.38,4187.85,83,1,0,3.92
2026-09-06T11:06:02Z,425,CloudOS.SystemBroker,23276,True,27.42,18.62,4246.54,181,5,0,81.45
2026-09-06T11:06:02Z,425,cloudos_flutter_shell,10800,True,221.96,1052.29,59783.92,584,53,0,232.94
2026-09-06T11:06:02Z,425,msedgewebview2,2436,True,131.42,41.7,2303507.38,1437,54,0,6.83
2026-09-06T11:06:02Z,425,msedgewebview2,15152,True,12.23,2.98,2203900.73,179,8,0,0.25
2026-09-06T11:06:02Z,425,msedgewebview2,5520,True,98.27,139.81,2254183.6,712,33,0,2.38
2026-09-06T11:06:02Z,425,msedgewebview2,7436,True,44.34,14.28,2253675.63,377,23,0,1.88
2026-09-06T11:06:02Z,425,msedgewebview2,6164,True,20.5,9.3,2253431.09,186,10,0,0.25
2026-09-06T11:06:02Z,425,msedgewebview2,14668,True,99.46,49.49,3698902.14,339,28,0,1.05
2026-09-06T11:07:03Z,426,CloudOS,17500,True,74.49,30.03,57751.42,790,14,0,96.17
2026-09-06T11:07:03Z,426,CloudOS.Supervisor,23280,True,6.86,1.38,4187.85,83,1,0,3.94
2026-09-06T11:07:03Z,426,CloudOS.SystemBroker,23276,True,27.42,18.62,4246.54,181,5,0,81.62
2026-09-06T11:07:03Z,426,cloudos_flutter_shell,10800,True,221.97,1052.29,59783.92,584,53,0,233.39
2026-09-06T11:07:03Z,426,msedgewebview2,2436,True,132.33,42.59,2303491.38,1435,53,0,6.83
2026-09-06T11:07:03Z,426,msedgewebview2,15152,True,12.23,2.98,2203900.73,179,8,0,0.25
2026-09-06T11:07:03Z,426,msedgewebview2,5520,True,98.28,139.81,2254183.6,712,33,0,2.38
2026-09-06T11:07:03Z,426,msedgewebview2,7436,True,44.31,14.2,2253643.63,375,21,0,1.88
2026-09-06T11:07:03Z,426,msedgewebview2,6164,True,20.52,9.3,2253431.09,186,10,0,0.25
2026-09-06T11:07:03Z,426,msedgewebview2,14668,True,99.46,49.49,3698902.14,339,28,0,1.05
2026-09-06T11:08:03Z,427,CloudOS,17500,True,74.49,30.03,57751.42,790,14,0,96.23
2026-09-06T11:08:03Z,427,CloudOS.Supervisor,23280,True,6.86,1.38,4187.85,83,1,0,3.94
2026-09-06T11:08:03Z,427,CloudOS.SystemBroker,23276,True,27.42,18.62,4246.54,181,5,0,81.75
2026-09-06T11:08:03Z,427,cloudos_flutter_shell,10800,True,221.97,1052.29,59783.92,584,53,0,233.8
2026-09-06T11:08:03Z,427,msedgewebview2,2436,True,131.49,41.74,2303491.38,1435,53,0,6.84
2026-09-06T11:08:03Z,427,msedgewebview2,15152,True,12.23,2.98,2203900.73,179,8,0,0.27
2026-09-06T11:08:03Z,427,msedgewebview2,5520,True,98.31,139.81,2254183.6,712,33,0,2.38
2026-09-06T11:08:03Z,427,msedgewebview2,7436,True,44.31,14.19,2253643.63,375,21,0,1.88
2026-09-06T11:08:03Z,427,msedgewebview2,6164,True,20.52,9.3,2253431.09,186,10,0,0.25
2026-09-06T11:08:03Z,427,msedgewebview2,14668,True,99.47,49.5,3698902.14,339,28,0,1.05
2026-09-06T11:09:03Z,428,CloudOS,17500,True,74.49,30.02,57751.42,790,14,0,96.25
2026-09-06T11:09:03Z,428,CloudOS.Supervisor,23280,True,6.86,1.38,4187.85,83,1,0,3.97
2026-09-06T11:09:03Z,428,CloudOS.SystemBroker,23276,True,27.42,18.62,4246.54,181,5,0,81.94
2026-09-06T11:09:03Z,428,cloudos_flutter_shell,10800,True,221.97,1052.29,59783.92,584,53,0,233.95
2026-09-06T11:09:03Z,428,msedgewebview2,2436,True,131.47,41.69,2303475.38,1435,52,0,6.84
2026-09-06T11:09:03Z,428,msedgewebview2,15152,True,12.23,2.98,2203900.73,179,8,0,0.27
2026-09-06T11:09:03Z,428,msedgewebview2,5520,True,98.31,139.81,2254183.6,712,33,0,2.38
2026-09-06T11:09:03Z,428,msedgewebview2,7436,True,44.31,14.19,2253643.63,375,21,0,1.88
2026-09-06T11:09:03Z,428,msedgewebview2,6164,True,20.52,9.3,2253431.09,186,10,0,0.25
2026-09-06T11:09:03Z,428,msedgewebview2,14668,True,99.46,49.49,3698902.14,339,28,0,1.05
2026-09-06T11:10:03Z,429,CloudOS,17500,True,74.49,30.02,57751.42,790,14,0,96.3
2026-09-06T11:10:03Z,429,CloudOS.Supervisor,23280,True,6.86,1.38,4187.85,83,1,0,3.98
2026-09-06T11:10:03Z,429,CloudOS.SystemBroker,23276,True,27.42,18.62,4246.54,181,5,0,82.11
2026-09-06T11:10:03Z,429,cloudos_flutter_shell,10800,True,221.97,1052.29,59783.92,584,53,0,234.11
2026-09-06T11:10:03Z,429,msedgewebview2,2436,True,131.47,41.7,2303475.38,1435,52,0,6.86
2026-09-06T11:10:03Z,429,msedgewebview2,15152,True,12.23,2.98,2203900.73,179,8,0,0.27
2026-09-06T11:10:03Z,429,msedgewebview2,5520,True,98.31,139.81,2254183.6,712,33,0,2.38
2026-09-06T11:10:03Z,429,msedgewebview2,7436,True,44.31,14.19,2253643.63,375,21,0,1.88
2026-09-06T11:10:03Z,429,msedgewebview2,6164,True,20.52,9.3,2253431.09,186,10,0,0.25
2026-09-06T11:10:03Z,429,msedgewebview2,14668,True,99.46,49.49,3698902.14,339,28,0,1.05
2026-09-06T11:11:03Z,430,CloudOS,17500,True,74.48,30.02,57751.42,788,14,0,96.34
2026-09-06T11:11:03Z,430,CloudOS.Supervisor,23280,True,6.86,1.38,4187.85,83,1,0,3.98
2026-09-06T11:11:03Z,430,CloudOS.SystemBroker,23276,True,27.42,18.62,4246.54,181,5,0,82.31
2026-09-06T11:11:03Z,430,cloudos_flutter_shell,10800,True,221.98,1052.29,59783.92,584,53,0,234.44
2026-09-06T11:11:03Z,430,msedgewebview2,2436,True,131.38,41.6,2303475.38,1435,52,0,6.86
2026-09-06T11:11:03Z,430,msedgewebview2,15152,True,12.23,2.98,2203900.73,179,8,0,0.27
2026-09-06T11:11:03Z,430,msedgewebview2,5520,True,98.3,139.81,2254183.6,712,33,0,2.38
2026-09-06T11:11:03Z,430,msedgewebview2,7436,True,44.31,14.2,2253643.63,375,21,0,1.89
2026-09-06T11:11:03Z,430,msedgewebview2,6164,True,20.52,9.3,2253431.09,186,10,0,0.25
2026-09-06T11:11:03Z,430,msedgewebview2,14668,True,99.47,49.5,3698902.14,339,28,0,1.05
2026-09-06T11:12:03Z,431,CloudOS,17500,True,74.48,30.02,57751.42,790,14,0,96.5
2026-09-06T11:12:03Z,431,CloudOS.Supervisor,23280,True,6.86,1.38,4187.85,83,1,0,3.98
2026-09-06T11:12:03Z,431,CloudOS.SystemBroker,23276,True,27.42,18.62,4246.54,181,5,0,82.45
2026-09-06T11:12:03Z,431,cloudos_flutter_shell,10800,True,221.98,1052.29,59783.92,584,53,0,234.84
2026-09-06T11:12:03Z,431,msedgewebview2,2436,True,131.47,41.74,2303507.38,1438,54,0,6.89
2026-09-06T11:12:03Z,431,msedgewebview2,15152,True,12.24,2.99,2203900.73,179,8,0,0.27
2026-09-06T11:12:03Z,431,msedgewebview2,5520,True,98.25,139.73,2254167.6,712,32,0,2.39
2026-09-06T11:12:03Z,431,msedgewebview2,7436,True,44.31,14.19,2253643.63,375,21,0,1.89
2026-09-06T11:12:03Z,431,msedgewebview2,6164,True,20.52,9.3,2253431.09,186,10,0,0.25
2026-09-06T11:12:03Z,431,msedgewebview2,14668,True,99.46,49.49,3698902.14,339,28,0,1.05
2026-09-06T11:13:04Z,432,CloudOS,17500,True,74.48,30.02,57751.42,788,14,0,96.56
2026-09-06T11:13:04Z,432,CloudOS.Supervisor,23280,True,6.86,1.38,4187.85,83,1,0,3.98
2026-09-06T11:13:04Z,432,CloudOS.SystemBroker,23276,True,27.42,18.62,4246.54,181,5,0,82.66
2026-09-06T11:13:04Z,432,cloudos_flutter_shell,10800,True,221.98,1052.29,59783.92,584,53,0,235.22
2026-09-06T11:13:04Z,432,msedgewebview2,2436,True,131.43,41.7,2303507.38,1437,54,0,6.91
2026-09-06T11:13:04Z,432,msedgewebview2,15152,True,12.23,2.98,2203900.73,179,8,0,0.27
2026-09-06T11:13:04Z,432,msedgewebview2,5520,True,98.28,139.78,2254183.6,712,33,0,2.39
2026-09-06T11:13:04Z,432,msedgewebview2,7436,True,44.31,14.19,2253643.63,375,21,0,1.89
2026-09-06T11:13:04Z,432,msedgewebview2,6164,True,20.52,9.3,2253431.09,186,10,0,0.25
2026-09-06T11:13:04Z,432,msedgewebview2,14668,True,99.47,49.49,3698902.14,339,28,0,1.05
2026-09-06T11:14:04Z,433,CloudOS,17500,True,74.48,30.02,57751.42,790,14,0,96.62
2026-09-06T11:14:04Z,433,CloudOS.Supervisor,23280,True,6.86,1.38,4187.85,83,1,0,3.98
2026-09-06T11:14:04Z,433,CloudOS.SystemBroker,23276,True,27.42,18.62,4246.54,181,5,0,82.8
2026-09-06T11:14:04Z,433,cloudos_flutter_shell,10800,True,221.98,1052.29,59783.92,584,53,0,235.39
2026-09-06T11:14:04Z,433,msedgewebview2,2436,True,131.46,41.7,2303491.38,1439,53,0,6.92
2026-09-06T11:14:04Z,433,msedgewebview2,15152,True,12.23,2.98,2203900.73,179,8,0,0.27
2026-09-06T11:14:04Z,433,msedgewebview2,5520,True,98.28,139.78,2254183.6,712,33,0,2.39
2026-09-06T11:14:04Z,433,msedgewebview2,7436,True,44.39,14.28,2253643.63,377,21,0,1.92
2026-09-06T11:14:04Z,433,msedgewebview2,6164,True,20.52,9.3,2253431.09,186,10,0,0.25
2026-09-06T11:14:04Z,433,msedgewebview2,14668,True,99.47,49.49,3698902.14,339,28,0,1.05
2026-09-06T11:15:04Z,434,CloudOS,17500,True,74.48,30.02,57751.42,790,14,0,96.69
2026-09-06T11:15:04Z,434,CloudOS.Supervisor,23280,True,6.86,1.38,4187.85,83,1,0,3.98
2026-09-06T11:15:04Z,434,CloudOS.SystemBroker,23276,True,27.42,18.62,4246.54,181,5,0,82.94
2026-09-06T11:15:04Z,434,cloudos_flutter_shell,10800,True,221.98,1052.29,59783.92,584,53,0,235.66
2026-09-06T11:15:04Z,434,msedgewebview2,2436,True,131.43,41.7,2303507.38,1439,54,0,6.92
2026-09-06T11:15:04Z,434,msedgewebview2,15152,True,12.23,2.98,2203900.73,179,8,0,0.27
2026-09-06T11:15:04Z,434,msedgewebview2,5520,True,98.28,139.78,2254183.6,712,33,0,2.39
2026-09-06T11:15:04Z,434,msedgewebview2,7436,True,44.35,14.28,2253675.63,379,23,0,1.92
2026-09-06T11:15:04Z,434,msedgewebview2,6164,True,20.52,9.3,2253431.09,186,10,0,0.25
2026-09-06T11:15:04Z,434,msedgewebview2,14668,True,99.47,49.49,3698902.14,339,28,0,1.05
2026-09-06T11:16:04Z,435,CloudOS,17500,True,74.49,30.02,57751.42,790,14,0,96.78
2026-09-06T11:16:04Z,435,CloudOS.Supervisor,23280,True,6.86,1.38,4187.85,83,1,0,3.98
2026-09-06T11:16:04Z,435,CloudOS.SystemBroker,23276,True,27.42,18.62,4246.54,181,5,0,83.09
2026-09-06T11:16:04Z,435,cloudos_flutter_shell,10800,True,221.98,1052.3,59783.92,584,53,0,235.8
2026-09-06T11:16:04Z,435,msedgewebview2,2436,True,131.4,41.65,2303491.38,1437,53,0,6.92
2026-09-06T11:16:04Z,435,msedgewebview2,15152,True,12.23,2.98,2203900.73,179,8,0,0.27
2026-09-06T11:16:04Z,435,msedgewebview2,5520,True,98.31,139.81,2254183.6,712,33,0,2.39
2026-09-06T11:16:04Z,435,msedgewebview2,7436,True,44.33,14.24,2253659.63,377,22,0,1.92
2026-09-06T11:16:04Z,435,msedgewebview2,6164,True,20.52,9.3,2253431.09,186,10,0,0.25
2026-09-06T11:16:04Z,435,msedgewebview2,14668,True,99.47,49.49,3698902.14,339,28,0,1.05
2026-09-06T11:17:04Z,436,CloudOS,17500,True,74.49,30.02,57751.42,790,14,0,96.86
2026-09-06T11:17:04Z,436,CloudOS.Supervisor,23280,True,6.86,1.38,4187.85,83,1,0,3.98
2026-09-06T11:17:04Z,436,CloudOS.SystemBroker,23276,True,27.42,18.62,4246.54,181,5,0,83.25
2026-09-06T11:17:04Z,436,cloudos_flutter_shell,10800,True,221.98,1052.3,59783.92,584,53,0,236.06
2026-09-06T11:17:04Z,436,msedgewebview2,2436,True,131.41,41.65,2303491.38,1435,53,0,6.92
2026-09-06T11:17:04Z,436,msedgewebview2,15152,True,12.23,2.98,2203900.73,179,8,0,0.27
2026-09-06T11:17:04Z,436,msedgewebview2,5520,True,98.31,139.81,2254183.6,712,33,0,2.39
2026-09-06T11:17:04Z,436,msedgewebview2,7436,True,44.31,14.2,2253643.63,375,21,0,1.94
2026-09-06T11:17:04Z,436,msedgewebview2,6164,True,20.52,9.3,2253431.09,186,10,0,0.25
2026-09-06T11:17:04Z,436,msedgewebview2,14668,True,99.47,49.5,3698902.14,339,28,0,1.05
2026-09-06T11:18:04Z,437,CloudOS,17500,True,74.49,30.03,57751.42,790,14,0,96.98
2026-09-06T11:18:04Z,437,CloudOS.Supervisor,23280,True,6.86,1.38,4187.85,83,1,0,3.98
2026-09-06T11:18:04Z,437,CloudOS.SystemBroker,23276,True,27.42,18.62,4246.54,181,5,0,83.47
2026-09-06T11:18:04Z,437,cloudos_flutter_shell,10800,True,221.98,1052.3,59783.92,584,53,0,236.42
2026-09-06T11:18:04Z,437,msedgewebview2,2436,True,131.41,41.65,2303491.38,1435,53,0,6.92
2026-09-06T11:18:04Z,437,msedgewebview2,15152,True,12.24,2.99,2203900.73,179,8,0,0.27
2026-09-06T11:18:04Z,437,msedgewebview2,5520,True,98.31,139.81,2254183.6,712,33,0,2.39
2026-09-06T11:18:04Z,437,msedgewebview2,7436,True,44.31,14.19,2253643.63,375,21,0,1.94
2026-09-06T11:18:04Z,437,msedgewebview2,6164,True,20.52,9.3,2253431.09,186,10,0,0.25
2026-09-06T11:18:04Z,437,msedgewebview2,14668,True,99.47,49.5,3698902.14,339,28,0,1.05
2026-09-06T11:19:04Z,438,CloudOS,17500,True,74.49,30.03,57751.42,790,14,0,97.09
2026-09-06T11:19:04Z,438,CloudOS.Supervisor,23280,True,6.86,1.38,4187.85,83,1,0,3.98
2026-09-06T11:19:04Z,438,CloudOS.SystemBroker,23276,True,27.42,18.62,4246.54,181,5,0,83.55
2026-09-06T11:19:04Z,438,cloudos_flutter_shell,10800,True,221.98,1052.3,59783.92,584,53,0,236.67
2026-09-06T11:19:04Z,438,msedgewebview2,2436,True,131.38,41.61,2303475.38,1435,52,0,6.92
2026-09-06T11:19:04Z,438,msedgewebview2,15152,True,12.23,2.98,2203900.73,179,8,0,0.27
2026-09-06T11:19:04Z,438,msedgewebview2,5520,True,98.31,139.81,2254183.6,712,33,0,2.39
2026-09-06T11:19:04Z,438,msedgewebview2,7436,True,44.31,14.19,2253643.63,375,21,0,1.94
2026-09-06T11:19:04Z,438,msedgewebview2,6164,True,20.52,9.3,2253431.09,186,10,0,0.25
2026-09-06T11:19:04Z,438,msedgewebview2,14668,True,99.47,49.49,3698902.14,339,28,0,1.05
2026-09-06T11:20:05Z,439,CloudOS,17500,True,74.49,30.02,57751.42,788,14,0,97.16
2026-09-06T11:20:05Z,439,CloudOS.Supervisor,23280,True,6.86,1.38,4187.85,83,1,0,4
2026-09-06T11:20:05Z,439,CloudOS.SystemBroker,23276,True,27.42,18.62,4246.54,181,5,0,83.69
2026-09-06T11:20:05Z,439,cloudos_flutter_shell,10800,True,221.96,1052.29,59783.92,584,53,0,236.89
2026-09-06T11:20:05Z,439,msedgewebview2,2436,True,131.38,41.61,2303475.38,1435,52,0,6.92
2026-09-06T11:20:05Z,439,msedgewebview2,15152,True,12.23,2.98,2203900.73,179,8,0,0.27
2026-09-06T11:20:05Z,439,msedgewebview2,5520,True,98.3,139.81,2254183.6,712,33,0,2.39
2026-09-06T11:20:05Z,439,msedgewebview2,7436,True,44.3,14.19,2253643.63,375,21,0,1.94
2026-09-06T11:20:05Z,439,msedgewebview2,6164,True,20.52,9.3,2253431.09,186,10,0,0.25
2026-09-06T11:20:05Z,439,msedgewebview2,14668,True,99.47,49.49,3698902.14,339,28,0,1.05
2026-09-06T11:21:05Z,440,CloudOS,17500,True,74.49,30.02,57751.42,790,14,0,97.23
2026-09-06T11:21:05Z,440,CloudOS.Supervisor,23280,True,6.86,1.38,4187.85,83,1,0,4.03
2026-09-06T11:21:05Z,440,CloudOS.SystemBroker,23276,True,27.42,18.62,4246.54,181,5,0,83.88
2026-09-06T11:21:05Z,440,cloudos_flutter_shell,10800,True,221.97,1052.29,59783.92,584,53,0,237.08
2026-09-06T11:21:05Z,440,msedgewebview2,2436,True,131.37,41.6,2303475.38,1435,52,0,6.92
2026-09-06T11:21:05Z,440,msedgewebview2,15152,True,12.23,2.98,2203900.73,179,8,0,0.27
2026-09-06T11:21:05Z,440,msedgewebview2,5520,True,98.3,139.81,2254183.6,712,33,0,2.39
2026-09-06T11:21:05Z,440,msedgewebview2,7436,True,44.3,14.2,2253643.63,375,21,0,1.94
2026-09-06T11:21:05Z,440,msedgewebview2,6164,True,20.52,9.3,2253431.09,186,10,0,0.25
2026-09-06T11:21:05Z,440,msedgewebview2,14668,True,99.47,49.49,3698902.14,339,28,0,1.05
2026-09-06T11:22:05Z,441,CloudOS,17500,True,74.48,30.02,57751.42,788,14,0,97.38
2026-09-06T11:22:05Z,441,CloudOS.Supervisor,23280,True,6.86,1.38,4187.85,83,1,0,4.03
2026-09-06T11:22:05Z,441,CloudOS.SystemBroker,23276,True,27.42,18.62,4246.54,181,5,0,84.17
2026-09-06T11:22:05Z,441,cloudos_flutter_shell,10800,True,221.97,1052.29,59783.92,584,53,0,237.36
2026-09-06T11:22:05Z,441,msedgewebview2,2436,True,131.4,41.65,2303491.38,1435,53,0,6.92
2026-09-06T11:22:05Z,441,msedgewebview2,15152,True,12.23,2.98,2203900.73,179,8,0,0.27
2026-09-06T11:22:05Z,441,msedgewebview2,5520,True,98.3,139.81,2254183.6,712,33,0,2.39
2026-09-06T11:22:05Z,441,msedgewebview2,7436,True,44.3,14.19,2253643.63,375,21,0,1.94
2026-09-06T11:22:05Z,441,msedgewebview2,6164,True,20.52,9.3,2253431.09,186,10,0,0.25
2026-09-06T11:22:05Z,441,msedgewebview2,14668,True,99.47,49.49,3698902.14,339,28,0,1.05
2026-09-06T11:23:05Z,442,CloudOS,17500,True,74.48,30.02,57751.42,790,14,0,97.45
2026-09-06T11:23:05Z,442,CloudOS.Supervisor,23280,True,6.86,1.38,4187.85,83,1,0,4.03
2026-09-06T11:23:05Z,442,CloudOS.SystemBroker,23276,True,27.42,18.62,4246.54,181,5,0,84.38
2026-09-06T11:23:05Z,442,cloudos_flutter_shell,10800,True,221.97,1052.29,59783.92,584,53,0,237.58
2026-09-06T11:23:05Z,442,msedgewebview2,2436,True,131.4,41.65,2303491.38,1435,53,0,6.92
2026-09-06T11:23:05Z,442,msedgewebview2,15152,True,12.23,2.98,2203900.73,179,8,0,0.27
2026-09-06T11:23:05Z,442,msedgewebview2,5520,True,98.3,139.81,2254183.6,712,33,0,2.39
2026-09-06T11:23:05Z,442,msedgewebview2,7436,True,44.3,14.19,2253643.63,375,21,0,1.94
2026-09-06T11:23:05Z,442,msedgewebview2,6164,True,20.52,9.3,2253431.09,186,10,0,0.25
2026-09-06T11:23:05Z,442,msedgewebview2,14668,True,99.47,49.49,3698902.14,339,28,0,1.06
2026-09-06T11:24:05Z,443,CloudOS,17500,True,74.49,30.02,57751.42,788,14,0,97.59
2026-09-06T11:24:05Z,443,CloudOS.Supervisor,23280,True,6.86,1.38,4187.85,83,1,0,4.05
2026-09-06T11:24:05Z,443,CloudOS.SystemBroker,23276,True,27.42,18.62,4246.54,181,5,0,84.52
2026-09-06T11:24:05Z,443,cloudos_flutter_shell,10800,True,221.96,1052.27,59782.92,584,52,0,237.86
2026-09-06T11:24:05Z,443,msedgewebview2,2436,True,131.39,41.62,2303475.38,1437,52,0,6.92
2026-09-06T11:24:05Z,443,msedgewebview2,15152,True,12.23,2.98,2203900.73,179,8,0,0.27
2026-09-06T11:24:05Z,443,msedgewebview2,5520,True,98.3,139.81,2254183.6,712,33,0,2.39
2026-09-06T11:24:05Z,443,msedgewebview2,7436,True,44.36,14.25,2253643.63,377,21,0,1.94
2026-09-06T11:24:05Z,443,msedgewebview2,6164,True,20.52,9.3,2253431.09,186,10,0,0.25
2026-09-06T11:24:05Z,443,msedgewebview2,14668,True,99.47,49.49,3698902.14,339,28,0,1.06
2026-09-06T11:25:05Z,444,CloudOS,17500,True,74.49,30.02,57751.42,790,14,0,97.64
2026-09-06T11:25:05Z,444,CloudOS.Supervisor,23280,True,6.86,1.38,4187.85,83,1,0,4.05
2026-09-06T11:25:05Z,444,CloudOS.SystemBroker,23276,True,27.42,18.62,4246.54,181,5,0,84.66
2026-09-06T11:25:05Z,444,cloudos_flutter_shell,10800,True,221.98,1052.3,59783.92,584,53,0,238.06
2026-09-06T11:25:05Z,444,msedgewebview2,2436,True,131.42,41.69,2303507.38,1437,54,0,6.92
2026-09-06T11:25:05Z,444,msedgewebview2,15152,True,12.23,2.98,2203900.73,179,8,0,0.27
2026-09-06T11:25:05Z,444,msedgewebview2,5520,True,98.28,139.78,2254183.6,712,33,0,2.39
2026-09-06T11:25:05Z,444,msedgewebview2,7436,True,44.34,14.27,2253675.63,377,23,0,1.94
2026-09-06T11:25:05Z,444,msedgewebview2,6164,True,20.52,9.3,2253431.09,186,10,0,0.25
2026-09-06T11:25:05Z,444,msedgewebview2,14668,True,99.47,49.49,3698902.14,339,28,0,1.06
2026-09-06T11:26:06Z,445,CloudOS,17500,True,74.49,30.02,57751.42,790,14,0,97.72
2026-09-06T11:26:06Z,445,CloudOS.Supervisor,23280,True,6.86,1.38,4187.85,83,1,0,4.06
2026-09-06T11:26:06Z,445,CloudOS.SystemBroker,23276,True,27.42,18.62,4246.54,181,5,0,84.8
2026-09-06T11:26:06Z,445,cloudos_flutter_shell,10800,True,221.98,1052.3,59783.92,584,53,0,238.59
2026-09-06T11:26:06Z,445,msedgewebview2,2436,True,131.42,41.69,2303507.38,1437,54,0,6.92
2026-09-06T11:26:06Z,445,msedgewebview2,15152,True,12.23,2.98,2203900.73,179,8,0,0.27
2026-09-06T11:26:06Z,445,msedgewebview2,5520,True,98.28,139.78,2254183.6,712,33,0,2.41
2026-09-06T11:26:06Z,445,msedgewebview2,7436,True,44.34,14.27,2253675.63,377,23,0,1.94
2026-09-06T11:26:06Z,445,msedgewebview2,6164,True,20.52,9.3,2253431.09,186,10,0,0.25
2026-09-06T11:26:06Z,445,msedgewebview2,14668,True,99.47,49.49,3698902.14,339,28,0,1.06
2026-09-06T11:27:06Z,446,CloudOS,17500,True,74.49,30.03,57751.42,790,14,0,97.81
2026-09-06T11:27:06Z,446,CloudOS.Supervisor,23280,True,6.86,1.38,4187.85,83,1,0,4.06
2026-09-06T11:27:06Z,446,CloudOS.SystemBroker,23276,True,27.42,18.62,4246.54,181,5,0,84.92
2026-09-06T11:27:06Z,446,cloudos_flutter_shell,10800,True,221.98,1052.3,59783.92,584,53,0,238.8
2026-09-06T11:27:06Z,446,msedgewebview2,2436,True,132.39,42.68,2303507.38,1438,54,0,6.92
2026-09-06T11:27:06Z,446,msedgewebview2,15152,True,12.23,2.98,2203900.73,179,8,0,0.27
2026-09-06T11:27:06Z,446,msedgewebview2,5520,True,98.28,139.78,2254183.6,712,33,0,2.41
2026-09-06T11:27:06Z,446,msedgewebview2,7436,True,44.4,14.27,2253643.63,375,21,0,1.95
2026-09-06T11:27:06Z,446,msedgewebview2,6164,True,20.62,9.41,2253431.09,186,10,0,0.25
2026-09-06T11:27:06Z,446,msedgewebview2,14668,True,99.47,49.49,3698902.14,339,28,0,1.06
2026-09-06T11:28:06Z,447,CloudOS,17500,True,74.49,30.03,57751.42,790,14,0,97.95
2026-09-06T11:28:06Z,447,CloudOS.Supervisor,23280,True,6.86,1.38,4187.85,83,1,0,4.06
2026-09-06T11:28:06Z,447,CloudOS.SystemBroker,23276,True,27.42,18.62,4246.54,181,5,0,85.16
2026-09-06T11:28:06Z,447,cloudos_flutter_shell,10800,True,221.98,1052.3,59783.92,584,53,0,239.14
2026-09-06T11:28:06Z,447,msedgewebview2,2436,True,131.39,41.66,2303507.38,1437,54,0,6.92
2026-09-06T11:28:06Z,447,msedgewebview2,15152,True,12.23,2.98,2203900.73,179,8,0,0.27
2026-09-06T11:28:06Z,447,msedgewebview2,5520,True,98.28,139.78,2254183.6,712,33,0,2.41
2026-09-06T11:28:06Z,447,msedgewebview2,7436,True,44.31,14.19,2253643.63,375,21,0,1.95
2026-09-06T11:28:06Z,447,msedgewebview2,6164,True,20.52,9.3,2253431.09,186,10,0,0.25
2026-09-06T11:28:06Z,447,msedgewebview2,14668,True,99.47,49.49,3698902.14,339,28,0,1.06
2026-09-06T11:29:06Z,448,CloudOS,17500,True,74.49,30.02,57751.42,790,14,0,97.97
2026-09-06T11:29:06Z,448,CloudOS.Supervisor,23280,True,6.86,1.38,4187.85,83,1,0,4.08
2026-09-06T11:29:06Z,448,CloudOS.SystemBroker,23276,True,27.42,18.62,4246.54,181,5,0,85.23
2026-09-06T11:29:06Z,448,cloudos_flutter_shell,10800,True,221.98,1052.3,59783.92,584,53,0,239.34
2026-09-06T11:29:06Z,448,msedgewebview2,2436,True,131.38,41.6,2303475.38,1437,52,0,6.92
2026-09-06T11:29:06Z,448,msedgewebview2,15152,True,12.23,2.98,2203900.73,179,8,0,0.27
2026-09-06T11:29:06Z,448,msedgewebview2,5520,True,98.31,139.81,2254183.6,712,33,0,2.41
2026-09-06T11:29:06Z,448,msedgewebview2,7436,True,44.37,14.25,2253643.63,377,21,0,1.95
2026-09-06T11:29:06Z,448,msedgewebview2,6164,True,20.52,9.3,2253431.09,186,10,0,0.25
2026-09-06T11:29:06Z,448,msedgewebview2,14668,True,99.48,49.5,3698902.14,339,28,0,1.06
2026-09-06T11:30:06Z,449,CloudOS,17500,True,74.49,30.02,57751.42,790,14,0,98.08
2026-09-06T11:30:06Z,449,CloudOS.Supervisor,23280,True,6.86,1.38,4187.85,83,1,0,4.08
2026-09-06T11:30:06Z,449,CloudOS.SystemBroker,23276,True,27.42,18.62,4246.54,181,5,0,85.44
2026-09-06T11:30:06Z,449,cloudos_flutter_shell,10800,True,221.98,1052.3,59783.92,584,53,0,239.58
2026-09-06T11:30:06Z,449,msedgewebview2,2436,True,131.4,41.67,2303507.38,1439,54,0,6.95
2026-09-06T11:30:06Z,449,msedgewebview2,15152,True,12.23,2.98,2203900.73,179,8,0,0.27
2026-09-06T11:30:06Z,449,msedgewebview2,5520,True,98.31,139.81,2254183.6,712,33,0,2.41
2026-09-06T11:30:06Z,449,msedgewebview2,7436,True,44.35,14.28,2253675.63,379,23,0,1.95
2026-09-06T11:30:06Z,449,msedgewebview2,6164,True,20.52,9.3,2253431.09,186,10,0,0.25
2026-09-06T11:30:06Z,449,msedgewebview2,14668,True,99.47,49.49,3698902.14,339,28,0,1.06
2026-09-06T11:31:06Z,450,CloudOS,17500,True,74.48,30.14,57751.42,788,14,0,98.16
2026-09-06T11:31:06Z,450,CloudOS.Supervisor,23280,True,6.86,1.38,4187.85,83,1,0,4.09
2026-09-06T11:31:06Z,450,CloudOS.SystemBroker,23276,True,27.42,18.62,4246.54,181,5,0,85.66
2026-09-06T11:31:06Z,450,cloudos_flutter_shell,10800,True,221.98,1052.3,59783.92,584,53,0,239.81
2026-09-06T11:31:06Z,450,msedgewebview2,2436,True,131.35,41.57,2303475.38,1435,52,0,6.95
2026-09-06T11:31:06Z,450,msedgewebview2,15152,True,12.23,2.98,2203900.73,179,8,0,0.27
2026-09-06T11:31:06Z,450,msedgewebview2,5520,True,98.31,139.81,2254183.6,712,33,0,2.41
2026-09-06T11:31:06Z,450,msedgewebview2,7436,True,44.31,14.2,2253643.63,375,21,0,1.95
2026-09-06T11:31:06Z,450,msedgewebview2,6164,True,20.52,9.3,2253431.09,186,10,0,0.25
2026-09-06T11:31:06Z,450,msedgewebview2,14668,True,99.47,49.49,3698902.14,339,28,0,1.06
2026-09-06T11:32:07Z,451,CloudOS,17500,True,74.48,30.14,57751.42,790,14,0,98.31
2026-09-06T11:32:07Z,451,CloudOS.Supervisor,23280,True,6.86,1.38,4187.85,83,1,0,4.11
2026-09-06T11:32:07Z,451,CloudOS.SystemBroker,23276,True,27.42,18.62,4246.54,181,5,0,85.75
2026-09-06T11:32:07Z,451,cloudos_flutter_shell,10800,True,221.98,1052.3,59783.92,584,53,0,240.12
2026-09-06T11:32:07Z,451,msedgewebview2,2436,True,131.37,41.61,2303491.38,1435,53,0,6.95
2026-09-06T11:32:07Z,451,msedgewebview2,15152,True,12.24,2.99,2203900.73,179,8,0,0.27
2026-09-06T11:32:07Z,451,msedgewebview2,5520,True,98.32,139.81,2254183.6,712,33,0,2.41
2026-09-06T11:32:07Z,451,msedgewebview2,7436,True,44.31,14.19,2253643.63,375,21,0,1.95
2026-09-06T11:32:07Z,451,msedgewebview2,6164,True,20.52,9.3,2253431.09,186,10,0,0.25
2026-09-06T11:32:07Z,451,msedgewebview2,14668,True,99.47,49.49,3698902.14,339,28,0,1.06
2026-09-06T11:33:07Z,452,CloudOS,17500,True,74.48,30.14,57751.42,788,14,0,98.42
2026-09-06T11:33:07Z,452,CloudOS.Supervisor,23280,True,6.86,1.38,4187.85,83,1,0,4.12
2026-09-06T11:33:07Z,452,CloudOS.SystemBroker,23276,True,27.42,18.62,4246.54,181,5,0,85.83
2026-09-06T11:33:07Z,452,cloudos_flutter_shell,10800,True,221.98,1052.3,59783.92,584,53,0,240.48
2026-09-06T11:33:07Z,452,msedgewebview2,2436,True,131.37,41.61,2303491.38,1435,53,0,6.95
2026-09-06T11:33:07Z,452,msedgewebview2,15152,True,12.23,2.98,2203900.73,179,8,0,0.27
2026-09-06T11:33:07Z,452,msedgewebview2,5520,True,98.31,139.81,2254183.6,712,33,0,2.41
2026-09-06T11:33:07Z,452,msedgewebview2,7436,True,44.31,14.19,2253643.63,375,21,0,1.95
2026-09-06T11:33:07Z,452,msedgewebview2,6164,True,20.52,9.3,2253431.09,186,10,0,0.25
2026-09-06T11:33:07Z,452,msedgewebview2,14668,True,99.47,49.49,3698902.14,339,28,0,1.06
2026-09-06T11:34:07Z,453,CloudOS,17500,True,74.48,30.14,57751.42,790,14,0,98.55
2026-09-06T11:34:07Z,453,CloudOS.Supervisor,23280,True,6.86,1.38,4187.85,83,1,0,4.12
2026-09-06T11:34:07Z,453,CloudOS.SystemBroker,23276,True,27.42,18.62,4246.54,181,5,0,86.03
2026-09-06T11:34:07Z,453,cloudos_flutter_shell,10800,True,221.98,1052.3,59783.92,584,53,0,240.78
2026-09-06T11:34:07Z,453,msedgewebview2,2436,True,131.39,41.63,2303491.38,1437,53,0,6.97
2026-09-06T11:34:07Z,453,msedgewebview2,15152,True,12.24,2.99,2203900.73,179,8,0,0.27
2026-09-06T11:34:07Z,453,msedgewebview2,5520,True,98.31,139.81,2254183.6,712,33,0,2.41
2026-09-06T11:34:07Z,453,msedgewebview2,7436,True,44.39,14.28,2253643.63,377,21,0,1.95
2026-09-06T11:34:07Z,453,msedgewebview2,6164,True,20.52,9.3,2253431.09,186,10,0,0.25
2026-09-06T11:34:07Z,453,msedgewebview2,14668,True,99.48,49.5,3698902.14,339,28,0,1.06
2026-09-06T11:35:07Z,454,CloudOS,17500,True,74.48,30.14,57751.42,790,14,0,98.62
2026-09-06T11:35:07Z,454,CloudOS.Supervisor,23280,True,6.86,1.38,4187.85,83,1,0,4.12
2026-09-06T11:35:07Z,454,CloudOS.SystemBroker,23276,True,27.42,18.62,4246.54,181,5,0,86.2
2026-09-06T11:35:07Z,454,cloudos_flutter_shell,10800,True,221.96,1052.3,59783.92,584,53,0,241.03
2026-09-06T11:35:07Z,454,msedgewebview2,2436,True,131.39,41.67,2303507.38,1437,54,0,6.97
2026-09-06T11:35:07Z,454,msedgewebview2,15152,True,12.23,2.98,2203900.73,179,8,0,0.27
2026-09-06T11:35:07Z,454,msedgewebview2,5520,True,98.28,139.81,2254183.6,712,33,0,2.41
2026-09-06T11:35:07Z,454,msedgewebview2,7436,True,44.33,14.27,2253675.63,377,23,0,1.95
2026-09-06T11:35:07Z,454,msedgewebview2,6164,True,20.52,9.3,2253431.09,186,10,0,0.25
2026-09-06T11:35:07Z,454,msedgewebview2,14668,True,99.47,49.49,3698902.14,339,28,0,1.06
2026-09-06T11:36:07Z,455,CloudOS,17500,True,74.48,30.14,57751.42,790,14,0,98.75
2026-09-06T11:36:07Z,455,CloudOS.Supervisor,23280,True,6.86,1.38,4187.85,83,1,0,4.12
2026-09-06T11:36:07Z,455,CloudOS.SystemBroker,23276,True,27.42,18.62,4246.54,181,5,0,86.39
2026-09-06T11:36:07Z,455,cloudos_flutter_shell,10800,True,221.96,1052.3,59783.92,584,53,0,241.38
2026-09-06T11:36:07Z,455,msedgewebview2,2436,True,131.39,41.67,2303507.38,1437,54,0,6.98
2026-09-06T11:36:07Z,455,msedgewebview2,15152,True,12.23,2.98,2203900.73,179,8,0,0.27
2026-09-06T11:36:07Z,455,msedgewebview2,5520,True,98.27,139.81,2254183.6,712,33,0,2.41
2026-09-06T11:36:07Z,455,msedgewebview2,7436,True,44.33,14.27,2253675.63,377,23,0,1.95
2026-09-06T11:36:07Z,455,msedgewebview2,6164,True,20.52,9.3,2253431.09,186,10,0,0.25
2026-09-06T11:36:07Z,455,msedgewebview2,14668,True,99.47,49.49,3698902.14,339,28,0,1.06
2026-09-06T11:37:07Z,456,CloudOS,17500,True,74.48,30.14,57751.42,790,14,0,98.86
2026-09-06T11:37:07Z,456,CloudOS.Supervisor,23280,True,6.86,1.38,4187.85,83,1,0,4.12
2026-09-06T11:37:07Z,456,CloudOS.SystemBroker,23276,True,27.42,18.62,4246.54,181,5,0,86.59
2026-09-06T11:37:07Z,456,cloudos_flutter_shell,10800,True,221.96,1052.3,59783.92,584,53,0,241.67
2026-09-06T11:37:07Z,456,msedgewebview2,2436,True,131.37,41.62,2303491.38,1435,53,0,6.98
2026-09-06T11:37:07Z,456,msedgewebview2,15152,True,12.23,2.98,2203900.73,179,8,0,0.27
2026-09-06T11:37:07Z,456,msedgewebview2,5520,True,98.27,139.81,2254183.6,712,33,0,2.41
2026-09-06T11:37:07Z,456,msedgewebview2,7436,True,44.31,14.2,2253643.63,375,21,0,1.95
2026-09-06T11:37:07Z,456,msedgewebview2,6164,True,20.52,9.3,2253431.09,186,10,0,0.25
2026-09-06T11:37:07Z,456,msedgewebview2,14668,True,99.47,49.49,3698902.14,339,28,0,1.08
2026-09-06T11:38:07Z,457,CloudOS,17500,True,74.49,30.14,57751.42,790,14,0,98.97
2026-09-06T11:38:07Z,457,CloudOS.Supervisor,23280,True,6.86,1.38,4187.85,83,1,0,4.12
2026-09-06T11:38:07Z,457,CloudOS.SystemBroker,23276,True,27.42,18.62,4246.54,181,5,0,86.84
2026-09-06T11:38:07Z,457,cloudos_flutter_shell,10800,True,221.96,1052.3,59783.92,584,53,0,242
2026-09-06T11:38:07Z,457,msedgewebview2,2436,True,131.37,41.62,2303491.38,1435,53,0,6.98
2026-09-06T11:38:07Z,457,msedgewebview2,15152,True,12.23,2.98,2203900.73,179,8,0,0.27
2026-09-06T11:38:07Z,457,msedgewebview2,5520,True,98.3,139.81,2254183.6,712,33,0,2.42
2026-09-06T11:38:07Z,457,msedgewebview2,7436,True,44.3,14.19,2253643.63,375,21,0,1.95
2026-09-06T11:38:07Z,457,msedgewebview2,6164,True,20.52,9.3,2253431.09,186,10,0,0.25
2026-09-06T11:38:07Z,457,msedgewebview2,14668,True,99.48,49.5,3698902.14,339,28,0,1.08
2026-09-06T11:39:08Z,458,CloudOS,17500,True,74.49,30.14,57751.42,790,14,0,99.09
2026-09-06T11:39:08Z,458,CloudOS.Supervisor,23280,True,6.86,1.38,4187.85,83,1,0,4.14
2026-09-06T11:39:08Z,458,CloudOS.SystemBroker,23276,True,27.42,18.62,4246.54,181,5,0,87.12
2026-09-06T11:39:08Z,458,cloudos_flutter_shell,10800,True,221.96,1052.3,59783.92,584,53,0,242.23
2026-09-06T11:39:08Z,458,msedgewebview2,2436,True,131.35,41.57,2303475.38,1435,52,0,6.98
2026-09-06T11:39:08Z,458,msedgewebview2,15152,True,12.23,2.98,2203900.73,179,8,0,0.27
2026-09-06T11:39:08Z,458,msedgewebview2,5520,True,98.3,139.81,2254183.6,712,33,0,2.42
2026-09-06T11:39:08Z,458,msedgewebview2,7436,True,44.3,14.19,2253643.63,375,21,0,1.95
2026-09-06T11:39:08Z,458,msedgewebview2,6164,True,20.52,9.3,2253431.09,186,10,0,0.25
2026-09-06T11:39:08Z,458,msedgewebview2,14668,True,99.47,49.49,3698902.14,339,28,0,1.08
2026-09-06T11:40:08Z,459,CloudOS,17500,True,74.49,30.15,57751.42,788,14,0,99.17
2026-09-06T11:40:08Z,459,CloudOS.Supervisor,23280,True,6.86,1.38,4187.85,83,1,0,4.16
2026-09-06T11:40:08Z,459,CloudOS.SystemBroker,23276,True,27.42,18.62,4246.54,181,5,0,87.34
2026-09-06T11:40:08Z,459,cloudos_flutter_shell,10800,True,221.96,1052.3,59783.92,584,53,0,242.66
2026-09-06T11:40:08Z,459,msedgewebview2,2436,True,131.35,41.57,2303475.38,1435,52,0,7
2026-09-06T11:40:08Z,459,msedgewebview2,15152,True,12.23,2.98,2203900.73,179,8,0,0.27
2026-09-06T11:40:08Z,459,msedgewebview2,5520,True,98.3,139.81,2254183.6,712,33,0,2.42
2026-09-06T11:40:08Z,459,msedgewebview2,7436,True,44.3,14.19,2253643.63,375,21,0,1.95
2026-09-06T11:40:08Z,459,msedgewebview2,6164,True,20.52,9.3,2253431.09,186,10,0,0.25
2026-09-06T11:40:08Z,459,msedgewebview2,14668,True,99.47,49.49,3698902.14,339,28,0,1.08
2026-09-06T11:41:08Z,460,CloudOS,17500,True,74.49,30.15,57751.42,790,14,0,99.25
2026-09-06T11:41:08Z,460,CloudOS.Supervisor,23280,True,6.86,1.38,4187.85,83,1,0,4.16
2026-09-06T11:41:08Z,460,CloudOS.SystemBroker,23276,True,27.42,18.62,4246.54,181,5,0,87.53
2026-09-06T11:41:08Z,460,cloudos_flutter_shell,10800,True,221.97,1052.3,59783.92,584,53,0,242.98
2026-09-06T11:41:08Z,460,msedgewebview2,2436,True,131.34,41.57,2303475.38,1435,52,0,7
2026-09-06T11:41:08Z,460,msedgewebview2,15152,True,12.23,2.98,2203900.73,179,8,0,0.27
2026-09-06T11:41:08Z,460,msedgewebview2,5520,True,98.3,139.81,2254183.6,712,33,0,2.42
2026-09-06T11:41:08Z,460,msedgewebview2,7436,True,44.3,14.19,2253643.63,375,21,0,1.95
2026-09-06T11:41:08Z,460,msedgewebview2,6164,True,20.52,9.3,2253431.09,186,10,0,0.25
2026-09-06T11:41:08Z,460,msedgewebview2,14668,True,99.48,49.5,3698902.14,339,28,0,1.08
2026-09-06T11:42:08Z,461,CloudOS,17500,True,74.49,30.14,57751.42,788,14,0,99.38
2026-09-06T11:42:08Z,461,CloudOS.Supervisor,23280,True,6.86,1.38,4187.85,83,1,0,4.19
2026-09-06T11:42:08Z,461,CloudOS.SystemBroker,23276,True,27.42,18.62,4246.54,181,5,0,87.77
2026-09-06T11:42:08Z,461,cloudos_flutter_shell,10800,True,221.97,1052.3,59783.92,584,53,0,243.38
2026-09-06T11:42:08Z,461,msedgewebview2,2436,True,131.35,41.62,2303507.38,1437,54,0,7.02
2026-09-06T11:42:08Z,461,msedgewebview2,15152,True,12.24,2.99,2203900.73,179,8,0,0.27
2026-09-06T11:42:08Z,461,msedgewebview2,5520,True,98.28,139.77,2254167.6,712,32,0,2.42
2026-09-06T11:42:08Z,461,msedgewebview2,7436,True,44.3,14.19,2253643.63,375,21,0,1.97
2026-09-06T11:42:08Z,461,msedgewebview2,6164,True,20.52,9.3,2253431.09,186,10,0,0.25
2026-09-06T11:42:08Z,461,msedgewebview2,14668,True,99.47,49.49,3698902.14,339,28,0,1.08
2026-09-06T11:43:08Z,462,CloudOS,17500,True,74.49,30.14,57751.42,790,14,0,99.52
2026-09-06T11:43:08Z,462,CloudOS.Supervisor,23280,True,6.86,1.38,4187.85,83,1,0,4.19
2026-09-06T11:43:08Z,462,CloudOS.SystemBroker,23276,True,27.42,18.62,4246.54,181,5,0,87.95
2026-09-06T11:43:08Z,462,cloudos_flutter_shell,10800,True,221.97,1052.3,59783.92,584,53,0,243.61
2026-09-06T11:43:08Z,462,msedgewebview2,2436,True,131.34,41.61,2303507.38,1437,54,0,7.03
2026-09-06T11:43:08Z,462,msedgewebview2,15152,True,12.23,2.98,2203900.73,179,8,0,0.27
2026-09-06T11:43:08Z,462,msedgewebview2,5520,True,98.28,139.78,2254183.6,712,33,0,2.42
2026-09-06T11:43:08Z,462,msedgewebview2,7436,True,44.31,14.2,2253643.63,375,21,0,1.97
2026-09-06T11:43:08Z,462,msedgewebview2,6164,True,20.52,9.3,2253431.09,186,10,0,0.25
2026-09-06T11:43:08Z,462,msedgewebview2,14668,True,99.48,49.49,3698902.14,339,28,0,1.08
2026-09-06T11:44:08Z,463,CloudOS,17500,True,74.47,30.12,57750.42,788,13,0,99.62
2026-09-06T11:44:08Z,463,CloudOS.Supervisor,23280,True,6.86,1.38,4187.85,83,1,0,4.19
2026-09-06T11:44:08Z,463,CloudOS.SystemBroker,23276,True,27.42,18.62,4246.54,181,5,0,88.09
2026-09-06T11:44:08Z,463,cloudos_flutter_shell,10800,True,221.97,1052.3,59783.92,584,53,0,243.84
2026-09-06T11:44:08Z,463,msedgewebview2,2436,True,131.38,41.65,2303507.38,1439,54,0,7.03
2026-09-06T11:44:08Z,463,msedgewebview2,15152,True,12.23,2.98,2203900.73,179,8,0,0.27
2026-09-06T11:44:08Z,463,msedgewebview2,5520,True,98.28,139.78,2254183.6,712,33,0,2.42
2026-09-06T11:44:08Z,463,msedgewebview2,7436,True,44.43,14.36,2253675.63,379,23,0,1.97
2026-09-06T11:44:08Z,463,msedgewebview2,6164,True,20.52,9.3,2253431.09,186,10,0,0.25
2026-09-06T11:44:08Z,463,msedgewebview2,14668,True,99.48,49.5,3698902.14,339,28,0,1.08
2026-09-06T11:45:09Z,464,CloudOS,17500,True,74.49,30.14,57751.42,790,14,0,99.77
2026-09-06T11:45:09Z,464,CloudOS.Supervisor,23280,True,6.86,1.38,4187.85,83,1,0,4.19
2026-09-06T11:45:09Z,464,CloudOS.SystemBroker,23276,True,27.42,18.62,4246.54,181,5,0,88.36
2026-09-06T11:45:09Z,464,cloudos_flutter_shell,10800,True,221.97,1052.3,59783.92,584,53,0,244.06
2026-09-06T11:45:09Z,464,msedgewebview2,2436,True,131.35,41.62,2303507.38,1439,54,0,7.03
2026-09-06T11:45:09Z,464,msedgewebview2,15152,True,12.23,2.98,2203900.73,179,8,0,0.27
2026-09-06T11:45:09Z,464,msedgewebview2,5520,True,98.28,139.78,2254183.6,712,33,0,2.42
2026-09-06T11:45:09Z,464,msedgewebview2,7436,True,44.35,14.28,2253675.63,379,23,0,1.97
2026-09-06T11:45:09Z,464,msedgewebview2,6164,True,20.52,9.3,2253431.09,186,10,0,0.25
2026-09-06T11:45:09Z,464,msedgewebview2,14668,True,99.48,49.49,3698902.14,339,28,0,1.08
2026-09-06T11:46:09Z,465,CloudOS,17500,True,74.49,30.14,57751.42,790,14,0,99.84
2026-09-06T11:46:09Z,465,CloudOS.Supervisor,23280,True,6.86,1.38,4187.85,83,1,0,4.19
2026-09-06T11:46:09Z,465,CloudOS.SystemBroker,23276,True,27.42,18.62,4246.54,181,5,0,88.62
2026-09-06T11:46:09Z,465,cloudos_flutter_shell,10800,True,221.97,1052.3,59783.92,584,53,0,244.22
2026-09-06T11:46:09Z,465,msedgewebview2,2436,True,131.33,41.57,2303491.38,1437,53,0,7.03
2026-09-06T11:46:09Z,465,msedgewebview2,15152,True,12.23,2.98,2203900.73,179,8,0,0.27
2026-09-06T11:46:09Z,465,msedgewebview2,5520,True,98.28,139.78,2254183.6,712,33,0,2.42
2026-09-06T11:46:09Z,465,msedgewebview2,7436,True,44.33,14.24,2253659.63,377,22,0,1.97
2026-09-06T11:46:09Z,465,msedgewebview2,6164,True,20.52,9.3,2253431.09,186,10,0,0.25
2026-09-06T11:46:09Z,465,msedgewebview2,14668,True,99.48,49.49,3698902.14,339,28,0,1.08
2026-09-06T11:47:09Z,466,CloudOS,17500,True,74.49,30.15,57751.42,790,14,0,99.88
2026-09-06T11:47:09Z,466,CloudOS.Supervisor,23280,True,6.86,1.38,4187.85,83,1,0,4.19
2026-09-06T11:47:09Z,466,CloudOS.SystemBroker,23276,True,27.42,18.62,4246.54,181,5,0,88.81
2026-09-06T11:47:09Z,466,cloudos_flutter_shell,10800,True,221.97,1052.3,59783.92,584,53,0,244.58
2026-09-06T11:47:09Z,466,msedgewebview2,2436,True,131.33,41.57,2303491.38,1435,53,0,7.05
2026-09-06T11:47:09Z,466,msedgewebview2,15152,True,12.23,2.98,2203900.73,179,8,0,0.27
2026-09-06T11:47:09Z,466,msedgewebview2,5520,True,98.31,139.81,2254183.6,712,33,0,2.42
2026-09-06T11:47:09Z,466,msedgewebview2,7436,True,44.31,14.2,2253643.63,375,21,0,1.97
2026-09-06T11:47:09Z,466,msedgewebview2,6164,True,20.52,9.3,2253431.09,186,10,0,0.25
2026-09-06T11:47:09Z,466,msedgewebview2,14668,True,99.48,49.49,3698902.14,339,28,0,1.08
2026-09-06T11:48:09Z,467,CloudOS,17500,True,93.54,49.08,57770.17,792,14,0,101.08
2026-09-06T11:48:09Z,467,CloudOS.Supervisor,23280,True,6.86,1.38,4187.85,83,1,0,4.19
2026-09-06T11:48:09Z,467,CloudOS.SystemBroker,23276,True,27.42,18.62,4246.54,181,5,0,89.08
2026-09-06T11:48:09Z,467,cloudos_flutter_shell,10800,True,215.19,1059.81,59777.92,588,55,0,244.92
2026-09-06T11:48:09Z,467,msedgewebview2,2436,True,131.5,41.64,2303491.38,1435,53,0,7.14
2026-09-06T11:48:09Z,467,msedgewebview2,15152,True,12.23,2.98,2203900.73,179,8,0,0.27
2026-09-06T11:48:09Z,467,msedgewebview2,5520,True,98.54,112.59,2254183.59,704,33,0,2.44
2026-09-06T11:48:09Z,467,msedgewebview2,7436,True,44.31,14.19,2253643.63,375,21,0,1.97
2026-09-06T11:48:09Z,467,msedgewebview2,6164,True,20.52,9.3,2253431.09,186,10,0,0.25
2026-09-06T11:48:09Z,467,msedgewebview2,14668,True,99.07,49,3698902.14,339,28,0,1.08
2026-09-06T11:49:09Z,468,CloudOS,17500,True,93.68,49.11,57771.17,797,15,0,103.78
2026-09-06T11:49:09Z,468,CloudOS.Supervisor,23280,True,6.86,1.38,4187.85,83,1,0,4.2
2026-09-06T11:49:09Z,468,CloudOS.SystemBroker,23276,True,27.42,18.62,4246.54,181,5,0,89.27
2026-09-06T11:49:09Z,468,cloudos_flutter_shell,10800,True,216.43,933.24,59627.67,586,53,0,245.59
2026-09-06T11:49:09Z,468,msedgewebview2,2436,True,131.52,41.61,2303475.38,1435,52,0,7.2
2026-09-06T11:49:09Z,468,msedgewebview2,15152,True,12.23,2.98,2203900.73,179,8,0,0.27
2026-09-06T11:49:09Z,468,msedgewebview2,5520,True,98.54,112.59,2254183.59,706,33,0,2.5
2026-09-06T11:49:09Z,468,msedgewebview2,7436,True,44.31,14.19,2253643.63,375,21,0,1.97
2026-09-06T11:49:09Z,468,msedgewebview2,6164,True,20.52,9.3,2253431.09,186,10,0,0.25
2026-09-06T11:49:09Z,468,msedgewebview2,14668,True,99.2,49.07,3698902.14,339,28,0,1.08
2026-09-06T11:50:09Z,469,CloudOS,17500,True,133.02,88.86,57811.43,795,14,0,107.66
2026-09-06T11:50:09Z,469,CloudOS.Supervisor,23280,True,6.86,1.38,4187.85,83,1,0,4.2
2026-09-06T11:50:09Z,469,CloudOS.SystemBroker,23276,True,27.42,18.62,4246.54,181,5,0,89.5
2026-09-06T11:50:09Z,469,cloudos_flutter_shell,10800,True,216.71,933.24,59627.67,586,53,0,246.02
2026-09-06T11:50:09Z,469,msedgewebview2,2436,True,131.47,41.56,2303475.38,1435,52,0,7.31
2026-09-06T11:50:09Z,469,msedgewebview2,15152,True,12.23,2.98,2203900.73,179,8,0,0.27
2026-09-06T11:50:09Z,469,msedgewebview2,5520,True,98.48,112.46,2254183.59,706,33,0,2.55
2026-09-06T11:50:09Z,469,msedgewebview2,7436,True,44.31,14.19,2253643.63,375,21,0,1.97
2026-09-06T11:50:09Z,469,msedgewebview2,6164,True,20.52,9.3,2253431.09,186,10,0,0.25
2026-09-06T11:50:09Z,469,msedgewebview2,14668,True,99.54,49.26,3698902.14,339,28,0,1.08
2026-09-06T11:51:10Z,470,CloudOS,17500,True,132.99,89.02,57811.43,791,14,0,107.72
2026-09-06T11:51:10Z,470,CloudOS.Supervisor,23280,True,6.86,1.38,4187.85,83,1,0,4.23
2026-09-06T11:51:10Z,470,CloudOS.SystemBroker,23276,True,27.42,18.62,4246.54,181,5,0,89.72
2026-09-06T11:51:10Z,470,cloudos_flutter_shell,10800,True,216.98,933.74,59628.17,586,53,0,246.25
2026-09-06T11:51:10Z,470,msedgewebview2,2436,True,131.67,41.77,2303491.38,1435,53,0,7.31
2026-09-06T11:51:10Z,470,msedgewebview2,15152,True,12.23,2.98,2203900.73,179,8,0,0.27
2026-09-06T11:51:10Z,470,msedgewebview2,5520,True,98.43,112.38,2254167.59,704,32,0,2.55
2026-09-06T11:51:10Z,470,msedgewebview2,7436,True,44.39,14.26,2253643.63,375,21,0,1.97
2026-09-06T11:51:10Z,470,msedgewebview2,6164,True,20.52,9.3,2253431.09,186,10,0,0.25
2026-09-06T11:51:10Z,470,msedgewebview2,14668,True,99.85,49.58,3698902.14,339,28,0,1.08
2026-09-06T11:52:10Z,471,NONE,0,False,0,0,0,0,0,0,0
2026-09-06T11:53:10Z,472,NONE,0,False,0,0,0,0,0,0,0
2026-09-06T11:54:10Z,473,NONE,0,False,0,0,0,0,0,0,0
2026-09-06T11:55:10Z,474,CloudOS.Supervisor,12428,True,7.14,1.48,4190.85,80,4,0,0.03
2026-09-06T11:56:10Z,475,NONE,0,False,0,0,0,0,0,0,0
2026-09-06T11:57:10Z,476,NONE,0,False,0,0,0,0,0,0,0
2026-09-06T11:58:10Z,477,CloudOS.SystemBroker,26980,True,11.19,2.16,4219.69,180,7,0,0.31
2026-09-06T11:59:10Z,478,CloudOS.SystemBroker,26980,True,26.17,17.38,4247.52,179,6,0,8.06
2026-09-06T12:00:10Z,479,CloudOS.SystemBroker,26980,True,26.14,17.66,4245.52,177,4,0,8.06
2026-09-06T12:01:10Z,480,CloudOS.SystemBroker,26980,True,26.14,17.66,4245.52,177,4,0,8.06
2026-09-06T12:02:10Z,481,CloudOS.SystemBroker,26980,True,26.12,17.66,4245.52,177,4,0,8.06
2026-09-06T12:03:10Z,482,CloudOS.SystemBroker,26980,True,26.26,17.71,4247.52,177,6,0,8.06
2026-09-06T12:04:11Z,483,CloudOS.SystemBroker,26980,True,26.26,17.71,4247.52,177,6,0,8.06
2026-09-06T12:05:11Z,484,CloudOS.SystemBroker,26980,True,26.25,17.69,4246.52,177,5,0,8.08
2026-09-06T12:06:11Z,485,CloudOS.SystemBroker,26980,True,26.23,17.66,4245.52,177,4,0,8.08
2026-09-06T12:07:11Z,486,CloudOS.SystemBroker,26980,True,26.23,17.66,4245.52,177,4,0,8.08
2026-09-06T12:08:11Z,487,CloudOS.SystemBroker,26980,True,26.26,17.71,4247.52,177,6,0,8.08
2026-09-06T12:09:11Z,488,CloudOS.SystemBroker,26980,True,26.23,17.66,4245.52,177,4,0,8.08
2026-09-06T12:10:11Z,489,CloudOS.SystemBroker,26980,True,26.23,17.66,4245.52,177,4,0,8.08
2026-09-06T12:11:11Z,490,CloudOS.SystemBroker,26980,True,26.23,17.66,4245.52,177,4,0,8.08
2026-09-06T12:12:11Z,491,CloudOS.SystemBroker,26980,True,26.23,17.66,4245.52,177,4,0,8.08
2026-09-06T12:13:11Z,492,CloudOS.SystemBroker,26980,True,26.23,17.66,4245.52,177,4,0,8.08
2026-09-06T12:14:11Z,493,CloudOS.SystemBroker,26980,True,26.23,17.66,4245.52,177,4,0,8.08
2026-09-06T12:15:11Z,494,CloudOS.SystemBroker,26980,True,26.23,17.66,4245.52,177,4,0,8.08
2026-09-06T12:16:11Z,495,CloudOS.SystemBroker,26980,True,26.23,17.66,4245.52,177,4,0,8.08
2026-09-06T12:17:11Z,496,CloudOS.SystemBroker,26980,True,26.23,17.66,4245.52,177,4,0,8.08
2026-09-06T12:18:11Z,497,CloudOS.SystemBroker,26980,True,26.23,17.66,4245.52,177,4,0,8.08
2026-09-06T12:19:11Z,498,CloudOS.SystemBroker,26980,True,26.23,17.66,4245.52,177,4,0,8.08
2026-09-06T12:20:11Z,499,CloudOS.SystemBroker,26980,True,26.23,17.66,4245.52,177,4,0,8.08
2026-09-06T12:21:12Z,500,CloudOS.SystemBroker,26980,True,26.23,17.66,4245.52,177,4,0,8.08
2026-09-06T12:22:12Z,501,CloudOS.SystemBroker,26980,True,26.23,17.66,4245.52,177,4,0,8.08
2026-09-06T12:23:12Z,502,CloudOS.SystemBroker,26980,True,26.23,17.66,4245.52,177,4,0,8.08
2026-09-06T12:24:12Z,503,CloudOS.SystemBroker,26980,True,26.23,17.66,4245.52,177,4,0,8.08
2026-09-06T12:25:12Z,504,CloudOS.SystemBroker,26980,True,26.23,17.66,4245.52,177,4,0,8.08
2026-09-06T12:26:12Z,505,CloudOS.SystemBroker,26980,True,26.23,17.66,4245.52,177,4,0,8.08
2026-09-06T12:27:12Z,506,CloudOS.SystemBroker,26980,True,26.23,17.66,4245.52,177,4,0,8.08
2026-09-06T12:28:12Z,507,CloudOS.SystemBroker,26980,True,26.23,17.66,4245.52,177,4,0,8.08
2026-09-06T12:29:12Z,508,CloudOS.SystemBroker,26980,True,26.23,17.66,4245.52,177,4,0,8.08
2026-09-06T12:30:12Z,509,CloudOS.SystemBroker,26980,True,26.23,17.66,4245.52,177,4,0,8.08
2026-09-06T12:31:12Z,510,CloudOS.SystemBroker,26980,True,26.23,17.66,4245.52,177,4,0,8.08
2026-09-06T12:32:12Z,511,CloudOS.SystemBroker,26980,True,26.23,17.66,4245.52,177,4,0,8.08
2026-09-06T12:33:12Z,512,CloudOS.SystemBroker,26980,True,26.23,17.66,4245.52,177,4,0,8.09
2026-09-06T12:34:12Z,513,CloudOS.SystemBroker,26980,True,26.23,17.66,4245.52,177,4,0,8.09
2026-09-06T12:35:12Z,514,CloudOS.SystemBroker,26980,True,26.23,17.66,4245.52,177,4,0,8.11
2026-09-06T12:36:13Z,515,CloudOS.SystemBroker,26980,True,26.17,17.66,4245.52,177,4,0,8.11
2026-09-06T12:37:13Z,516,CloudOS.SystemBroker,26980,True,26.17,17.66,4245.52,177,4,0,8.11
2026-09-06T12:38:13Z,517,CloudOS.SystemBroker,26980,True,26.17,17.66,4245.52,177,4,0,8.11
2026-09-06T12:39:13Z,518,CloudOS.SystemBroker,26980,True,26.17,17.66,4245.52,177,4,0,8.11
2026-09-06T12:40:13Z,519,CloudOS.SystemBroker,26980,True,26.17,17.66,4245.52,177,4,0,8.11
2026-09-06T12:41:13Z,520,CloudOS.SystemBroker,26980,True,15.77,17.66,4245.52,177,4,0,8.11
2026-09-06T12:42:13Z,521,CloudOS.SystemBroker,26980,True,15.77,17.66,4245.52,177,4,0,8.11
2026-09-06T12:43:13Z,522,CloudOS.SystemBroker,26980,True,15.77,17.66,4245.52,177,4,0,8.11
2026-09-06T12:44:13Z,523,CloudOS.SystemBroker,26980,True,15.77,17.66,4245.52,177,4,0,8.11
2026-09-06T12:45:13Z,524,CloudOS.SystemBroker,26980,True,15.77,17.66,4245.52,177,4,0,8.11
2026-09-06T12:46:13Z,525,CloudOS.SystemBroker,26980,True,10.67,17.66,4245.52,177,4,0,8.11
2026-09-06T12:47:13Z,526,NONE,0,False,0,0,0,0,0,0,0
2026-09-06T12:48:13Z,527,NONE,0,False,0,0,0,0,0,0,0
2026-09-06T12:49:13Z,528,NONE,0,False,0,0,0,0,0,0,0
2026-09-06T12:50:14Z,529,NONE,0,False,0,0,0,0,0,0,0
2026-09-06T12:51:14Z,530,CloudOS.SystemBroker,28152,True,15.53,2.75,4224.05,250,12,0,0.11
2026-09-06T12:51:14Z,530,cloudos_flutter_shell,2476,True,142.81,836.23,5338.37,488,54,0,2.97
2026-09-06T12:51:14Z,530,cloudos_flutter_shell,30316,True,121.11,625.21,5243.93,484,53,0,2.09
2026-09-06T12:52:14Z,531,CloudOS.SystemBroker,28152,True,35.7,5.37,4264.43,479,14,0,0.66
2026-09-06T12:52:14Z,531,cloudos_flutter_shell,2476,True,157.25,594.3,5293.62,486,50,0,8.53
2026-09-06T12:53:14Z,532,CloudOS.SystemBroker,28152,True,30.08,4.99,4248.8,447,8,0,0.66
2026-09-06T12:53:14Z,532,cloudos_flutter_shell,2476,True,184.13,568.23,58655.46,566,55,0,17.88
2026-09-06T12:54:14Z,533,CloudOS.SystemBroker,28152,True,30.07,4.96,4247.8,443,7,0,0.66
2026-09-06T12:54:14Z,533,cloudos_flutter_shell,2476,True,185.79,569.7,58655.96,566,54,0,18.11
2026-09-06T12:55:14Z,534,CloudOS.SystemBroker,28152,True,43.45,6.44,4282.02,556,17,0,0.81
2026-09-06T12:55:14Z,534,cloudos_flutter_shell,2476,True,182.64,608.01,58644.78,563,54,0,21.45
2026-09-06T12:56:14Z,535,CloudOS.SystemBroker,28152,True,36.37,5.88,4263.1,496,10,0,0.84
2026-09-06T12:56:14Z,535,cloudos_flutter_shell,2476,True,185.71,720.11,58657.99,560,55,0,22.25
2026-09-06T12:57:14Z,536,CloudOS.SystemBroker,28152,True,36.34,5.81,4261.1,484,8,0,0.84
2026-09-06T12:57:14Z,536,cloudos_flutter_shell,2476,True,186,720.61,58658.49,564,55,0,22.89
2026-09-06T12:58:14Z,537,CloudOS.SystemBroker,28152,True,36.27,5.71,4260.1,479,7,0,0.86
2026-09-06T12:59:14Z,538,CloudOS.SystemBroker,28152,True,36.23,5.66,4259.1,468,6,0,0.86
2026-09-06T13:00:14Z,539,CloudOS.SystemBroker,28152,True,36.21,5.62,4258.1,461,5,0,0.88
2026-09-06T13:01:14Z,540,CloudOS.SystemBroker,28152,True,36.24,5.65,4259.1,461,6,0,0.88
2026-09-06T13:02:14Z,541,CloudOS.SystemBroker,28152,True,36.21,5.6,4257.1,461,4,0,0.88
2026-09-06T13:03:14Z,542,CloudOS.SystemBroker,28152,True,36.21,5.6,4257.1,461,4,0,0.88
2026-09-06T13:04:15Z,543,CloudOS.SystemBroker,28152,True,36.21,5.6,4257.1,461,4,0,0.89
2026-09-06T13:05:15Z,544,CloudOS.SystemBroker,28152,True,36.23,5.62,4258.1,461,5,0,0.89
2026-09-06T13:06:15Z,545,CloudOS.SystemBroker,28152,True,36.23,5.62,4258.1,461,5,0,0.89
2026-09-06T13:07:15Z,546,CloudOS.SystemBroker,28152,True,36.23,5.62,4258.1,461,5,0,0.89
2026-09-06T13:08:15Z,547,CloudOS.SystemBroker,28152,True,36.23,5.62,4258.1,461,5,0,0.89
2026-09-06T13:09:15Z,548,CloudOS.SystemBroker,28152,True,36.23,5.62,4258.1,461,5,0,0.89
2026-09-06T13:10:15Z,549,CloudOS.SystemBroker,28152,True,36.21,5.6,4257.1,461,4,0,0.89
2026-09-06T13:11:15Z,550,CloudOS.SystemBroker,28152,True,36.21,5.6,4257.1,461,4,0,0.89
2026-09-06T13:12:15Z,551,NONE,0,False,0,0,0,0,0,0,0
2026-09-06T13:13:15Z,552,NONE,0,False,0,0,0,0,0,0,0
2026-09-06T13:14:15Z,553,NONE,0,False,0,0,0,0,0,0,0
2026-09-06T13:15:15Z,554,CloudOS.SystemBroker,28268,True,16.27,2.93,4228.89,274,11,0,0.11
2026-09-06T13:15:15Z,554,cloudos_flutter_shell,15408,True,115.21,386.12,4929.28,583,55,0,1.98
2026-09-06T13:16:16Z,555,CloudOS.SystemBroker,28268,True,15.67,2.56,4223.21,246,7,0,0.16
2026-09-06T13:17:16Z,556,CloudOS.SystemBroker,28268,True,15.67,2.56,4223.21,246,7,0,0.16
2026-09-06T13:18:16Z,557,CloudOS.SystemBroker,28268,True,15.63,2.47,4220.21,238,4,0,0.16
2026-09-06T13:19:16Z,558,CloudOS.SystemBroker,28268,True,15.63,2.47,4220.21,238,4,0,0.16
2026-09-06T13:20:16Z,559,CloudOS.SystemBroker,28268,True,15.81,2.53,4222.21,238,6,0,0.17
2026-09-06T13:21:16Z,560,CloudOS.SystemBroker,28268,True,15.81,2.53,4222.21,238,6,0,0.17
2026-09-06T13:22:16Z,561,CloudOS.SystemBroker,28268,True,15.78,2.47,4220.21,238,4,0,0.17
2026-09-06T13:23:16Z,562,CloudOS.SystemBroker,28268,True,15.78,2.47,4220.21,238,4,0,0.17
2026-09-06T13:24:16Z,563,CloudOS.SystemBroker,28268,True,15.78,2.47,4220.21,238,4,0,0.17
2026-09-06T13:25:16Z,564,CloudOS.SystemBroker,28268,True,15.81,2.53,4222.21,238,6,0,0.17
2026-09-06T13:26:16Z,565,CloudOS.SystemBroker,28268,True,15.81,2.53,4222.21,238,6,0,0.17
2026-09-06T13:27:16Z,566,CloudOS.SystemBroker,28268,True,15.78,2.47,4220.21,238,4,0,0.19
2026-09-06T13:28:16Z,567,CloudOS.SystemBroker,28268,True,15.78,2.47,4220.21,238,4,0,0.19
2026-09-06T13:29:17Z,568,CloudOS.SystemBroker,28268,True,15.8,2.5,4221.21,238,5,0,0.19
2026-09-06T13:30:17Z,569,CloudOS.SystemBroker,28268,True,15.78,2.47,4220.21,238,4,0,0.19
2026-09-06T13:31:17Z,570,CloudOS.SystemBroker,28268,True,15.78,2.47,4220.21,238,4,0,0.19
2026-09-06T13:32:17Z,571,CloudOS.SystemBroker,28268,True,15.76,2.47,4220.21,238,4,0,0.19
2026-09-06T13:33:17Z,572,CloudOS.SystemBroker,28268,True,15.76,2.47,4220.21,238,4,0,0.22
2026-09-06T13:34:17Z,573,CloudOS.SystemBroker,28268,True,15.89,2.47,4220.21,238,4,0,0.22
2026-09-06T13:35:17Z,574,NONE,0,False,0,0,0,0,0,0,0
2026-09-06T13:36:17Z,575,NONE,0,False,0,0,0,0,0,0,0
2026-09-06T13:37:17Z,576,NONE,0,False,0,0,0,0,0,0,0
2026-09-06T13:38:17Z,577,NONE,0,False,0,0,0,0,0,0,0
2026-09-06T13:39:17Z,578,NONE,0,False,0,0,0,0,0,0,0
2026-09-06T13:40:17Z,579,NONE,0,False,0,0,0,0,0,0,0
2026-09-06T13:41:17Z,580,NONE,0,False,0,0,0,0,0,0,0
2026-09-06T13:42:17Z,581,NONE,0,False,0,0,0,0,0,0,0
2026-09-06T13:43:17Z,582,NONE,0,False,0,0,0,0,0,0,0
2026-09-06T13:44:18Z,583,NONE,0,False,0,0,0,0,0,0,0
2026-09-06T13:45:18Z,584,NONE,0,False,0,0,0,0,0,0,0
2026-09-06T13:46:18Z,585,NONE,0,False,0,0,0,0,0,0,0
2026-09-06T13:47:18Z,586,NONE,0,False,0,0,0,0,0,0,0
2026-09-06T13:48:18Z,587,NONE,0,False,0,0,0,0,0,0,0
2026-09-06T13:49:18Z,588,NONE,0,False,0,0,0,0,0,0,0
2026-09-06T13:50:18Z,589,NONE,0,False,0,0,0,0,0,0,0
2026-09-06T13:51:18Z,590,NONE,0,False,0,0,0,0,0,0,0
2026-09-06T13:52:18Z,591,NONE,0,False,0,0,0,0,0,0,0
2026-09-06T13:53:18Z,592,NONE,0,False,0,0,0,0,0,0,0
2026-09-06T13:54:18Z,593,NONE,0,False,0,0,0,0,0,0,0
2026-09-06T13:55:18Z,594,NONE,0,False,0,0,0,0,0,0,0
2026-09-06T13:56:18Z,595,NONE,0,False,0,0,0,0,0,0,0
2026-09-06T13:57:18Z,596,NONE,0,False,0,0,0,0,0,0,0
2026-09-06T13:58:18Z,597,NONE,0,False,0,0,0,0,0,0,0
2026-09-06T13:59:18Z,598,NONE,0,False,0,0,0,0,0,0,0
2026-09-06T14:00:18Z,599,NONE,0,False,0,0,0,0,0,0,0
2026-09-06T14:01:18Z,600,NONE,0,False,0,0,0,0,0,0,0
2026-09-06T14:02:19Z,601,NONE,0,False,0,0,0,0,0,0,0
2026-09-06T14:03:19Z,602,NONE,0,False,0,0,0,0,0,0,0
2026-09-06T14:04:19Z,603,NONE,0,False,0,0,0,0,0,0,0
2026-09-06T14:05:19Z,604,NONE,0,False,0,0,0,0,0,0,0
2026-09-06T14:06:19Z,605,NONE,0,False,0,0,0,0,0,0,0
2026-09-06T14:07:19Z,606,NONE,0,False,0,0,0,0,0,0,0
2026-09-06T14:08:19Z,607,NONE,0,False,0,0,0,0,0,0,0
2026-09-06T14:09:19Z,608,NONE,0,False,0,0,0,0,0,0,0
2026-09-06T14:10:19Z,609,NONE,0,False,0,0,0,0,0,0,0
2026-09-06T14:11:19Z,610,NONE,0,False,0,0,0,0,0,0,0
2026-09-06T14:12:19Z,611,NONE,0,False,0,0,0,0,0,0,0
2026-09-06T14:13:19Z,612,NONE,0,False,0,0,0,0,0,0,0
2026-09-06T14:14:19Z,613,NONE,0,False,0,0,0,0,0,0,0
2026-09-06T14:15:19Z,614,NONE,0,False,0,0,0,0,0,0,0
2026-09-06T14:16:19Z,615,NONE,0,False,0,0,0,0,0,0,0
2026-09-06T14:17:19Z,616,NONE,0,False,0,0,0,0,0,0,0
2026-09-06T14:18:19Z,617,NONE,0,False,0,0,0,0,0,0,0
2026-09-06T14:19:20Z,618,NONE,0,False,0,0,0,0,0,0,0
2026-09-06T14:20:20Z,619,NONE,0,False,0,0,0,0,0,0,0
2026-09-06T14:21:20Z,620,CloudOS,22520,True,133.7,86.98,57813.83,799,19,0,5.03
2026-09-06T14:21:20Z,620,CloudOS.Supervisor,11784,True,7.12,1.32,4187.85,83,1,0,0.05
2026-09-06T14:21:20Z,620,CloudOS.SystemBroker,8048,True,16.16,2.88,4227.21,257,11,0,0.09
2026-09-06T14:21:20Z,620,cloudos_flutter_shell,19232,True,116.65,399.88,4876.95,448,51,0,2.17
2026-09-06T14:22:20Z,621,CloudOS,22520,True,133.6,86.84,57809.83,792,15,0,5.2
2026-09-06T14:22:20Z,621,CloudOS.Supervisor,11784,True,7.12,1.32,4187.85,83,1,0,0.06
2026-09-06T14:22:20Z,621,CloudOS.SystemBroker,8048,True,16.15,2.79,4224.21,255,8,0,0.3
2026-09-06T14:22:20Z,621,cloudos_flutter_shell,19232,True,120.52,403.8,4877.45,446,48,0,2.36
2026-09-06T14:23:20Z,622,CloudOS,22520,True,133.62,86.85,57809.83,789,15,0,5.44
2026-09-06T14:23:20Z,622,CloudOS.Supervisor,11784,True,7.12,1.32,4187.85,83,1,0,0.08
2026-09-06T14:23:20Z,622,CloudOS.SystemBroker,8048,True,16.07,2.66,4221.21,247,5,0,0.48
2026-09-06T14:23:20Z,622,cloudos_flutter_shell,19232,True,124.39,408.02,4879.45,444,46,0,2.64
2026-09-06T14:24:20Z,623,CloudOS,22520,True,133.62,86.85,57809.83,791,15,0,5.59
2026-09-06T14:24:20Z,623,CloudOS.Supervisor,11784,True,7.12,1.32,4187.85,83,1,0,0.08
2026-09-06T14:24:20Z,623,CloudOS.SystemBroker,8048,True,16.07,2.66,4221.21,247,5,0,0.75
2026-09-06T14:24:20Z,623,cloudos_flutter_shell,19232,True,129.88,413.33,4883.45,440,45,0,2.84
2026-09-06T14:25:20Z,624,CloudOS,22520,True,133.61,86.82,57808.83,785,14,0,5.78
2026-09-06T14:25:20Z,624,CloudOS.Supervisor,11784,True,7.12,1.32,4187.85,83,1,0,0.08
2026-09-06T14:25:20Z,624,CloudOS.SystemBroker,8048,True,16.07,2.66,4221.21,247,5,0,0.88
2026-09-06T14:25:20Z,624,cloudos_flutter_shell,19232,True,130.03,413.36,4884.45,440,46,0,3.22
2026-09-06T14:26:20Z,625,CloudOS,22520,True,133.45,86.85,57809.83,787,15,0,5.97
2026-09-06T14:26:20Z,625,CloudOS.Supervisor,11784,True,7.16,1.38,4189.85,83,3,0,0.08
2026-09-06T14:26:20Z,625,CloudOS.SystemBroker,8048,True,16.2,2.73,4223.21,247,7,0,1.05
2026-09-06T14:26:20Z,625,cloudos_flutter_shell,19232,True,126.58,413.68,4886.45,440,48,0,3.41
2026-09-06T14:27:20Z,626,CloudOS,22520,True,133.51,86.86,57809.83,791,15,0,6.11
2026-09-06T14:27:20Z,626,CloudOS.Supervisor,11784,True,7.16,1.38,4189.85,83,3,0,0.08
2026-09-06T14:27:20Z,626,CloudOS.SystemBroker,8048,True,16.2,2.73,4223.21,247,7,0,1.22
2026-09-06T14:27:20Z,626,cloudos_flutter_shell,19232,True,127.09,413.95,4886.45,447,48,0,3.53
2026-09-06T14:28:20Z,627,CloudOS,22520,True,133.49,86.83,57808.83,791,14,0,6.47
2026-09-06T14:28:20Z,627,CloudOS.Supervisor,11784,True,7.13,1.32,4187.85,83,1,0,0.08
2026-09-06T14:28:20Z,627,CloudOS.SystemBroker,8048,True,16.16,2.66,4221.21,247,5,0,1.36
2026-09-06T14:28:20Z,627,cloudos_flutter_shell,19232,True,126.17,412.62,4883.95,447,46,0,3.78
2026-09-06T14:29:20Z,628,CloudOS,22520,True,133.49,86.82,57808.83,789,14,0,6.62
2026-09-06T14:29:20Z,628,CloudOS.Supervisor,11784,True,7.13,1.32,4187.85,83,1,0,0.08
2026-09-06T14:29:20Z,628,CloudOS.SystemBroker,8048,True,16.16,2.66,4221.21,247,5,0,1.52
2026-09-06T14:29:20Z,628,cloudos_flutter_shell,19232,True,126.17,412.62,4883.95,443,46,0,3.91
2026-09-06T14:30:20Z,629,CloudOS,22520,True,133.49,86.82,57808.83,789,14,0,6.84
2026-09-06T14:30:20Z,629,CloudOS.Supervisor,11784,True,7.13,1.32,4187.85,83,1,0,0.08
2026-09-06T14:30:20Z,629,CloudOS.SystemBroker,8048,True,16.16,2.66,4221.21,247,5,0,1.67
2026-09-06T14:30:20Z,629,cloudos_flutter_shell,19232,True,126.17,412.62,4883.95,443,46,0,4
2026-09-06T14:31:20Z,630,CloudOS,22520,True,133.61,86.97,57811.83,791,17,0,7.03
2026-09-06T14:31:20Z,630,CloudOS.Supervisor,11784,True,7.14,1.34,4188.85,83,2,0,0.09
2026-09-06T14:31:20Z,630,CloudOS.SystemBroker,8048,True,16.2,2.72,4223.21,247,7,0,1.97
2026-09-06T14:31:20Z,630,cloudos_flutter_shell,19232,True,126.44,412.91,4884.95,443,47,0,4.17
2026-09-06T14:32:20Z,631,CloudOS,22520,True,133.57,86.88,57808.83,785,14,0,7.27
2026-09-06T14:32:20Z,631,CloudOS.Supervisor,11784,True,7.13,1.32,4187.85,83,1,0,0.11
2026-09-06T14:32:20Z,631,CloudOS.SystemBroker,8048,True,16.16,2.66,4221.21,247,5,0,2.19
2026-09-06T14:32:20Z,631,cloudos_flutter_shell,19232,True,126.85,413.41,4883.95,443,46,0,4.33
2026-09-06T14:33:21Z,632,CloudOS,22520,True,133.57,86.88,57808.83,787,14,0,7.5
2026-09-06T14:33:21Z,632,CloudOS.Supervisor,11784,True,7.13,1.32,4187.85,83,1,0,0.11
2026-09-06T14:33:21Z,632,CloudOS.SystemBroker,8048,True,16.16,2.66,4221.21,247,5,0,2.34
2026-09-06T14:33:21Z,632,cloudos_flutter_shell,19232,True,126.94,413.38,4882.95,443,45,0,4.53
2026-09-06T14:34:21Z,633,CloudOS,22520,True,133.57,86.88,57808.83,785,14,0,7.72
2026-09-06T14:34:21Z,633,CloudOS.Supervisor,11784,True,7.13,1.32,4187.85,83,1,0,0.11
2026-09-06T14:34:21Z,633,CloudOS.SystemBroker,8048,True,16.16,2.66,4221.21,247,5,0,2.47
2026-09-06T14:34:21Z,633,cloudos_flutter_shell,19232,True,126.95,413.41,4883.95,443,46,0,4.86
2026-09-06T14:35:21Z,634,CloudOS,22520,True,133.57,86.88,57808.83,787,14,0,8
2026-09-06T14:35:21Z,634,CloudOS.Supervisor,11784,True,7.13,1.32,4187.85,83,1,0,0.11
2026-09-06T14:35:21Z,634,CloudOS.SystemBroker,8048,True,16.16,2.66,4221.21,247,5,0,2.64
2026-09-06T14:35:21Z,634,cloudos_flutter_shell,19232,True,126.95,413.41,4883.95,443,46,0,5.06
2026-09-06T14:36:21Z,635,CloudOS,22520,True,133.57,86.88,57808.83,787,14,0,8.27
2026-09-06T14:36:21Z,635,CloudOS.Supervisor,11784,True,7.13,1.32,4187.85,83,1,0,0.11
2026-09-06T14:36:21Z,635,CloudOS.SystemBroker,8048,True,16.16,2.66,4221.21,247,5,0,2.75
2026-09-06T14:36:21Z,635,cloudos_flutter_shell,19232,True,126.95,413.41,4883.95,443,46,0,5.22
2026-09-06T14:37:21Z,636,CloudOS,22520,True,133.57,86.88,57808.83,787,14,0,8.45
2026-09-06T14:37:21Z,636,CloudOS.Supervisor,11784,True,7.13,1.32,4187.85,83,1,0,0.11
2026-09-06T14:37:21Z,636,CloudOS.SystemBroker,8048,True,16.16,2.66,4221.21,247,5,0,2.86
2026-09-06T14:37:21Z,636,cloudos_flutter_shell,19232,True,127.16,413.67,4883.95,443,46,0,5.36
2026-09-06T14:38:21Z,637,CloudOS,22520,True,133.57,86.88,57808.83,787,14,0,8.59
2026-09-06T14:38:21Z,637,CloudOS.Supervisor,11784,True,7.13,1.32,4187.85,83,1,0,0.12
2026-09-06T14:38:21Z,637,CloudOS.SystemBroker,8048,True,16.25,2.8,4221.21,247,5,0,2.98
2026-09-06T14:38:21Z,637,cloudos_flutter_shell,19232,True,127.2,413.67,4883.95,443,46,0,5.55
2026-09-06T14:39:21Z,638,CloudOS,22520,True,133.57,86.88,57808.83,787,14,0,8.73
2026-09-06T14:39:21Z,638,CloudOS.Supervisor,11784,True,7.13,1.32,4187.85,83,1,0,0.12
2026-09-06T14:39:21Z,638,CloudOS.SystemBroker,8048,True,16.25,2.8,4221.21,247,5,0,3.11
2026-09-06T14:39:21Z,638,cloudos_flutter_shell,19232,True,127.2,413.67,4883.95,443,46,0,5.77
2026-09-06T14:40:21Z,639,CloudOS,22520,True,133.57,86.88,57808.83,787,14,0,8.92
2026-09-06T14:40:21Z,639,CloudOS.Supervisor,11784,True,7.13,1.32,4187.85,83,1,0,0.16
2026-09-06T14:40:21Z,639,CloudOS.SystemBroker,8048,True,16.26,2.82,4222.21,247,6,0,3.3
2026-09-06T14:40:21Z,639,cloudos_flutter_shell,19232,True,127.2,413.67,4883.95,443,46,0,5.91
2026-09-06T14:41:21Z,640,CloudOS,22520,True,133.64,86.88,57808.83,785,14,0,9.19
2026-09-06T14:41:21Z,640,CloudOS.Supervisor,11784,True,7.13,1.32,4187.85,83,1,0,0.16
2026-09-06T14:41:21Z,640,CloudOS.SystemBroker,8048,True,16.25,2.8,4221.21,247,5,0,3.42
2026-09-06T14:41:21Z,640,cloudos_flutter_shell,19232,True,143.16,872.84,5348.54,492,50,0,6.86
2026-09-06T14:42:21Z,641,CloudOS,22520,True,133.5,86.97,57808.83,787,14,0,9.64
2026-09-06T14:42:21Z,641,CloudOS.Supervisor,11784,True,7.13,1.32,4187.85,83,1,0,0.17
2026-09-06T14:42:21Z,641,CloudOS.SystemBroker,8048,True,16.75,2.96,4223.96,255,7,0,3.67
2026-09-06T14:42:21Z,641,cloudos_flutter_shell,19232,True,156.59,595.25,5323.97,488,48,0,11.69
